--
-- File generated with SQLiteStudio v3.3.3 on segunda nov. 14 17:25:39 2022
--
-- Text encoding used: UTF-8
--
PRAGMA foreign_keys = off;
BEGIN TRANSACTION;

-- Table: Arbitro
CREATE TABLE Arbitro (id INTEGER PRIMARY KEY REFERENCES Pessoa (id) ON DELETE CASCADE ON UPDATE CASCADE, distrito VARCHAR);
INSERT INTO Arbitro (id, distrito) VALUES (209, 'Aveiro');
INSERT INTO Arbitro (id, distrito) VALUES (210, 'Leiria');
INSERT INTO Arbitro (id, distrito) VALUES (211, 'Viana do Castelo');
INSERT INTO Arbitro (id, distrito) VALUES (212, 'Porto');
INSERT INTO Arbitro (id, distrito) VALUES (213, 'Viseu');
INSERT INTO Arbitro (id, distrito) VALUES (214, 'Aveiro');
INSERT INTO Arbitro (id, distrito) VALUES (215, 'Lisboa');
INSERT INTO Arbitro (id, distrito) VALUES (216, 'Braga');
INSERT INTO Arbitro (id, distrito) VALUES (217, 'Coimbra');
INSERT INTO Arbitro (id, distrito) VALUES (218, 'Santarém');
INSERT INTO Arbitro (id, distrito) VALUES (219, 'Guarda');
INSERT INTO Arbitro (id, distrito) VALUES (220, 'Aveiro');
INSERT INTO Arbitro (id, distrito) VALUES (221, 'Porto');
INSERT INTO Arbitro (id, distrito) VALUES (224, 'Lisboa');

-- Table: Equipa
CREATE TABLE Equipa (nome VARCHAR PRIMARY KEY, email VARCHAR, telefone VARCHAR, morada VARCHAR);
INSERT INTO Equipa (nome, email, telefone, morada) VALUES ('Sporting', 'geral@futsalsporting.com', '245738293', 'Edifício Multidesportivo Açoreana Seguros Ap.4120');
INSERT INTO Equipa (nome, email, telefone, morada) VALUES ('Electrico FC', 'electricofutebolcl@sapo.pt', '242202420', 'Avenida General Humberto Delgado 7400-259 Ponte de Sor');
INSERT INTO Equipa (nome, email, telefone, morada) VALUES ('Benfica', 'geral@futsalbenfica.net', '255495901', 'Av. SEusébio da Silva Ferreira Apartado 4100 1501-805 Lisboa');
INSERT INTO Equipa (nome, email, telefone, morada) VALUES ('SC Ferreira do Zezere', 'scfz@gmail.com', '246374654', 'Rua Ferreira do Alentejo-Centro Municipal de Coletividades 2240-808 Ferreira do Zezere');
INSERT INTO Equipa (nome, email, telefone, morada) VALUES ('Leoes Porto Salvo', 'crlps@sapo.pt', '249394123', 'Rua Basílio Teles 2740-025 Porto Salvo');
INSERT INTO Equipa (nome, email, telefone, morada) VALUES ('Quinta dos Lombos', 'geral@crcquintalombos.net', '214587667', 'Rua das Túlipas 2775-690 Carcavelos Cascais');
INSERT INTO Equipa (nome, email, telefone, morada) VALUES ('SC Braga', 'geral@scbaaumfutsal.com', '214957362', 'Estádio Municipal de Braga 4711-909 Braga');
INSERT INTO Equipa (nome, email, telefone, morada) VALUES ('ADCR Caxinas Poça Barca', 'adcrcaxinas@sapo.pt', '253728765', 'Av. Dr.António Bento Martins Júnior 4480-802 Vila do Conde');
INSERT INTO Equipa (nome, email, telefone, morada) VALUES ('AD Fundao', 'futsaladf@gmail.com', '223848263', 'Rua João Franco 6230-363 Fundão');
INSERT INTO Equipa (nome, email, telefone, morada) VALUES ('CR Candoso', 'cluberecreativocandoso@gmail.com', '218273627', 'Rua São Martinho de Candoso 4835 - Guimarães');
INSERT INTO Equipa (nome, email, telefone, morada) VALUES ('Portimonense', 'secretaria@portimonense.pt', '247382736', 'Praça Manuel Teixeira Gomes 8500-542 Portimão');
INSERT INTO Equipa (nome, email, telefone, morada) VALUES ('FC Azemeis', 'futsalcazemeis@gmail.com', '29382729', 'Rua José Moreira Dias 3720-263');

-- Table: Estadio
CREATE TABLE Estadio (id INTEGER PRIMARY KEY, nome VARCHAR, pais VARCHAR, equipa VARCHAR REFERENCES Equipa (nome) ON DELETE CASCADE ON UPDATE CASCADE);
INSERT INTO Estadio (id, nome, pais, equipa) VALUES (1, 'Pavilhao Joao Rocha', 'Lisboa', 'Sporting');
INSERT INTO Estadio (id, nome, pais, equipa) VALUES (2, 'Pavilhao Gimnodesportivo de Ponte de Sor', 'Ponte de Sor', 'Electrico FC');
INSERT INTO Estadio (id, nome, pais, equipa) VALUES (3, 'Pavilhao Municipal de Ferreira do Zezere', 'Ferreira do Zezere', 'SC Ferreira do Zezere');
INSERT INTO Estadio (id, nome, pais, equipa) VALUES (4, 'Pavilhao Fidelidade', 'Lisboa', 'Benfica');
INSERT INTO Estadio (id, nome, pais, equipa) VALUES (5, 'Pavilhao dos Leoes de Porto Salvo', 'Oeiras', 'Leoes Porto Salvo');
INSERT INTO Estadio (id, nome, pais, equipa) VALUES (6, 'Pavilhao Desportivo dos Lombos', 'Lisboa', 'Quinta dos Lombos');
INSERT INTO Estadio (id, nome, pais, equipa) VALUES (9, 'Pavilhao Municipal do Fundao', 'Fundao', 'AD Fundao');
INSERT INTO Estadio (id, nome, pais, equipa) VALUES (10, 'Pavilhao Desporivo da Boavista', 'Portimao', 'Portimonense');
INSERT INTO Estadio (id, nome, pais, equipa) VALUES (11, 'Pavilhao Desportivo do CR Candoso', 'Guimaraes', 'CR Candoso');

-- Table: GoloMarcado
CREATE TABLE GoloMarcado (idGolo INTEGER PRIMARY KEY, minuto INTEGER, idJogador INTEGER REFERENCES Jogador (id) ON DELETE NO ACTION ON UPDATE NO ACTION, idJogo REFERENCES Jogo (id) ON DELETE CASCADE ON UPDATE CASCADE);

-- Table: Jogador
CREATE TABLE Jogador (id PRIMARY KEY REFERENCES Pessoa (id), numeroCamisola INTEGER CHECK (1 < numeroCamisola < 99), equipa VARCHAR REFERENCES Equipa (nome) ON DELETE CASCADE ON UPDATE CASCADE NOT NULL, posicao VARCHAR);
INSERT INTO Jogador (id, numeroCamisola, equipa, posicao) VALUES ('13', 1, 'Sporting', 'Guarda-Redes');
INSERT INTO Jogador (id, numeroCamisola, equipa, posicao) VALUES ('14', 14, 'Sporting', 'Guarda-Redes');
INSERT INTO Jogador (id, numeroCamisola, equipa, posicao) VALUES ('15', 16, 'Sporting', 'Guarda-Redes');
INSERT INTO Jogador (id, numeroCamisola, equipa, posicao) VALUES ('16', 4, 'Sporting', 'Fixo');
INSERT INTO Jogador (id, numeroCamisola, equipa, posicao) VALUES ('17', 8, 'Sporting', 'Fixo');
INSERT INTO Jogador (id, numeroCamisola, equipa, posicao) VALUES ('18', 9, 'Sporting', 'Fixo');
INSERT INTO Jogador (id, numeroCamisola, equipa, posicao) VALUES ('19', 13, 'Sporting', 'Universal');
INSERT INTO Jogador (id, numeroCamisola, equipa, posicao) VALUES ('20', 3, 'Sporting', 'Ala');
INSERT INTO Jogador (id, numeroCamisola, equipa, posicao) VALUES ('21', 10, 'Sporting', 'Ala');
INSERT INTO Jogador (id, numeroCamisola, equipa, posicao) VALUES ('22', 17, 'Sporting', 'Ala');
INSERT INTO Jogador (id, numeroCamisola, equipa, posicao) VALUES ('23', 18, 'Sporting', 'Ala');
INSERT INTO Jogador (id, numeroCamisola, equipa, posicao) VALUES ('24', 20, 'Sporting', 'Ala');
INSERT INTO Jogador (id, numeroCamisola, equipa, posicao) VALUES ('25', 29, 'Sporting', 'Ala');
INSERT INTO Jogador (id, numeroCamisola, equipa, posicao) VALUES ('26', 6, 'Sporting', 'Pivot');
INSERT INTO Jogador (id, numeroCamisola, equipa, posicao) VALUES ('27', 7, 'Sporting', 'Pivot');
INSERT INTO Jogador (id, numeroCamisola, equipa, posicao) VALUES ('28', 44, 'Sporting', 'Pivot');
INSERT INTO Jogador (id, numeroCamisola, equipa, posicao) VALUES ('29', 30, 'Electrico FC', 'Guarda-Redes');
INSERT INTO Jogador (id, numeroCamisola, equipa, posicao) VALUES ('31', 19, 'Electrico FC', 'Fixo');
INSERT INTO Jogador (id, numeroCamisola, equipa, posicao) VALUES ('32', 29, 'Electrico FC', 'Fixo');
INSERT INTO Jogador (id, numeroCamisola, equipa, posicao) VALUES ('33', 96, 'Electrico FC', 'Fixo');
INSERT INTO Jogador (id, numeroCamisola, equipa, posicao) VALUES ('34', 2, 'Electrico FC', 'Ala');
INSERT INTO Jogador (id, numeroCamisola, equipa, posicao) VALUES ('35', 6, 'Electrico FC', 'Ala');
INSERT INTO Jogador (id, numeroCamisola, equipa, posicao) VALUES ('36', 7, 'Electrico FC', 'Ala');
INSERT INTO Jogador (id, numeroCamisola, equipa, posicao) VALUES ('38', 10, 'Electrico FC', 'Ala');
INSERT INTO Jogador (id, numeroCamisola, equipa, posicao) VALUES ('39', 90, 'Electrico FC', 'Ala');
INSERT INTO Jogador (id, numeroCamisola, equipa, posicao) VALUES ('40', 20, 'Electrico FC', 'Ala');
INSERT INTO Jogador (id, numeroCamisola, equipa, posicao) VALUES ('41', 9, 'Electrico FC', 'Pivot');
INSERT INTO Jogador (id, numeroCamisola, equipa, posicao) VALUES ('42', 77, 'Electrico FC', 'Pivot');
INSERT INTO Jogador (id, numeroCamisola, equipa, posicao) VALUES ('59', 12, 'Benfica', 'Guarda-Redes');
INSERT INTO Jogador (id, numeroCamisola, equipa, posicao) VALUES ('60', 22, 'Benfica', 'Guarda-Redes');
INSERT INTO Jogador (id, numeroCamisola, equipa, posicao) VALUES ('61', 3, 'Benfica', 'Fixo');
INSERT INTO Jogador (id, numeroCamisola, equipa, posicao) VALUES ('62', 4, 'Benfica', 'Fixo');
INSERT INTO Jogador (id, numeroCamisola, equipa, posicao) VALUES ('63', 8, 'Benfica', 'Fixo');
INSERT INTO Jogador (id, numeroCamisola, equipa, posicao) VALUES ('64', 9, 'Benfica', 'Fixo');
INSERT INTO Jogador (id, numeroCamisola, equipa, posicao) VALUES ('65', 2, 'Benfica', 'Ala');
INSERT INTO Jogador (id, numeroCamisola, equipa, posicao) VALUES ('66', 7, 'Benfica', 'Ala');
INSERT INTO Jogador (id, numeroCamisola, equipa, posicao) VALUES ('67', 10, 'Benfica', 'Ala');
INSERT INTO Jogador (id, numeroCamisola, equipa, posicao) VALUES ('68', 11, 'Benfica', 'Ala');
INSERT INTO Jogador (id, numeroCamisola, equipa, posicao) VALUES ('69', 16, 'Benfica', 'Ala');
INSERT INTO Jogador (id, numeroCamisola, equipa, posicao) VALUES ('70', 17, 'Benfica', 'Ala');
INSERT INTO Jogador (id, numeroCamisola, equipa, posicao) VALUES ('71', 18, 'Benfica', 'Ala');
INSERT INTO Jogador (id, numeroCamisola, equipa, posicao) VALUES ('72', 19, 'Benfica', 'Ala');
INSERT INTO Jogador (id, numeroCamisola, equipa, posicao) VALUES ('73', 13, 'Benfica', 'Ala');
INSERT INTO Jogador (id, numeroCamisola, equipa, posicao) VALUES ('74', 20, 'Benfica', 'Pivot');
INSERT INTO Jogador (id, numeroCamisola, equipa, posicao) VALUES ('75', 70, 'Benfica', 'Pivot');
INSERT INTO Jogador (id, numeroCamisola, equipa, posicao) VALUES ('76', 99, 'Benfica', 'Pivot');
INSERT INTO Jogador (id, numeroCamisola, equipa, posicao) VALUES ('77', 1, 'Leoes Porto Salvo', 'Guarda-Redes');
INSERT INTO Jogador (id, numeroCamisola, equipa, posicao) VALUES ('78', 24, 'Leoes Porto Salvo', 'Guarda-Redes');
INSERT INTO Jogador (id, numeroCamisola, equipa, posicao) VALUES ('79', 42, 'Leoes Porto Salvo', 'Guarda-Redes');
INSERT INTO Jogador (id, numeroCamisola, equipa, posicao) VALUES ('80', 92, 'Leoes Porto Salvo', 'Fixo');
INSERT INTO Jogador (id, numeroCamisola, equipa, posicao) VALUES ('81', 6, 'Leoes Porto Salvo', 'Fixo');
INSERT INTO Jogador (id, numeroCamisola, equipa, posicao) VALUES ('82', 8, 'Leoes Porto Salvo', 'Fixo');
INSERT INTO Jogador (id, numeroCamisola, equipa, posicao) VALUES ('83', 13, 'Leoes Porto Salvo', 'Universal');
INSERT INTO Jogador (id, numeroCamisola, equipa, posicao) VALUES ('84', 7, 'Leoes Porto Salvo', 'Ala');
INSERT INTO Jogador (id, numeroCamisola, equipa, posicao) VALUES ('85', 10, 'Leoes Porto Salvo', 'Ala');
INSERT INTO Jogador (id, numeroCamisola, equipa, posicao) VALUES ('86', 12, 'Leoes Porto Salvo', 'Ala');
INSERT INTO Jogador (id, numeroCamisola, equipa, posicao) VALUES ('87', 14, 'Leoes Porto Salvo', 'Ala');
INSERT INTO Jogador (id, numeroCamisola, equipa, posicao) VALUES ('88', 41, 'Leoes Porto Salvo', 'Ala');
INSERT INTO Jogador (id, numeroCamisola, equipa, posicao) VALUES ('89', 50, 'Leoes Porto Salvo', 'Ala');
INSERT INTO Jogador (id, numeroCamisola, equipa, posicao) VALUES ('90', 18, 'Leoes Porto Salvo', 'Ala');
INSERT INTO Jogador (id, numeroCamisola, equipa, posicao) VALUES ('91', 43, 'Leoes Porto Salvo', 'Pivot');
INSERT INTO Jogador (id, numeroCamisola, equipa, posicao) VALUES ('92', 27, 'Leoes Porto Salvo', 'Pivot');
INSERT INTO Jogador (id, numeroCamisola, equipa, posicao) VALUES ('93', 77, 'Leoes Porto Salvo', 'Pivot');
INSERT INTO Jogador (id, numeroCamisola, equipa, posicao) VALUES ('94', 13, 'Quinta dos Lombos', 'Guarda-Redes');
INSERT INTO Jogador (id, numeroCamisola, equipa, posicao) VALUES ('95', 25, 'Quinta dos Lombos', 'Guarda-Redes');
INSERT INTO Jogador (id, numeroCamisola, equipa, posicao) VALUES ('96', 22, 'Quinta dos Lombos', 'Guarda-Redes');
INSERT INTO Jogador (id, numeroCamisola, equipa, posicao) VALUES ('97', 6, 'Quinta dos Lombos', 'Fixo');
INSERT INTO Jogador (id, numeroCamisola, equipa, posicao) VALUES ('98', 8, 'Quinta dos Lombos', 'Fixo');
INSERT INTO Jogador (id, numeroCamisola, equipa, posicao) VALUES ('99', 23, 'Quinta dos Lombos', 'Fixo');
INSERT INTO Jogador (id, numeroCamisola, equipa, posicao) VALUES ('100', 33, 'Quinta dos Lombos', 'Fixo');
INSERT INTO Jogador (id, numeroCamisola, equipa, posicao) VALUES ('101', 7, 'Quinta dos Lombos', 'Ala');
INSERT INTO Jogador (id, numeroCamisola, equipa, posicao) VALUES ('102', 9, 'Quinta dos Lombos', 'Ala');
INSERT INTO Jogador (id, numeroCamisola, equipa, posicao) VALUES ('103', 10, 'Quinta dos Lombos', 'Ala');
INSERT INTO Jogador (id, numeroCamisola, equipa, posicao) VALUES ('104', 11, 'Quinta dos Lombos', 'Ala');
INSERT INTO Jogador (id, numeroCamisola, equipa, posicao) VALUES ('105', 19, 'Quinta dos Lombos', 'Ala');
INSERT INTO Jogador (id, numeroCamisola, equipa, posicao) VALUES ('106', 20, 'Quinta dos Lombos', 'Ala');
INSERT INTO Jogador (id, numeroCamisola, equipa, posicao) VALUES ('107', 14, 'Quinta dos Lombos', 'Pivot');
INSERT INTO Jogador (id, numeroCamisola, equipa, posicao) VALUES ('108', 17, 'Quinta dos Lombos', 'Pivot');
INSERT INTO Jogador (id, numeroCamisola, equipa, posicao) VALUES ('109', 18, 'Quinta dos Lombos', 'Pivot');
INSERT INTO Jogador (id, numeroCamisola, equipa, posicao) VALUES ('110', 1, 'SC Braga', 'Guarda-Redes');
INSERT INTO Jogador (id, numeroCamisola, equipa, posicao) VALUES ('111', 21, 'SC Braga', 'Guarda-Redes');
INSERT INTO Jogador (id, numeroCamisola, equipa, posicao) VALUES ('112', 32, 'SC Braga', 'Guarda-Redes');
INSERT INTO Jogador (id, numeroCamisola, equipa, posicao) VALUES ('113', 3, 'SC Braga', 'Fixo');
INSERT INTO Jogador (id, numeroCamisola, equipa, posicao) VALUES ('114', 9, 'SC Braga', 'Fixo');
INSERT INTO Jogador (id, numeroCamisola, equipa, posicao) VALUES ('115', 5, 'SC Braga', 'Universal');
INSERT INTO Jogador (id, numeroCamisola, equipa, posicao) VALUES ('116', 6, 'SC Braga', 'Ala');
INSERT INTO Jogador (id, numeroCamisola, equipa, posicao) VALUES ('117', 8, 'SC Braga', 'Ala');
INSERT INTO Jogador (id, numeroCamisola, equipa, posicao) VALUES ('118', 10, 'SC Braga', 'Ala');
INSERT INTO Jogador (id, numeroCamisola, equipa, posicao) VALUES ('119', 12, 'SC Braga', 'Ala');
INSERT INTO Jogador (id, numeroCamisola, equipa, posicao) VALUES ('120', 30, 'SC Braga', 'Ala');
INSERT INTO Jogador (id, numeroCamisola, equipa, posicao) VALUES ('121', 33, 'SC Braga', 'Ala');
INSERT INTO Jogador (id, numeroCamisola, equipa, posicao) VALUES ('122', 71, 'SC Braga', 'Ala');
INSERT INTO Jogador (id, numeroCamisola, equipa, posicao) VALUES ('123', 14, 'SC Braga', 'Ala');
INSERT INTO Jogador (id, numeroCamisola, equipa, posicao) VALUES ('124', 11, 'SC Braga', 'Pivot');
INSERT INTO Jogador (id, numeroCamisola, equipa, posicao) VALUES ('125', 19, 'SC Braga', 'Pivot');
INSERT INTO Jogador (id, numeroCamisola, equipa, posicao) VALUES ('126', 99, 'SC Braga', 'Pivot');
INSERT INTO Jogador (id, numeroCamisola, equipa, posicao) VALUES ('127', 1, 'ADCR Caxinas Poça Barca', 'Guarda-Redes');
INSERT INTO Jogador (id, numeroCamisola, equipa, posicao) VALUES ('128', 12, 'ADCR Caxinas Poça Barca', 'Guarda-Redes');
INSERT INTO Jogador (id, numeroCamisola, equipa, posicao) VALUES ('129', 21, 'ADCR Caxinas Poça Barca', 'Guarda-Redes');
INSERT INTO Jogador (id, numeroCamisola, equipa, posicao) VALUES ('130', 33, 'ADCR Caxinas Poça Barca', 'Guarda-Redes');
INSERT INTO Jogador (id, numeroCamisola, equipa, posicao) VALUES ('131', 4, 'ADCR Caxinas Poça Barca', 'Fixo');
INSERT INTO Jogador (id, numeroCamisola, equipa, posicao) VALUES ('132', 5, 'ADCR Caxinas Poça Barca', 'Fixo');
INSERT INTO Jogador (id, numeroCamisola, equipa, posicao) VALUES ('133', 8, 'ADCR Caxinas Poça Barca', 'Ala');
INSERT INTO Jogador (id, numeroCamisola, equipa, posicao) VALUES ('134', 10, 'ADCR Caxinas Poça Barca', 'Ala');
INSERT INTO Jogador (id, numeroCamisola, equipa, posicao) VALUES ('135', 11, 'ADCR Caxinas Poça Barca', 'Ala');
INSERT INTO Jogador (id, numeroCamisola, equipa, posicao) VALUES ('136', 14, 'ADCR Caxinas Poça Barca', 'Ala');
INSERT INTO Jogador (id, numeroCamisola, equipa, posicao) VALUES ('137', 17, 'ADCR Caxinas Poça Barca', 'Ala');
INSERT INTO Jogador (id, numeroCamisola, equipa, posicao) VALUES ('138', 25, 'ADCR Caxinas Poça Barca', 'Ala');
INSERT INTO Jogador (id, numeroCamisola, equipa, posicao) VALUES ('139', 60, 'ADCR Caxinas Poça Barca', 'Ala');
INSERT INTO Jogador (id, numeroCamisola, equipa, posicao) VALUES ('140', 7, 'ADCR Caxinas Poça Barca', 'Pivot');
INSERT INTO Jogador (id, numeroCamisola, equipa, posicao) VALUES ('141', 9, 'ADCR Caxinas Poça Barca', 'Pivot');
INSERT INTO Jogador (id, numeroCamisola, equipa, posicao) VALUES ('142', 13, 'ADCR Caxinas Poça Barca', 'Pivot');
INSERT INTO Jogador (id, numeroCamisola, equipa, posicao) VALUES ('143', 22, 'ADCR Caxinas Poça Barca', 'Pivot');
INSERT INTO Jogador (id, numeroCamisola, equipa, posicao) VALUES ('144', 2, 'AD Fundao', 'Guarda-Redes');
INSERT INTO Jogador (id, numeroCamisola, equipa, posicao) VALUES ('145', 31, 'AD Fundao', 'Guarda-Redes');
INSERT INTO Jogador (id, numeroCamisola, equipa, posicao) VALUES ('146', 92, 'AD Fundao', 'Guarda-Redes');
INSERT INTO Jogador (id, numeroCamisola, equipa, posicao) VALUES ('147', 6, 'AD Fundao', 'Fixo');
INSERT INTO Jogador (id, numeroCamisola, equipa, posicao) VALUES ('148', 10, 'AD Fundao', 'Fixo');
INSERT INTO Jogador (id, numeroCamisola, equipa, posicao) VALUES ('149', 14, 'AD Fundao', 'Fixo');
INSERT INTO Jogador (id, numeroCamisola, equipa, posicao) VALUES ('150', 18, 'AD Fundao', 'Fixo');
INSERT INTO Jogador (id, numeroCamisola, equipa, posicao) VALUES ('151', 8, 'AD Fundao', 'Ala');
INSERT INTO Jogador (id, numeroCamisola, equipa, posicao) VALUES ('152', 11, 'AD Fundao', 'Ala');
INSERT INTO Jogador (id, numeroCamisola, equipa, posicao) VALUES ('153', 13, 'AD Fundao', 'Ala');
INSERT INTO Jogador (id, numeroCamisola, equipa, posicao) VALUES ('154', 17, 'AD Fundao', 'Ala');
INSERT INTO Jogador (id, numeroCamisola, equipa, posicao) VALUES ('155', 80, 'AD Fundao', 'Ala');
INSERT INTO Jogador (id, numeroCamisola, equipa, posicao) VALUES ('156', 38, 'AD Fundao', 'Pivot');
INSERT INTO Jogador (id, numeroCamisola, equipa, posicao) VALUES ('157', 97, 'AD Fundao', 'Pivot');
INSERT INTO Jogador (id, numeroCamisola, equipa, posicao) VALUES ('158', 3, 'Portimonense', 'Guarda-Redes');
INSERT INTO Jogador (id, numeroCamisola, equipa, posicao) VALUES ('159', 19, 'Portimonense', 'Guarda-Redes');
INSERT INTO Jogador (id, numeroCamisola, equipa, posicao) VALUES ('160', 20, 'Portimonense', 'Guarda-Redes');
INSERT INTO Jogador (id, numeroCamisola, equipa, posicao) VALUES ('161', 6, 'Portimonense', 'Fixo');
INSERT INTO Jogador (id, numeroCamisola, equipa, posicao) VALUES ('162', 15, 'Portimonense', 'Fixo');
INSERT INTO Jogador (id, numeroCamisola, equipa, posicao) VALUES ('163', 88, 'Portimonense', 'Fixo');
INSERT INTO Jogador (id, numeroCamisola, equipa, posicao) VALUES ('164', 25, 'Portimonense', 'Fixo');
INSERT INTO Jogador (id, numeroCamisola, equipa, posicao) VALUES ('165', 5, 'Portimonense', 'Universal');
INSERT INTO Jogador (id, numeroCamisola, equipa, posicao) VALUES ('166', 55, 'Portimonense', 'Universal');
INSERT INTO Jogador (id, numeroCamisola, equipa, posicao) VALUES ('167', 8, 'Portimonense', 'Ala');
INSERT INTO Jogador (id, numeroCamisola, equipa, posicao) VALUES ('168', 9, 'Portimonense', 'Ala');
INSERT INTO Jogador (id, numeroCamisola, equipa, posicao) VALUES ('169', 11, 'Portimonense', 'Ala');
INSERT INTO Jogador (id, numeroCamisola, equipa, posicao) VALUES ('170', 12, 'Portimonense', 'Ala');
INSERT INTO Jogador (id, numeroCamisola, equipa, posicao) VALUES ('171', 60, 'Portimonense', 'Ala');
INSERT INTO Jogador (id, numeroCamisola, equipa, posicao) VALUES ('172', 7, 'Portimonense', 'Pivot');
INSERT INTO Jogador (id, numeroCamisola, equipa, posicao) VALUES ('173', 10, 'Portimonense', 'Pivot');
INSERT INTO Jogador (id, numeroCamisola, equipa, posicao) VALUES ('174', 1, 'CR Candoso', 'Guarda-Redes');
INSERT INTO Jogador (id, numeroCamisola, equipa, posicao) VALUES ('175', 15, 'CR Candoso', 'Guarda-Redes');
INSERT INTO Jogador (id, numeroCamisola, equipa, posicao) VALUES ('176', 21, 'CR Candoso', 'Guarda-Redes');
INSERT INTO Jogador (id, numeroCamisola, equipa, posicao) VALUES ('177', 24, 'CR Candoso', 'Guarda-Redes');
INSERT INTO Jogador (id, numeroCamisola, equipa, posicao) VALUES ('178', 13, 'CR Candoso', 'Fixo');
INSERT INTO Jogador (id, numeroCamisola, equipa, posicao) VALUES ('179', 19, 'CR Candoso', 'Fixo');
INSERT INTO Jogador (id, numeroCamisola, equipa, posicao) VALUES ('180', 21, 'CR Candoso', 'Fixo');
INSERT INTO Jogador (id, numeroCamisola, equipa, posicao) VALUES ('181', 58, 'CR Candoso', 'Fixo');
INSERT INTO Jogador (id, numeroCamisola, equipa, posicao) VALUES ('182', 20, 'CR Candoso', 'Universal');
INSERT INTO Jogador (id, numeroCamisola, equipa, posicao) VALUES ('183', 22, 'CR Candoso', 'Universal');
INSERT INTO Jogador (id, numeroCamisola, equipa, posicao) VALUES ('184', 8, 'CR Candoso', 'Ala');
INSERT INTO Jogador (id, numeroCamisola, equipa, posicao) VALUES ('185', 9, 'CR Candoso', 'Ala');
INSERT INTO Jogador (id, numeroCamisola, equipa, posicao) VALUES ('186', 10, 'CR Candoso', 'Ala');
INSERT INTO Jogador (id, numeroCamisola, equipa, posicao) VALUES ('187', 17, 'CR Candoso', 'Ala');
INSERT INTO Jogador (id, numeroCamisola, equipa, posicao) VALUES ('188', 18, 'CR Candoso', 'Ala');
INSERT INTO Jogador (id, numeroCamisola, equipa, posicao) VALUES ('190', 12, 'CR Candoso', 'Ala');
INSERT INTO Jogador (id, numeroCamisola, equipa, posicao) VALUES ('191', 14, 'CR Candoso', 'Pivot');
INSERT INTO Jogador (id, numeroCamisola, equipa, posicao) VALUES ('192', 25, 'CR Candoso', 'Pivot');
INSERT INTO Jogador (id, numeroCamisola, equipa, posicao) VALUES ('193', 1, 'FC Azemeis', 'Guarda-Redes');
INSERT INTO Jogador (id, numeroCamisola, equipa, posicao) VALUES ('194', 28, 'FC Azemeis', 'Guarda-Redes');
INSERT INTO Jogador (id, numeroCamisola, equipa, posicao) VALUES ('195', 13, 'FC Azemeis', 'Guarda-Redes');
INSERT INTO Jogador (id, numeroCamisola, equipa, posicao) VALUES ('196', 16, 'FC Azemeis', 'Guarda-Redes');
INSERT INTO Jogador (id, numeroCamisola, equipa, posicao) VALUES ('197', 6, 'FC Azemeis', 'Fixo');
INSERT INTO Jogador (id, numeroCamisola, equipa, posicao) VALUES ('198', 8, 'FC Azemeis', 'Fixo');
INSERT INTO Jogador (id, numeroCamisola, equipa, posicao) VALUES ('199', 14, 'FC Azemeis', 'Universal');
INSERT INTO Jogador (id, numeroCamisola, equipa, posicao) VALUES ('200', 29, 'FC Azemeis', 'Universal');
INSERT INTO Jogador (id, numeroCamisola, equipa, posicao) VALUES ('201', 2, 'FC Azemeis', 'Ala');
INSERT INTO Jogador (id, numeroCamisola, equipa, posicao) VALUES ('202', 5, 'FC Azemeis', 'Ala');
INSERT INTO Jogador (id, numeroCamisola, equipa, posicao) VALUES ('203', 11, 'FC Azemeis', 'Ala');
INSERT INTO Jogador (id, numeroCamisola, equipa, posicao) VALUES ('204', 12, 'FC Azemeis', 'Ala');
INSERT INTO Jogador (id, numeroCamisola, equipa, posicao) VALUES ('205', 14, 'FC Azemeis', 'Ala');
INSERT INTO Jogador (id, numeroCamisola, equipa, posicao) VALUES ('206', 17, 'FC Azemeis', 'Ala');
INSERT INTO Jogador (id, numeroCamisola, equipa, posicao) VALUES ('207', 9, 'FC Azemeis', 'Pivot');
INSERT INTO Jogador (id, numeroCamisola, equipa, posicao) VALUES ('208', 10, 'FC Azemeis', 'Pivot');

-- Table: JogadorJogo
CREATE TABLE JogadorJogo (idJogador REFERENCES Pessoa (id) ON DELETE CASCADE ON UPDATE CASCADE, idJogo REFERENCES Jogo (id) ON DELETE CASCADE ON UPDATE CASCADE);

-- Table: Jogo
CREATE TABLE Jogo (id INTEGER PRIMARY KEY, data DATE, golosMarcadosVisitante INTEGER, golosMarcadosVisitado INTEGER, resultado VARCHAR, fase VARCHAR, nomeEquipaVisitante VARCHAR REFERENCES Equipa (nome) ON DELETE NO ACTION ON UPDATE NO ACTION, nomeEquipaVisitado VARCHAR REFERENCES Equipa (nome) ON DELETE NO ACTION ON UPDATE NO ACTION, arbitro INTEGER REFERENCES Arbitro (id) ON DELETE CASCADE ON UPDATE CASCADE);

-- Table: Jornada
CREATE TABLE Jornada (numero INTEGER PRIMARY KEY, dataInicio DATE, dataFim DATE);

-- Table: Pessoa
CREATE TABLE Pessoa (id INTEGER PRIMARY KEY, primeiroNome VARCHAR, segundoNome VARCHAR, idade INTEGER, nacionalidade VARCHAR);
INSERT INTO Pessoa (id, primeiroNome, segundoNome, idade, nacionalidade) VALUES (1, 'Nuno', 'Dias', 49, 'Portugal');
INSERT INTO Pessoa (id, primeiroNome, segundoNome, idade, nacionalidade) VALUES (2, 'João', 'Pinto', 53, 'Portugal');
INSERT INTO Pessoa (id, primeiroNome, segundoNome, idade, nacionalidade) VALUES (3, 'Rogério', 'Serrador', 40, 'Portugal');
INSERT INTO Pessoa (id, primeiroNome, segundoNome, idade, nacionalidade) VALUES (4, 'José', 'Méndez', 48, 'Espanha');
INSERT INTO Pessoa (id, primeiroNome, segundoNome, idade, nacionalidade) VALUES (5, 'Mário', 'Silva', 41, 'Portugal');
INSERT INTO Pessoa (id, primeiroNome, segundoNome, idade, nacionalidade) VALUES (6, 'Jorge', 'Monteiro', 51, 'Portugal');
INSERT INTO Pessoa (id, primeiroNome, segundoNome, idade, nacionalidade) VALUES (7, 'Joel', 'Rocha', 41, 'Portugal');
INSERT INTO Pessoa (id, primeiroNome, segundoNome, idade, nacionalidade) VALUES (8, 'Nuno', 'Silva', 39, 'Portugal');
INSERT INTO Pessoa (id, primeiroNome, segundoNome, idade, nacionalidade) VALUES (9, 'Nuno', 'Couto', 38, 'Portugal');
INSERT INTO Pessoa (id, primeiroNome, segundoNome, idade, nacionalidade) VALUES (10, 'Pedro', 'Moreira', 44, 'Portugal');
INSERT INTO Pessoa (id, primeiroNome, segundoNome, idade, nacionalidade) VALUES (11, 'Henrique', 'Passos', 60, 'Portugal');
INSERT INTO Pessoa (id, primeiroNome, segundoNome, idade, nacionalidade) VALUES (12, 'André', 'Martins', 40, 'Portugal');
INSERT INTO Pessoa (id, primeiroNome, segundoNome, idade, nacionalidade) VALUES (13, 'Gonçalo', 'Portugal', 30, 'Portugal');
INSERT INTO Pessoa (id, primeiroNome, segundoNome, idade, nacionalidade) VALUES (14, 'Guita', ' ', 35, 'Portugal');
INSERT INTO Pessoa (id, primeiroNome, segundoNome, idade, nacionalidade) VALUES (15, 'Bernardo', 'Paçó', 22, 'Portugal');
INSERT INTO Pessoa (id, primeiroNome, segundoNome, idade, nacionalidade) VALUES (16, 'Tomás', 'Paçó', 22, 'Portugal');
INSERT INTO Pessoa (id, primeiroNome, segundoNome, idade, nacionalidade) VALUES (17, 'Erick', 'Mendonça', 27, 'Portugal');
INSERT INTO Pessoa (id, primeiroNome, segundoNome, idade, nacionalidade) VALUES (18, 'João', 'Matos', 35, 'Portugal');
INSERT INTO Pessoa (id, primeiroNome, segundoNome, idade, nacionalidade) VALUES (19, 'Anton', 'Sokolov', 23, 'Russia');
INSERT INTO Pessoa (id, primeiroNome, segundoNome, idade, nacionalidade) VALUES (20, 'Diogo', 'Santos', 20, 'Portugal');
INSERT INTO Pessoa (id, primeiroNome, segundoNome, idade, nacionalidade) VALUES (21, 'Pauleta', ' ', 28, 'Portugal');
INSERT INTO Pessoa (id, primeiroNome, segundoNome, idade, nacionalidade) VALUES (22, 'Diego', 'Cavinato', 37, 'Itália');
INSERT INTO Pessoa (id, primeiroNome, segundoNome, idade, nacionalidade) VALUES (23, 'Pany', 'Varela', 33, 'Portugal');
INSERT INTO Pessoa (id, primeiroNome, segundoNome, idade, nacionalidade) VALUES (24, 'Miguel', 'Ângelo', 28, 'Portugal');
INSERT INTO Pessoa (id, primeiroNome, segundoNome, idade, nacionalidade) VALUES (25, 'Alex', 'Merlim', 36, 'Itália');
INSERT INTO Pessoa (id, primeiroNome, segundoNome, idade, nacionalidade) VALUES (26, 'Zicky', 'Té', 21, 'Portugal');
INSERT INTO Pessoa (id, primeiroNome, segundoNome, idade, nacionalidade) VALUES (27, 'Hugo', 'Neves', 22, 'Portugal');
INSERT INTO Pessoa (id, primeiroNome, segundoNome, idade, nacionalidade) VALUES (28, 'Esteban', 'Guerrero', 27, 'Espanha');
INSERT INTO Pessoa (id, primeiroNome, segundoNome, idade, nacionalidade) VALUES (29, 'João', 'Silva', 30, 'Portugal');
INSERT INTO Pessoa (id, primeiroNome, segundoNome, idade, nacionalidade) VALUES (30, 'Diogo', 'Basílio', 26, 'Portugal');
INSERT INTO Pessoa (id, primeiroNome, segundoNome, idade, nacionalidade) VALUES (31, 'Ferrugem', ' ', 34, 'Brasil');
INSERT INTO Pessoa (id, primeiroNome, segundoNome, idade, nacionalidade) VALUES (32, 'Peixinho', ' ', 21, 'Portugal');
INSERT INTO Pessoa (id, primeiroNome, segundoNome, idade, nacionalidade) VALUES (33, 'Diogo', 'Soares', 20, 'Portugal');
INSERT INTO Pessoa (id, primeiroNome, segundoNome, idade, nacionalidade) VALUES (34, 'Ygor', 'Mota', 26, 'Brasil');
INSERT INTO Pessoa (id, primeiroNome, segundoNome, idade, nacionalidade) VALUES (35, 'Rúben', 'Freire', 24, 'Portugal');
INSERT INTO Pessoa (id, primeiroNome, segundoNome, idade, nacionalidade) VALUES (36, 'Telmo', 'Lourenço', 19, 'Portugal');
INSERT INTO Pessoa (id, primeiroNome, segundoNome, idade, nacionalidade) VALUES (37, 'André', 'Cardoso', 23, 'Portugal');
INSERT INTO Pessoa (id, primeiroNome, segundoNome, idade, nacionalidade) VALUES (38, 'Célio', 'Coque', 22, 'Portugal');
INSERT INTO Pessoa (id, primeiroNome, segundoNome, idade, nacionalidade) VALUES (39, 'Daniel', 'Airoso', 23, 'Brasil');
INSERT INTO Pessoa (id, primeiroNome, segundoNome, idade, nacionalidade) VALUES (40, 'Thiago', 'Cruz', 27, 'Portugal');
INSERT INTO Pessoa (id, primeiroNome, segundoNome, idade, nacionalidade) VALUES (41, 'John', 'Lennon', 28, 'Brasil');
INSERT INTO Pessoa (id, primeiroNome, segundoNome, idade, nacionalidade) VALUES (42, 'Simi', 'Saiotti', 35, 'Geórgia');
INSERT INTO Pessoa (id, primeiroNome, segundoNome, idade, nacionalidade) VALUES (43, 'Jorge', 'Mata', 20, 'Portugal');
INSERT INTO Pessoa (id, primeiroNome, segundoNome, idade, nacionalidade) VALUES (44, 'Nilton', ' ', 24, 'São Tomé e Príncipe');
INSERT INTO Pessoa (id, primeiroNome, segundoNome, idade, nacionalidade) VALUES (45, 'Guilherme', 'Oliveira', 22, 'Brasil');
INSERT INTO Pessoa (id, primeiroNome, segundoNome, idade, nacionalidade) VALUES (46, 'Alexis', 'Silva', 31, 'Portugal');
INSERT INTO Pessoa (id, primeiroNome, segundoNome, idade, nacionalidade) VALUES (47, 'Nicolas', 'Tomé', 27, 'Brasil');
INSERT INTO Pessoa (id, primeiroNome, segundoNome, idade, nacionalidade) VALUES (48, 'Buzuzu', ' ', 26, 'Portugal');
INSERT INTO Pessoa (id, primeiroNome, segundoNome, idade, nacionalidade) VALUES (49, 'Diogo', 'Simões', 27, 'Portugal');
INSERT INTO Pessoa (id, primeiroNome, segundoNome, idade, nacionalidade) VALUES (50, 'Tiago', 'Pereira', 23, 'Portugal');
INSERT INTO Pessoa (id, primeiroNome, segundoNome, idade, nacionalidade) VALUES (51, 'Rui', 'Fortes', 28, 'Cabo Verde');
INSERT INTO Pessoa (id, primeiroNome, segundoNome, idade, nacionalidade) VALUES (52, 'Costelinha', ' ', 28, 'Brasil');
INSERT INTO Pessoa (id, primeiroNome, segundoNome, idade, nacionalidade) VALUES (53, 'João', 'Baptista', 30, 'Portugal');
INSERT INTO Pessoa (id, primeiroNome, segundoNome, idade, nacionalidade) VALUES (54, 'David', 'Costa', 24, 'Portugal');
INSERT INTO Pessoa (id, primeiroNome, segundoNome, idade, nacionalidade) VALUES (55, 'Fábio', 'Mota', 25, 'Portugal');
INSERT INTO Pessoa (id, primeiroNome, segundoNome, idade, nacionalidade) VALUES (56, 'Romário', ' ', 33, 'Brasil');
INSERT INTO Pessoa (id, primeiroNome, segundoNome, idade, nacionalidade) VALUES (57, 'Xisto', ' ', 30, 'Brasil');
INSERT INTO Pessoa (id, primeiroNome, segundoNome, idade, nacionalidade) VALUES (58, 'Martim', 'Figueira', 22, 'Portugal');
INSERT INTO Pessoa (id, primeiroNome, segundoNome, idade, nacionalidade) VALUES (59, 'André', 'Sousa', 36, 'Portugal');
INSERT INTO Pessoa (id, primeiroNome, segundoNome, idade, nacionalidade) VALUES (60, 'Léo', 'Gugiel', 26, 'Brasil');
INSERT INTO Pessoa (id, primeiroNome, segundoNome, idade, nacionalidade) VALUES (61, 'Rômulo', ' ', 26, 'Russia');
INSERT INTO Pessoa (id, primeiroNome, segundoNome, idade, nacionalidade) VALUES (62, 'Afonso', 'Jesus', 24, 'Portugal');
INSERT INTO Pessoa (id, primeiroNome, segundoNome, idade, nacionalidade) VALUES (63, 'Gonçalo', 'Sobral', 26, 'Portugal');
INSERT INTO Pessoa (id, primeiroNome, segundoNome, idade, nacionalidade) VALUES (64, 'Nilson', 'Miguel', 30, 'Portugal');
INSERT INTO Pessoa (id, primeiroNome, segundoNome, idade, nacionalidade) VALUES (65, 'Silvestre', 'Ferreira', 23, 'Portugal');
INSERT INTO Pessoa (id, primeiroNome, segundoNome, idade, nacionalidade) VALUES (66, 'Bruno', 'Coelho', 35, 'Portugal');
INSERT INTO Pessoa (id, primeiroNome, segundoNome, idade, nacionalidade) VALUES (67, 'Arthur', ' ', 28, 'Brasil');
INSERT INTO Pessoa (id, primeiroNome, segundoNome, idade, nacionalidade) VALUES (68, 'Ivan', 'Chishkala', 27, 'Russia');
INSERT INTO Pessoa (id, primeiroNome, segundoNome, idade, nacionalidade) VALUES (69, 'Bruno', 'Cintra', 29, 'Brasil');
INSERT INTO Pessoa (id, primeiroNome, segundoNome, idade, nacionalidade) VALUES (70, 'Carlos', 'Monteiro', 20, 'Portugal');
INSERT INTO Pessoa (id, primeiroNome, segundoNome, idade, nacionalidade) VALUES (71, 'Diego', 'Nunes', 28, 'Brasil');
INSERT INTO Pessoa (id, primeiroNome, segundoNome, idade, nacionalidade) VALUES (72, 'Lúcio', 'Rocha', 18, 'Portugal');
INSERT INTO Pessoa (id, primeiroNome, segundoNome, idade, nacionalidade) VALUES (73, 'Tomás', 'Colaço', 18, 'Portugal');
INSERT INTO Pessoa (id, primeiroNome, segundoNome, idade, nacionalidade) VALUES (74, 'Higor', 'de Souza', 24, 'Brasil');
INSERT INTO Pessoa (id, primeiroNome, segundoNome, idade, nacionalidade) VALUES (75, 'Rocha', ' ', 27, 'Brasil');
INSERT INTO Pessoa (id, primeiroNome, segundoNome, idade, nacionalidade) VALUES (76, 'Jacaré', ' ', 23, 'Brasil');
INSERT INTO Pessoa (id, primeiroNome, segundoNome, idade, nacionalidade) VALUES (77, 'André', 'Correia', 24, 'Portugal');
INSERT INTO Pessoa (id, primeiroNome, segundoNome, idade, nacionalidade) VALUES (78, 'Pedro', 'Martinho', 21, 'Portugal');
INSERT INTO Pessoa (id, primeiroNome, segundoNome, idade, nacionalidade) VALUES (79, 'Tiago', 'Ferreira', 18, 'Portugal');
INSERT INTO Pessoa (id, primeiroNome, segundoNome, idade, nacionalidade) VALUES (80, 'Djaelson', ' ', 30, 'Brasil');
INSERT INTO Pessoa (id, primeiroNome, segundoNome, idade, nacionalidade) VALUES (81, 'Pedro', 'Cary', 38, 'Portugal');
INSERT INTO Pessoa (id, primeiroNome, segundoNome, idade, nacionalidade) VALUES (82, 'Wesley', 'Reinaldo', 22, 'Brasil');
INSERT INTO Pessoa (id, primeiroNome, segundoNome, idade, nacionalidade) VALUES (83, 'Rodrigo', 'Hiroshi', 30, 'Brasi');
INSERT INTO Pessoa (id, primeiroNome, segundoNome, idade, nacionalidade) VALUES (84, 'Mamadú', 'Ture', 24, 'Portugal');
INSERT INTO Pessoa (id, primeiroNome, segundoNome, idade, nacionalidade) VALUES (85, 'Ruan', 'Silvestre', 26, 'Brasil');
INSERT INTO Pessoa (id, primeiroNome, segundoNome, idade, nacionalidade) VALUES (86, 'Bruno', 'Pinto', 29, 'Portugal');
INSERT INTO Pessoa (id, primeiroNome, segundoNome, idade, nacionalidade) VALUES (87, 'Ré', ' ', 37, 'Portugal');
INSERT INTO Pessoa (id, primeiroNome, segundoNome, idade, nacionalidade) VALUES (88, 'Wendell', ' ', 27, 'Brasil');
INSERT INTO Pessoa (id, primeiroNome, segundoNome, idade, nacionalidade) VALUES (89, 'Rúben', 'Basílio', 17, 'Portugal');
INSERT INTO Pessoa (id, primeiroNome, segundoNome, idade, nacionalidade) VALUES (90, 'Francisco', 'Oliveira', 21, 'Portugal');
INSERT INTO Pessoa (id, primeiroNome, segundoNome, idade, nacionalidade) VALUES (91, 'Rúben', 'Carrilho', 17, 'Portugal');
INSERT INTO Pessoa (id, primeiroNome, segundoNome, idade, nacionalidade) VALUES (92, 'Andŕe', 'Galvão', 30, 'Portugal');
INSERT INTO Pessoa (id, primeiroNome, segundoNome, idade, nacionalidade) VALUES (93, 'Tiago', 'Tavares', 19, 'Portugal');
INSERT INTO Pessoa (id, primeiroNome, segundoNome, idade, nacionalidade) VALUES (94, 'Tiago', 'Pinto', 21, 'Portugal');
INSERT INTO Pessoa (id, primeiroNome, segundoNome, idade, nacionalidade) VALUES (95, 'Schutt', ' ', 24, 'Brasil');
INSERT INTO Pessoa (id, primeiroNome, segundoNome, idade, nacionalidade) VALUES (96, 'Gonçalo', 'Moreira', 18, 'Portugal');
INSERT INTO Pessoa (id, primeiroNome, segundoNome, idade, nacionalidade) VALUES (97, 'Rafael', 'Silva', 6, 'Portugal');
INSERT INTO Pessoa (id, primeiroNome, segundoNome, idade, nacionalidade) VALUES (98, 'Eddy', ' ', 33, 'Cabo Verde');
INSERT INTO Pessoa (id, primeiroNome, segundoNome, idade, nacionalidade) VALUES (99, 'Murilo', 'Duarte', 29, 'Brasil');
INSERT INTO Pessoa (id, primeiroNome, segundoNome, idade, nacionalidade) VALUES (100, 'Telmo', 'Sousa', 22, 'Portugal');
INSERT INTO Pessoa (id, primeiroNome, segundoNome, idade, nacionalidade) VALUES (101, 'Paulo', 'Babau', 22, 'Portugal');
INSERT INTO Pessoa (id, primeiroNome, segundoNome, idade, nacionalidade) VALUES (102, 'Tomás', 'Réis', 22, 'Portugal');
INSERT INTO Pessoa (id, primeiroNome, segundoNome, idade, nacionalidade) VALUES (103, 'Rodriguinho', ' ', 35, 'Quatar');
INSERT INTO Pessoa (id, primeiroNome, segundoNome, idade, nacionalidade) VALUES (104, 'Kaká', ' ', 27, 'Brasil');
INSERT INTO Pessoa (id, primeiroNome, segundoNome, idade, nacionalidade) VALUES (105, 'Tiago', 'Fernandes', 24, 'Portugal');
INSERT INTO Pessoa (id, primeiroNome, segundoNome, idade, nacionalidade) VALUES (106, 'Henrique', 'Vicente', 24, 'Portugal');
INSERT INTO Pessoa (id, primeiroNome, segundoNome, idade, nacionalidade) VALUES (107, 'Willian', 'Carioca', 32, 'Brasil');
INSERT INTO Pessoa (id, primeiroNome, segundoNome, idade, nacionalidade) VALUES (108, 'Milton', 'Dias', 22, 'Portugal');
INSERT INTO Pessoa (id, primeiroNome, segundoNome, idade, nacionalidade) VALUES (109, 'Miguel', 'Conceição', 19, 'Portugal');
INSERT INTO Pessoa (id, primeiroNome, segundoNome, idade, nacionalidade) VALUES (110, 'Pedro', 'Nunes', 19, 'Portugal');
INSERT INTO Pessoa (id, primeiroNome, segundoNome, idade, nacionalidade) VALUES (111, 'Leandro', 'COsta', 23, 'Portugal');
INSERT INTO Pessoa (id, primeiroNome, segundoNome, idade, nacionalidade) VALUES (112, 'Deivd', ' ', 33, 'Brasil');
INSERT INTO Pessoa (id, primeiroNome, segundoNome, idade, nacionalidade) VALUES (113, 'Tiago', 'Sousa', 25, 'Portugal');
INSERT INTO Pessoa (id, primeiroNome, segundoNome, idade, nacionalidade) VALUES (114, 'Ricardo', 'Lopes', 21, 'Portugal');
INSERT INTO Pessoa (id, primeiroNome, segundoNome, idade, nacionalidade) VALUES (115, 'Fábio', 'Coelho', 29, 'Universal');
INSERT INTO Pessoa (id, primeiroNome, segundoNome, idade, nacionalidade) VALUES (116, 'Tiago', 'Brito', 31, 'Portugal');
INSERT INTO Pessoa (id, primeiroNome, segundoNome, idade, nacionalidade) VALUES (117, 'Rudi', ' ', 27, 'Brasil');
INSERT INTO Pessoa (id, primeiroNome, segundoNome, idade, nacionalidade) VALUES (118, 'Robinho', ' ', 39, 'Russia');
INSERT INTO Pessoa (id, primeiroNome, segundoNome, idade, nacionalidade) VALUES (119, 'Tiago', 'Correia', 23, 'Portugal');
INSERT INTO Pessoa (id, primeiroNome, segundoNome, idade, nacionalidade) VALUES (120, 'Rúben', 'Santos', 28, 'Portugal');
INSERT INTO Pessoa (id, primeiroNome, segundoNome, idade, nacionalidade) VALUES (121, 'Samuel', 'Marques', 21, 'Portugal');
INSERT INTO Pessoa (id, primeiroNome, segundoNome, idade, nacionalidade) VALUES (122, 'Bruno', 'Soares', 18, 'Portugal');
INSERT INTO Pessoa (id, primeiroNome, segundoNome, idade, nacionalidade) VALUES (123, 'Júnior', ' ', 24, 'Portugal');
INSERT INTO Pessoa (id, primeiroNome, segundoNome, idade, nacionalidade) VALUES (124, 'Allan', 'Guilherme', 23, 'Brasil');
INSERT INTO Pessoa (id, primeiroNome, segundoNome, idade, nacionalidade) VALUES (125, 'Rodrigo', 'Rego', 19, 'Portugal');
INSERT INTO Pessoa (id, primeiroNome, segundoNome, idade, nacionalidade) VALUES (126, 'Jean', 'Gaúcho', 27, 'Brasil');
INSERT INTO Pessoa (id, primeiroNome, segundoNome, idade, nacionalidade) VALUES (127, 'Bruno', 'Felipe', 23, 'Brasil');
INSERT INTO Pessoa (id, primeiroNome, segundoNome, idade, nacionalidade) VALUES (128, 'Leonardo', 'Santos', 18, 'Portugal');
INSERT INTO Pessoa (id, primeiroNome, segundoNome, idade, nacionalidade) VALUES (129, 'Pedro', 'Ferreira', 20, 'Portugal');
INSERT INTO Pessoa (id, primeiroNome, segundoNome, idade, nacionalidade) VALUES (130, 'Tiago', 'Sacramento', 33, 'Portugal');
INSERT INTO Pessoa (id, primeiroNome, segundoNome, idade, nacionalidade) VALUES (131, 'Raúl', 'Moreira', 19, 'Portugal');
INSERT INTO Pessoa (id, primeiroNome, segundoNome, idade, nacionalidade) VALUES (132, 'Romada', 'Pereira', 25, 'Brasil');
INSERT INTO Pessoa (id, primeiroNome, segundoNome, idade, nacionalidade) VALUES (133, 'Gustavo', 'Rodrigues', 22, 'Portugal');
INSERT INTO Pessoa (id, primeiroNome, segundoNome, idade, nacionalidade) VALUES (134, 'Bruninho', 'Carvalho', 25, 'Portugal');
INSERT INTO Pessoa (id, primeiroNome, segundoNome, idade, nacionalidade) VALUES (135, 'Zézinho', 'Carvalh', 20, 'Portugal');
INSERT INTO Pessoa (id, primeiroNome, segundoNome, idade, nacionalidade) VALUES (136, 'Ricardo', 'Marques', 18, 'Portugal');
INSERT INTO Pessoa (id, primeiroNome, segundoNome, idade, nacionalidade) VALUES (137, 'Rúben', 'Teixeira', 19, 'Portugal');
INSERT INTO Pessoa (id, primeiroNome, segundoNome, idade, nacionalidade) VALUES (138, 'Manuel', 'Campos', 17, 'Portugal');
INSERT INTO Pessoa (id, primeiroNome, segundoNome, idade, nacionalidade) VALUES (139, 'Sévio', 'Marcelo', 21, 'Portugal');
INSERT INTO Pessoa (id, primeiroNome, segundoNome, idade, nacionalidade) VALUES (140, 'Rodrigo', 'Simão', 19, 'Portugal');
INSERT INTO Pessoa (id, primeiroNome, segundoNome, idade, nacionalidade) VALUES (141, 'Felipe', 'Leite', 28, 'Brasil');
INSERT INTO Pessoa (id, primeiroNome, segundoNome, idade, nacionalidade) VALUES (142, 'Carlos', 'Esperança', 38, 'Portugal');
INSERT INTO Pessoa (id, primeiroNome, segundoNome, idade, nacionalidade) VALUES (143, 'Cássio', 'Coelho', 34, 'Brasil');
INSERT INTO Pessoa (id, primeiroNome, segundoNome, idade, nacionalidade) VALUES (144, 'Juan', 'Pinheiro', 22, 'Brasil');
INSERT INTO Pessoa (id, primeiroNome, segundoNome, idade, nacionalidade) VALUES (145, 'Alexandre', 'Rodrigues', 18, 'Portugal');
INSERT INTO Pessoa (id, primeiroNome, segundoNome, idade, nacionalidade) VALUES (146, 'Deividi', 'Bassani', 32, 'Brasil');
INSERT INTO Pessoa (id, primeiroNome, segundoNome, idade, nacionalidade) VALUES (147, 'Uesler', 'Schäfer', 29, 'Brasil');
INSERT INTO Pessoa (id, primeiroNome, segundoNome, idade, nacionalidade) VALUES (148, 'Thalles', 'Flauzino', 23, 'Brasil');
INSERT INTO Pessoa (id, primeiroNome, segundoNome, idade, nacionalidade) VALUES (149, 'Zezinho', 'Domingos', 19, 'Portugal');
INSERT INTO Pessoa (id, primeiroNome, segundoNome, idade, nacionalidade) VALUES (150, 'Rui', 'Moreira', 21, 'Portugal');
INSERT INTO Pessoa (id, primeiroNome, segundoNome, idade, nacionalidade) VALUES (151, 'Rafael', 'Freire', 19, 'Portugal');
INSERT INTO Pessoa (id, primeiroNome, segundoNome, idade, nacionalidade) VALUES (152, 'Edmilson', 'Kutchy', 20, 'Portugal');
INSERT INTO Pessoa (id, primeiroNome, segundoNome, idade, nacionalidade) VALUES (153, 'Bebé', 'Cunha', 24, 'Portugal');
INSERT INTO Pessoa (id, primeiroNome, segundoNome, idade, nacionalidade) VALUES (154, 'Mário', 'Freitas', 32, 'Portugal');
INSERT INTO Pessoa (id, primeiroNome, segundoNome, idade, nacionalidade) VALUES (155, 'Rafael', 'Semedo', 20, 'Portugal');
INSERT INTO Pessoa (id, primeiroNome, segundoNome, idade, nacionalidade) VALUES (156, 'Israel', 'Neto', 23, 'Brasil');
INSERT INTO Pessoa (id, primeiroNome, segundoNome, idade, nacionalidade) VALUES (157, 'Iury', 'Bahia', 24, 'Portugal');
INSERT INTO Pessoa (id, primeiroNome, segundoNome, idade, nacionalidade) VALUES (158, 'Bruno', 'Marques', 26, 'Portugal');
INSERT INTO Pessoa (id, primeiroNome, segundoNome, idade, nacionalidade) VALUES (159, 'Pedro', 'Bifana', 18, 'Portugal');
INSERT INTO Pessoa (id, primeiroNome, segundoNome, idade, nacionalidade) VALUES (160, 'Alê', 'Falcone', 32, 'Brasil');
INSERT INTO Pessoa (id, primeiroNome, segundoNome, idade, nacionalidade) VALUES (161, 'Coelho', 'Marins', 34, 'Portugal');
INSERT INTO Pessoa (id, primeiroNome, segundoNome, idade, nacionalidade) VALUES (162, 'Paulinho', 'Rocha', 32, 'Portugal');
INSERT INTO Pessoa (id, primeiroNome, segundoNome, idade, nacionalidade) VALUES (163, 'Renan', 'Fuzo', 34, 'Brasil');
INSERT INTO Pessoa (id, primeiroNome, segundoNome, idade, nacionalidade) VALUES (164, 'Davide', 'Almeida', 24, 'Portugal');
INSERT INTO Pessoa (id, primeiroNome, segundoNome, idade, nacionalidade) VALUES (165, 'Ruben', 'Santos', 18, 'Portugal');
INSERT INTO Pessoa (id, primeiroNome, segundoNome, idade, nacionalidade) VALUES (166, 'Alexandre', 'Velhinho', 23, 'Portugal');
INSERT INTO Pessoa (id, primeiroNome, segundoNome, idade, nacionalidade) VALUES (167, 'Sérgio', 'Ribeiro', 20, 'Portugal');
INSERT INTO Pessoa (id, primeiroNome, segundoNome, idade, nacionalidade) VALUES (168, 'Alan', 'Gitahy', 26, 'Brasil');
INSERT INTO Pessoa (id, primeiroNome, segundoNome, idade, nacionalidade) VALUES (169, 'Fábio', 'Semedo', 25, 'Portugal');
INSERT INTO Pessoa (id, primeiroNome, segundoNome, idade, nacionalidade) VALUES (170, 'André', 'Sasse', 25, 'Brasil');
INSERT INTO Pessoa (id, primeiroNome, segundoNome, idade, nacionalidade) VALUES (171, 'Alesandro', 'Almeida', 26, 'Portugal');
INSERT INTO Pessoa (id, primeiroNome, segundoNome, idade, nacionalidade) VALUES (172, 'Rafa', 'Stocker', 25, 'Brasil');
INSERT INTO Pessoa (id, primeiroNome, segundoNome, idade, nacionalidade) VALUES (173, 'Ludgero', 'Lopes', 25, 'Portugal');
INSERT INTO Pessoa (id, primeiroNome, segundoNome, idade, nacionalidade) VALUES (174, 'Sandro', 'Barradas', 43, 'Portugal');
INSERT INTO Pessoa (id, primeiroNome, segundoNome, idade, nacionalidade) VALUES (175, 'João', 'Freitas', 21, 'Portugal');
INSERT INTO Pessoa (id, primeiroNome, segundoNome, idade, nacionalidade) VALUES (176, 'Luciano', 'Silva', 44, 'Portugal');
INSERT INTO Pessoa (id, primeiroNome, segundoNome, idade, nacionalidade) VALUES (177, 'Henrique', 'Antunes', 30, 'Portugal');
INSERT INTO Pessoa (id, primeiroNome, segundoNome, idade, nacionalidade) VALUES (178, 'Vítor', 'Hugo', 34, 'Brasil');
INSERT INTO Pessoa (id, primeiroNome, segundoNome, idade, nacionalidade) VALUES (179, 'Diogo', 'Teixeira', 20, 'Portugal');
INSERT INTO Pessoa (id, primeiroNome, segundoNome, idade, nacionalidade) VALUES (180, 'Pedro', 'Filipe', 21, 'Portugal');
INSERT INTO Pessoa (id, primeiroNome, segundoNome, idade, nacionalidade) VALUES (181, 'Óscar', 'Santos', 29, 'Portugal');
INSERT INTO Pessoa (id, primeiroNome, segundoNome, idade, nacionalidade) VALUES (182, 'Luís', 'Peixoto', 20, 'Portugal');
INSERT INTO Pessoa (id, primeiroNome, segundoNome, idade, nacionalidade) VALUES (183, 'Rui', 'Oliveira', 17, 'Portugal');
INSERT INTO Pessoa (id, primeiroNome, segundoNome, idade, nacionalidade) VALUES (184, 'João', 'Lopes', 28, 'Portugal');
INSERT INTO Pessoa (id, primeiroNome, segundoNome, idade, nacionalidade) VALUES (185, 'Márcio', 'Moreira', 32, 'Portugal');
INSERT INTO Pessoa (id, primeiroNome, segundoNome, idade, nacionalidade) VALUES (186, 'Hélder', 'Cristiano', 34, 'Portugal');
INSERT INTO Pessoa (id, primeiroNome, segundoNome, idade, nacionalidade) VALUES (187, 'César', 'Abreu', 32, 'Portugal');
INSERT INTO Pessoa (id, primeiroNome, segundoNome, idade, nacionalidade) VALUES (188, 'Rui', 'Pereira', 19, 'Portugal');
INSERT INTO Pessoa (id, primeiroNome, segundoNome, idade, nacionalidade) VALUES (189, 'João', 'Rodrigues', 20, 'Portugal');
INSERT INTO Pessoa (id, primeiroNome, segundoNome, idade, nacionalidade) VALUES (190, 'Amílcar', 'Gomes', 36, 'Portugal');
INSERT INTO Pessoa (id, primeiroNome, segundoNome, idade, nacionalidade) VALUES (191, 'Vini', 'Flores', 37, 'Brasil');
INSERT INTO Pessoa (id, primeiroNome, segundoNome, idade, nacionalidade) VALUES (192, 'João', 'Vigário', 32, 'Portugal');
INSERT INTO Pessoa (id, primeiroNome, segundoNome, idade, nacionalidade) VALUES (193, 'Rafael', 'Santos', 21, 'Brasil');
INSERT INTO Pessoa (id, primeiroNome, segundoNome, idade, nacionalidade) VALUES (194, 'Rufus', 'Costa', 22, 'Portugal');
INSERT INTO Pessoa (id, primeiroNome, segundoNome, idade, nacionalidade) VALUES (195, 'Rodrigo', 'Almeida', 17, 'Portugal');
INSERT INTO Pessoa (id, primeiroNome, segundoNome, idade, nacionalidade) VALUES (196, 'Leandro', 'Rodrigues', 20, 'Portugal');
INSERT INTO Pessoa (id, primeiroNome, segundoNome, idade, nacionalidade) VALUES (197, 'João', 'Morais', 21, 'Portugal');
INSERT INTO Pessoa (id, primeiroNome, segundoNome, idade, nacionalidade) VALUES (198, 'Hugo', 'Silva', 36, 'Portugal');
INSERT INTO Pessoa (id, primeiroNome, segundoNome, idade, nacionalidade) VALUES (199, 'Fábio', 'Pires', 18, 'Portugal');
INSERT INTO Pessoa (id, primeiroNome, segundoNome, idade, nacionalidade) VALUES (200, 'Leandro', 'Ribeiro', 16, 'Portugal');
INSERT INTO Pessoa (id, primeiroNome, segundoNome, idade, nacionalidade) VALUES (201, 'João', 'Couto', 23, 'Portugal');
INSERT INTO Pessoa (id, primeiroNome, segundoNome, idade, nacionalidade) VALUES (202, 'Agustín', 'Pais', 22, 'Argentina');
INSERT INTO Pessoa (id, primeiroNome, segundoNome, idade, nacionalidade) VALUES (203, 'Nuno', 'Fernandes', 18, 'Portugal');
INSERT INTO Pessoa (id, primeiroNome, segundoNome, idade, nacionalidade) VALUES (204, 'Miguel', 'Leal', 24, 'Portugal');
INSERT INTO Pessoa (id, primeiroNome, segundoNome, idade, nacionalidade) VALUES (205, 'Ariel', 'Pais', 22, 'Argentina');
INSERT INTO Pessoa (id, primeiroNome, segundoNome, idade, nacionalidade) VALUES (206, 'Miguel', 'Costa', 19, 'Portugal');
INSERT INTO Pessoa (id, primeiroNome, segundoNome, idade, nacionalidade) VALUES (207, 'Ricardo', 'Costa', 20, 'Portugal');
INSERT INTO Pessoa (id, primeiroNome, segundoNome, idade, nacionalidade) VALUES (208, 'Sílvio', 'Moreira', 26, 'Portugal');
INSERT INTO Pessoa (id, primeiroNome, segundoNome, idade, nacionalidade) VALUES (209, 'Alexandre', 'Costa', 34, 'Portugal');
INSERT INTO Pessoa (id, primeiroNome, segundoNome, idade, nacionalidade) VALUES (210, 'Andre', 'Franco', 36, 'Portugal');
INSERT INTO Pessoa (id, primeiroNome, segundoNome, idade, nacionalidade) VALUES (211, 'Bruno', 'Araújo', 29, 'Portugal');
INSERT INTO Pessoa (id, primeiroNome, segundoNome, idade, nacionalidade) VALUES (212, 'Cristiano', 'Santos', 35, 'Portugal');
INSERT INTO Pessoa (id, primeiroNome, segundoNome, idade, nacionalidade) VALUES (213, 'David', 'Martins', 36, 'Portugal');
INSERT INTO Pessoa (id, primeiroNome, segundoNome, idade, nacionalidade) VALUES (214, 'Eduardo', 'Coelho', 33, 'Portugal');
INSERT INTO Pessoa (id, primeiroNome, segundoNome, idade, nacionalidade) VALUES (215, 'Filipe', 'Duarte', 36, 'Portugal');
INSERT INTO Pessoa (id, primeiroNome, segundoNome, idade, nacionalidade) VALUES (216, 'João', 'Sinval', 32, 'Portugal');
INSERT INTO Pessoa (id, primeiroNome, segundoNome, idade, nacionalidade) VALUES (217, 'José', 'Gomes', 37, 'Portugal');
INSERT INTO Pessoa (id, primeiroNome, segundoNome, idade, nacionalidade) VALUES (218, 'José', 'Moreira', 34, 'Portugal');
INSERT INTO Pessoa (id, primeiroNome, segundoNome, idade, nacionalidade) VALUES (219, 'Mauricio', 'Couto', 39, 'Portugal');
INSERT INTO Pessoa (id, primeiroNome, segundoNome, idade, nacionalidade) VALUES (220, 'Pedro', 'Costa', 35, 'Portugal');
INSERT INTO Pessoa (id, primeiroNome, segundoNome, idade, nacionalidade) VALUES (221, 'Ricardo', 'Fernandes', 29, 'Portugal');
INSERT INTO Pessoa (id, primeiroNome, segundoNome, idade, nacionalidade) VALUES (222, 'Ruben', 'Santos', 36, 'Portugal');
INSERT INTO Pessoa (id, primeiroNome, segundoNome, idade, nacionalidade) VALUES (223, 'Rui', 'Ventura', 35, 'Portugal');
INSERT INTO Pessoa (id, primeiroNome, segundoNome, idade, nacionalidade) VALUES (224, 'Toni', 'Pereira', 30, 'Portugal');

-- Table: Playoff
CREATE TABLE Playoff (fase VARCHAR PRIMARY KEY, dataInicio VARCHAR, dataFim);

-- Table: Treinador
CREATE TABLE Treinador (id INTEGER PRIMARY KEY REFERENCES Pessoa (id) ON DELETE CASCADE ON UPDATE CASCADE, equipa REFERENCES Equipa (nome) ON DELETE CASCADE ON UPDATE CASCADE);

COMMIT TRANSACTION;
PRAGMA foreign_keys = on;
