--
-- File generated with SQLiteStudio v3.3.3 on sexta nov. 18 01:47:08 2022
--
-- Text encoding used: UTF-8
--
PRAGMA foreign_keys = off;
BEGIN TRANSACTION;

-- Table: Arbitro
DROP TABLE IF EXISTS Arbitro;
CREATE TABLE Arbitro (idArbitro INTEGER PRIMARY KEY REFERENCES Pessoa (idPessoa) ON DELETE CASCADE ON UPDATE CASCADE, distrito VARCHAR (75) NOT NULL);
INSERT INTO Arbitro (idArbitro, distrito) VALUES (209, 'Aveiro');
INSERT INTO Arbitro (idArbitro, distrito) VALUES (210, 'Leiria');
INSERT INTO Arbitro (idArbitro, distrito) VALUES (211, 'Viana do Castelo');
INSERT INTO Arbitro (idArbitro, distrito) VALUES (212, 'Porto');
INSERT INTO Arbitro (idArbitro, distrito) VALUES (213, 'Viseu');
INSERT INTO Arbitro (idArbitro, distrito) VALUES (214, 'Aveiro');
INSERT INTO Arbitro (idArbitro, distrito) VALUES (215, 'Lisboa');
INSERT INTO Arbitro (idArbitro, distrito) VALUES (216, 'Braga');
INSERT INTO Arbitro (idArbitro, distrito) VALUES (217, 'Coimbra');
INSERT INTO Arbitro (idArbitro, distrito) VALUES (218, 'Santarém');
INSERT INTO Arbitro (idArbitro, distrito) VALUES (219, 'Guarda');
INSERT INTO Arbitro (idArbitro, distrito) VALUES (220, 'Aveiro');
INSERT INTO Arbitro (idArbitro, distrito) VALUES (221, 'Porto');
INSERT INTO Arbitro (idArbitro, distrito) VALUES (224, 'Lisboa');

-- Table: Equipa
DROP TABLE IF EXISTS Equipa;
CREATE TABLE Equipa (nome VARCHAR (150) PRIMARY KEY ON CONFLICT IGNORE, email VARCHAR (150) UNIQUE NOT NULL, telefone VARCHAR (150) UNIQUE, morada VARCHAR (150) NOT NULL UNIQUE, pontuacaoTotal INTEGER DEFAULT (0), golosMarcados INTEGER DEFAULT (0), golosSofridos INTEGER DEFAULT (0), diferencaGolos INTEGER AS (golosMarcados - golosSofridos), jogosGanhos INTEGER DEFAULT (0), jogosEmpatados INTEGER DEFAULT (0));
INSERT INTO Equipa (nome, email, telefone, morada, pontuacaoTotal, golosMarcados, golosSofridos, jogosGanhos, jogosEmpatados) VALUES ('Eléctrico', 'electricofutebolcl@sapo.pt', '242202420', 'Avenida General Humberto Delgado 7400-259 Ponte de Sor', 0, 0, 0, 0, 0);
INSERT INTO Equipa (nome, email, telefone, morada, pontuacaoTotal, golosMarcados, golosSofridos, jogosGanhos, jogosEmpatados) VALUES ('FC Azeméis by Noxae', 'futsalcazemeis@gmail.com', '255495901', 'Rua José Moreira Dias 3720-263 Oliveira de Azeméis', 0, 0, 0, 0, 0);
INSERT INTO Equipa (nome, email, telefone, morada, pontuacaoTotal, golosMarcados, golosSofridos, jogosGanhos, jogosEmpatados) VALUES ('Sporting', 'geral@futsalsporting.com', '246374654', 'Edificio Multidesportivo Açoreana Seguros 1501-806 Lisboa', 0, 0, 0, 0, 0);
INSERT INTO Equipa (nome, email, telefone, morada, pontuacaoTotal, golosMarcados, golosSofridos, jogosGanhos, jogosEmpatados) VALUES ('Quinta dos Lombos', 'geral@crcquintalombos.net', '249394123', 'Rua das Túlipas 52 Quinta dos Lombos 2775-690 Cascais', 0, 0, 0, 0, 0);
INSERT INTO Equipa (nome, email, telefone, morada, pontuacaoTotal, golosMarcados, golosSofridos, jogosGanhos, jogosEmpatados) VALUES ('Benfica', 'geral@futsalbenfica.net', '214587667', 'Av Eusébio da Silva Ferreira 1501-805 Lisboa', 0, 0, 0, 0, 0);
INSERT INTO Equipa (nome, email, telefone, morada, pontuacaoTotal, golosMarcados, golosSofridos, jogosGanhos, jogosEmpatados) VALUES ('Torreense', 'geral@torreense.com', '214957362', 'Campo Manuel Marques 2560-312 Torres Vedras', 0, 0, 0, 0, 0);
INSERT INTO Equipa (nome, email, telefone, morada, pontuacaoTotal, golosMarcados, golosSofridos, jogosGanhos, jogosEmpatados) VALUES ('Modicus Cartest', 'modicus-sandim@sapo.pt', '253728765', 'Rua Senhor Dos Aflitosm 4415-887 Sandim', 0, 0, 0, 0, 0);
INSERT INTO Equipa (nome, email, telefone, morada, pontuacaoTotal, golosMarcados, golosSofridos, jogosGanhos, jogosEmpatados) VALUES ('Portimonense', 'secretaria@portimonense.pt', '223848263', 'Praça Manuel Teixeira Gomes 8500-542 Portimão', 0, 0, 0, 0, 0);
INSERT INTO Equipa (nome, email, telefone, morada, pontuacaoTotal, golosMarcados, golosSofridos, jogosGanhos, jogosEmpatados) VALUES ('CR Candoso/Natcal', 'cluberecreativocandoso@gmail.com', '218273627', 'Rua São Martinho de Candoso 4835 - Guimarães', 0, 0, 0, 0, 0);
INSERT INTO Equipa (nome, email, telefone, morada, pontuacaoTotal, golosMarcados, golosSofridos, jogosGanhos, jogosEmpatados) VALUES ('SC Braga/AAUM', 'geral@scbaaumfutsal.com', '247382736', 'Estádio Municipal de Braga 4711-909 Braga', 0, 0, 0, 0, 0);
INSERT INTO Equipa (nome, email, telefone, morada, pontuacaoTotal, golosMarcados, golosSofridos, jogosGanhos, jogosEmpatados) VALUES ('Leões Porto Salvo', 'crlps@sapo.pt', '218965045', 'Rua Basílio Teles 2740-025 Porto Salvo', 0, 0, 0, 0, 0);
INSERT INTO Equipa (nome, email, telefone, morada, pontuacaoTotal, golosMarcados, golosSofridos, jogosGanhos, jogosEmpatados) VALUES ('Viseu 2001/Palácio do Gelo', 'marketing@viseu2001.com', '235893759', 'Largo das Almas Marzovelos 3510-010 Viseu', 0, 0, 0, 0, 0);
INSERT INTO Equipa (nome, email, telefone, morada, pontuacaoTotal, golosMarcados, golosSofridos, jogosGanhos, jogosEmpatados) VALUES ('Nun´Álvares', 'gruponunalvares@gruponunalvares.pt', '229583905', 'Rua Guerra Junqueiro 4820-263 Fafe', 0, 0, 0, 0, 0);
INSERT INTO Equipa (nome, email, telefone, morada, pontuacaoTotal, golosMarcados, golosSofridos, jogosGanhos, jogosEmpatados) VALUES ('AD Fundão/Hotel Alambique', 'futsaladf@gmail.com', '223475849', 'Rua João Franco 6230-363 Fundão', 0, 0, 0, 0, 0);

-- Table: GoloMarcado
DROP TABLE IF EXISTS GoloMarcado;
CREATE TABLE GoloMarcado (idGolo INTEGER PRIMARY KEY, minuto INTEGER NOT NULL, idJogador INTEGER REFERENCES Jogador (idJogador) ON DELETE CASCADE ON UPDATE CASCADE NOT NULL, idJogo INTEGER REFERENCES Jogo (idJogo) ON DELETE CASCADE ON UPDATE CASCADE NOT NULL);
INSERT INTO GoloMarcado (idGolo, minuto, idJogador, idJogo) VALUES (1, 16, 114, 1);
INSERT INTO GoloMarcado (idGolo, minuto, idJogador, idJogo) VALUES (2, 25, 122, 1);
INSERT INTO GoloMarcado (idGolo, minuto, idJogador, idJogo) VALUES (3, 25, 114, 1);
INSERT INTO GoloMarcado (idGolo, minuto, idJogador, idJogo) VALUES (4, 12, 109, 1);
INSERT INTO GoloMarcado (idGolo, minuto, idJogador, idJogo) VALUES (5, 1, 231, 2);
INSERT INTO GoloMarcado (idGolo, minuto, idJogador, idJogo) VALUES (6, 67, 230, 2);
INSERT INTO GoloMarcado (idGolo, minuto, idJogador, idJogo) VALUES (7, 79, 152, 3);
INSERT INTO GoloMarcado (idGolo, minuto, idJogador, idJogo) VALUES (8, 76, 208, 3);
INSERT INTO GoloMarcado (idGolo, minuto, idJogador, idJogo) VALUES (9, 36, 197, 3);
INSERT INTO GoloMarcado (idGolo, minuto, idJogador, idJogo) VALUES (10, 46, 136, 4);
INSERT INTO GoloMarcado (idGolo, minuto, idJogador, idJogo) VALUES (11, 8, 140, 4);
INSERT INTO GoloMarcado (idGolo, minuto, idJogador, idJogo) VALUES (12, 69, 141, 4);
INSERT INTO GoloMarcado (idGolo, minuto, idJogador, idJogo) VALUES (13, 80, 277, 5);
INSERT INTO GoloMarcado (idGolo, minuto, idJogador, idJogo) VALUES (14, 13, 276, 5);
INSERT INTO GoloMarcado (idGolo, minuto, idJogador, idJogo) VALUES (15, 55, 275, 5);
INSERT INTO GoloMarcado (idGolo, minuto, idJogador, idJogo) VALUES (16, 72, 276, 5);
INSERT INTO GoloMarcado (idGolo, minuto, idJogador, idJogo) VALUES (17, 48, 90, 6);
INSERT INTO GoloMarcado (idGolo, minuto, idJogador, idJogo) VALUES (18, 57, 83, 6);
INSERT INTO GoloMarcado (idGolo, minuto, idJogador, idJogo) VALUES (19, 16, 81, 6);
INSERT INTO GoloMarcado (idGolo, minuto, idJogador, idJogo) VALUES (20, 52, 89, 6);
INSERT INTO GoloMarcado (idGolo, minuto, idJogador, idJogo) VALUES (21, 63, 162, 7);
INSERT INTO GoloMarcado (idGolo, minuto, idJogador, idJogo) VALUES (22, 29, 164, 7);
INSERT INTO GoloMarcado (idGolo, minuto, idJogador, idJogo) VALUES (23, 67, 165, 7);
INSERT INTO GoloMarcado (idGolo, minuto, idJogador, idJogo) VALUES (24, 74, 166, 7);
INSERT INTO GoloMarcado (idGolo, minuto, idJogador, idJogo) VALUES (25, 30, 165, 7);
INSERT INTO GoloMarcado (idGolo, minuto, idJogador, idJogo) VALUES (26, 46, 260, 7);
INSERT INTO GoloMarcado (idGolo, minuto, idJogador, idJogo) VALUES (27, 80, 253, 7);
INSERT INTO GoloMarcado (idGolo, minuto, idJogador, idJogo) VALUES (28, 63, 263, 7);
INSERT INTO GoloMarcado (idGolo, minuto, idJogador, idJogo) VALUES (29, 50, 131, 8);
INSERT INTO GoloMarcado (idGolo, minuto, idJogador, idJogo) VALUES (30, 31, 130, 8);
INSERT INTO GoloMarcado (idGolo, minuto, idJogador, idJogo) VALUES (31, 45, 129, 8);
INSERT INTO GoloMarcado (idGolo, minuto, idJogador, idJogo) VALUES (32, 87, 143, 8);
INSERT INTO GoloMarcado (idGolo, minuto, idJogador, idJogo) VALUES (33, 35, 140, 8);
INSERT INTO GoloMarcado (idGolo, minuto, idJogador, idJogo) VALUES (34, 39, 125, 8);
INSERT INTO GoloMarcado (idGolo, minuto, idJogador, idJogo) VALUES (35, 47, 62, 9);
INSERT INTO GoloMarcado (idGolo, minuto, idJogador, idJogo) VALUES (36, 45, 73, 9);
INSERT INTO GoloMarcado (idGolo, minuto, idJogador, idJogo) VALUES (37, 45, 75, 9);
INSERT INTO GoloMarcado (idGolo, minuto, idJogador, idJogo) VALUES (38, 87, 31, 9);
INSERT INTO GoloMarcado (idGolo, minuto, idJogador, idJogo) VALUES (39, 14, 266, 10);
INSERT INTO GoloMarcado (idGolo, minuto, idJogador, idJogo) VALUES (40, 50, 255, 10);
INSERT INTO GoloMarcado (idGolo, minuto, idJogador, idJogo) VALUES (41, 78, 259, 10);
INSERT INTO GoloMarcado (idGolo, minuto, idJogador, idJogo) VALUES (42, 8, 258, 10);
INSERT INTO GoloMarcado (idGolo, minuto, idJogador, idJogo) VALUES (43, 84, 260, 10);
INSERT INTO GoloMarcado (idGolo, minuto, idJogador, idJogo) VALUES (44, 11, 149, 10);
INSERT INTO GoloMarcado (idGolo, minuto, idJogador, idJogo) VALUES (45, 19, 150, 10);
INSERT INTO GoloMarcado (idGolo, minuto, idJogador, idJogo) VALUES (46, 60, 153, 10);
INSERT INTO GoloMarcado (idGolo, minuto, idJogador, idJogo) VALUES (47, 18, 191, 11);
INSERT INTO GoloMarcado (idGolo, minuto, idJogador, idJogo) VALUES (48, 82, 185, 11);
INSERT INTO GoloMarcado (idGolo, minuto, idJogador, idJogo) VALUES (49, 36, 182, 11);
INSERT INTO GoloMarcado (idGolo, minuto, idJogador, idJogo) VALUES (50, 29, 182, 11);
INSERT INTO GoloMarcado (idGolo, minuto, idJogador, idJogo) VALUES (51, 10, 190, 11);
INSERT INTO GoloMarcado (idGolo, minuto, idJogador, idJogo) VALUES (52, 28, 164, 11);
INSERT INTO GoloMarcado (idGolo, minuto, idJogador, idJogo) VALUES (53, 21, 172, 11);
INSERT INTO GoloMarcado (idGolo, minuto, idJogador, idJogo) VALUES (54, 2, 273, 12);
INSERT INTO GoloMarcado (idGolo, minuto, idJogador, idJogo) VALUES (55, 72, 281, 12);
INSERT INTO GoloMarcado (idGolo, minuto, idJogador, idJogo) VALUES (56, 56, 245, 13);
INSERT INTO GoloMarcado (idGolo, minuto, idJogador, idJogo) VALUES (57, 20, 243, 13);
INSERT INTO GoloMarcado (idGolo, minuto, idJogador, idJogo) VALUES (58, 1, 230, 13);
INSERT INTO GoloMarcado (idGolo, minuto, idJogador, idJogo) VALUES (59, 59, 206, 14);
INSERT INTO GoloMarcado (idGolo, minuto, idJogador, idJogo) VALUES (60, 59, 86, 14);
INSERT INTO GoloMarcado (idGolo, minuto, idJogador, idJogo) VALUES (61, 69, 92, 14);
INSERT INTO GoloMarcado (idGolo, minuto, idJogador, idJogo) VALUES (62, 67, 167, 15);
INSERT INTO GoloMarcado (idGolo, minuto, idJogador, idJogo) VALUES (63, 11, 165, 15);
INSERT INTO GoloMarcado (idGolo, minuto, idJogador, idJogo) VALUES (64, 65, 172, 15);
INSERT INTO GoloMarcado (idGolo, minuto, idJogador, idJogo) VALUES (65, 67, 163, 15);
INSERT INTO GoloMarcado (idGolo, minuto, idJogador, idJogo) VALUES (66, 16, 16, 15);
INSERT INTO GoloMarcado (idGolo, minuto, idJogador, idJogo) VALUES (67, 3, 131, 16);
INSERT INTO GoloMarcado (idGolo, minuto, idJogador, idJogo) VALUES (68, 5, 135, 16);
INSERT INTO GoloMarcado (idGolo, minuto, idJogador, idJogo) VALUES (69, 83, 130, 16);
INSERT INTO GoloMarcado (idGolo, minuto, idJogador, idJogo) VALUES (70, 74, 143, 16);
INSERT INTO GoloMarcado (idGolo, minuto, idJogador, idJogo) VALUES (71, 21, 142, 16);
INSERT INTO GoloMarcado (idGolo, minuto, idJogador, idJogo) VALUES (72, 89, 97, 16);
INSERT INTO GoloMarcado (idGolo, minuto, idJogador, idJogo) VALUES (73, 29, 101, 16);
INSERT INTO GoloMarcado (idGolo, minuto, idJogador, idJogo) VALUES (74, 18, 106, 16);
INSERT INTO GoloMarcado (idGolo, minuto, idJogador, idJogo) VALUES (75, 65, 98, 16);
INSERT INTO GoloMarcado (idGolo, minuto, idJogador, idJogo) VALUES (76, 39, 123, 17);
INSERT INTO GoloMarcado (idGolo, minuto, idJogador, idJogo) VALUES (77, 83, 117, 17);
INSERT INTO GoloMarcado (idGolo, minuto, idJogador, idJogo) VALUES (78, 55, 117, 17);
INSERT INTO GoloMarcado (idGolo, minuto, idJogador, idJogo) VALUES (79, 51, 75, 17);
INSERT INTO GoloMarcado (idGolo, minuto, idJogador, idJogo) VALUES (80, 65, 39, 18);
INSERT INTO GoloMarcado (idGolo, minuto, idJogador, idJogo) VALUES (81, 88, 42, 18);
INSERT INTO GoloMarcado (idGolo, minuto, idJogador, idJogo) VALUES (82, 68, 205, 18);
INSERT INTO GoloMarcado (idGolo, minuto, idJogador, idJogo) VALUES (83, 50, 147, 19);
INSERT INTO GoloMarcado (idGolo, minuto, idJogador, idJogo) VALUES (84, 40, 150, 19);
INSERT INTO GoloMarcado (idGolo, minuto, idJogador, idJogo) VALUES (85, 4, 191, 19);
INSERT INTO GoloMarcado (idGolo, minuto, idJogador, idJogo) VALUES (86, 34, 182, 19);
INSERT INTO GoloMarcado (idGolo, minuto, idJogador, idJogo) VALUES (87, 26, 181, 19);
INSERT INTO GoloMarcado (idGolo, minuto, idJogador, idJogo) VALUES (88, 81, 87, 20);
INSERT INTO GoloMarcado (idGolo, minuto, idJogador, idJogo) VALUES (89, 85, 247, 21);
INSERT INTO GoloMarcado (idGolo, minuto, idJogador, idJogo) VALUES (90, 16, 284, 21);
INSERT INTO GoloMarcado (idGolo, minuto, idJogador, idJogo) VALUES (91, 11, 279, 21);
INSERT INTO GoloMarcado (idGolo, minuto, idJogador, idJogo) VALUES (92, 28, 285, 21);
INSERT INTO GoloMarcado (idGolo, minuto, idJogador, idJogo) VALUES (93, 47, 28, 22);
INSERT INTO GoloMarcado (idGolo, minuto, idJogador, idJogo) VALUES (94, 61, 26, 22);
INSERT INTO GoloMarcado (idGolo, minuto, idJogador, idJogo) VALUES (95, 25, 19, 22);
INSERT INTO GoloMarcado (idGolo, minuto, idJogador, idJogo) VALUES (96, 37, 26, 22);
INSERT INTO GoloMarcado (idGolo, minuto, idJogador, idJogo) VALUES (97, 43, 155, 22);
INSERT INTO GoloMarcado (idGolo, minuto, idJogador, idJogo) VALUES (98, 38, 151, 22);
INSERT INTO GoloMarcado (idGolo, minuto, idJogador, idJogo) VALUES (99, 51, 200, 23);
INSERT INTO GoloMarcado (idGolo, minuto, idJogador, idJogo) VALUES (100, 9, 197, 23);
INSERT INTO GoloMarcado (idGolo, minuto, idJogador, idJogo) VALUES (101, 64, 119, 23);
INSERT INTO GoloMarcado (idGolo, minuto, idJogador, idJogo) VALUES (102, 43, 124, 23);
INSERT INTO GoloMarcado (idGolo, minuto, idJogador, idJogo) VALUES (103, 38, 126, 23);
INSERT INTO GoloMarcado (idGolo, minuto, idJogador, idJogo) VALUES (104, 70, 113, 23);
INSERT INTO GoloMarcado (idGolo, minuto, idJogador, idJogo) VALUES (105, 58, 133, 24);
INSERT INTO GoloMarcado (idGolo, minuto, idJogador, idJogo) VALUES (106, 18, 132, 24);
INSERT INTO GoloMarcado (idGolo, minuto, idJogador, idJogo) VALUES (107, 27, 138, 24);
INSERT INTO GoloMarcado (idGolo, minuto, idJogador, idJogo) VALUES (108, 36, 131, 24);
INSERT INTO GoloMarcado (idGolo, minuto, idJogador, idJogo) VALUES (109, 3, 143, 24);
INSERT INTO GoloMarcado (idGolo, minuto, idJogador, idJogo) VALUES (110, 83, 103, 25);
INSERT INTO GoloMarcado (idGolo, minuto, idJogador, idJogo) VALUES (111, 59, 106, 25);
INSERT INTO GoloMarcado (idGolo, minuto, idJogador, idJogo) VALUES (112, 65, 106, 25);
INSERT INTO GoloMarcado (idGolo, minuto, idJogador, idJogo) VALUES (113, 60, 99, 25);
INSERT INTO GoloMarcado (idGolo, minuto, idJogador, idJogo) VALUES (114, 29, 99, 25);
INSERT INTO GoloMarcado (idGolo, minuto, idJogador, idJogo) VALUES (115, 16, 105, 25);
INSERT INTO GoloMarcado (idGolo, minuto, idJogador, idJogo) VALUES (116, 2, 105, 25);
INSERT INTO GoloMarcado (idGolo, minuto, idJogador, idJogo) VALUES (117, 44, 230, 25);
INSERT INTO GoloMarcado (idGolo, minuto, idJogador, idJogo) VALUES (118, 57, 229, 25);
INSERT INTO GoloMarcado (idGolo, minuto, idJogador, idJogo) VALUES (119, 4, 238, 25);
INSERT INTO GoloMarcado (idGolo, minuto, idJogador, idJogo) VALUES (120, 41, 239, 25);
INSERT INTO GoloMarcado (idGolo, minuto, idJogador, idJogo) VALUES (121, 48, 186, 26);
INSERT INTO GoloMarcado (idGolo, minuto, idJogador, idJogo) VALUES (122, 3, 192, 26);
INSERT INTO GoloMarcado (idGolo, minuto, idJogador, idJogo) VALUES (123, 68, 186, 26);
INSERT INTO GoloMarcado (idGolo, minuto, idJogador, idJogo) VALUES (124, 22, 191, 26);
INSERT INTO GoloMarcado (idGolo, minuto, idJogador, idJogo) VALUES (125, 10, 81, 26);
INSERT INTO GoloMarcado (idGolo, minuto, idJogador, idJogo) VALUES (126, 61, 87, 26);
INSERT INTO GoloMarcado (idGolo, minuto, idJogador, idJogo) VALUES (127, 60, 81, 26);
INSERT INTO GoloMarcado (idGolo, minuto, idJogador, idJogo) VALUES (128, 5, 80, 26);
INSERT INTO GoloMarcado (idGolo, minuto, idJogador, idJogo) VALUES (129, 26, 252, 27);
INSERT INTO GoloMarcado (idGolo, minuto, idJogador, idJogo) VALUES (130, 66, 256, 27);
INSERT INTO GoloMarcado (idGolo, minuto, idJogador, idJogo) VALUES (131, 35, 264, 27);
INSERT INTO GoloMarcado (idGolo, minuto, idJogador, idJogo) VALUES (132, 46, 260, 27);
INSERT INTO GoloMarcado (idGolo, minuto, idJogador, idJogo) VALUES (133, 38, 36, 27);
INSERT INTO GoloMarcado (idGolo, minuto, idJogador, idJogo) VALUES (134, 87, 35, 27);
INSERT INTO GoloMarcado (idGolo, minuto, idJogador, idJogo) VALUES (135, 14, 274, 28);
INSERT INTO GoloMarcado (idGolo, minuto, idJogador, idJogo) VALUES (136, 66, 288, 28);
INSERT INTO GoloMarcado (idGolo, minuto, idJogador, idJogo) VALUES (137, 59, 270, 28);
INSERT INTO GoloMarcado (idGolo, minuto, idJogador, idJogo) VALUES (138, 10, 271, 28);
INSERT INTO GoloMarcado (idGolo, minuto, idJogador, idJogo) VALUES (139, 71, 283, 28);
INSERT INTO GoloMarcado (idGolo, minuto, idJogador, idJogo) VALUES (140, 71, 288, 28);
INSERT INTO GoloMarcado (idGolo, minuto, idJogador, idJogo) VALUES (141, 10, 270, 28);
INSERT INTO GoloMarcado (idGolo, minuto, idJogador, idJogo) VALUES (142, 74, 41, 29);
INSERT INTO GoloMarcado (idGolo, minuto, idJogador, idJogo) VALUES (143, 3, 188, 29);
INSERT INTO GoloMarcado (idGolo, minuto, idJogador, idJogo) VALUES (144, 11, 124, 30);
INSERT INTO GoloMarcado (idGolo, minuto, idJogador, idJogo) VALUES (145, 76, 118, 30);
INSERT INTO GoloMarcado (idGolo, minuto, idJogador, idJogo) VALUES (146, 33, 116, 30);
INSERT INTO GoloMarcado (idGolo, minuto, idJogador, idJogo) VALUES (147, 18, 120, 30);
INSERT INTO GoloMarcado (idGolo, minuto, idJogador, idJogo) VALUES (148, 25, 257, 30);
INSERT INTO GoloMarcado (idGolo, minuto, idJogador, idJogo) VALUES (149, 56, 263, 30);
INSERT INTO GoloMarcado (idGolo, minuto, idJogador, idJogo) VALUES (150, 60, 266, 30);
INSERT INTO GoloMarcado (idGolo, minuto, idJogador, idJogo) VALUES (151, 74, 262, 30);
INSERT INTO GoloMarcado (idGolo, minuto, idJogador, idJogo) VALUES (152, 42, 258, 30);
INSERT INTO GoloMarcado (idGolo, minuto, idJogador, idJogo) VALUES (153, 67, 154, 31);
INSERT INTO GoloMarcado (idGolo, minuto, idJogador, idJogo) VALUES (154, 6, 270, 31);
INSERT INTO GoloMarcado (idGolo, minuto, idJogador, idJogo) VALUES (155, 48, 279, 31);
INSERT INTO GoloMarcado (idGolo, minuto, idJogador, idJogo) VALUES (156, 2, 167, 32);
INSERT INTO GoloMarcado (idGolo, minuto, idJogador, idJogo) VALUES (157, 82, 171, 32);
INSERT INTO GoloMarcado (idGolo, minuto, idJogador, idJogo) VALUES (158, 39, 240, 32);
INSERT INTO GoloMarcado (idGolo, minuto, idJogador, idJogo) VALUES (159, 80, 246, 32);
INSERT INTO GoloMarcado (idGolo, minuto, idJogador, idJogo) VALUES (160, 77, 141, 33);
INSERT INTO GoloMarcado (idGolo, minuto, idJogador, idJogo) VALUES (161, 51, 135, 33);
INSERT INTO GoloMarcado (idGolo, minuto, idJogador, idJogo) VALUES (162, 12, 142, 33);
INSERT INTO GoloMarcado (idGolo, minuto, idJogador, idJogo) VALUES (163, 25, 198, 33);
INSERT INTO GoloMarcado (idGolo, minuto, idJogador, idJogo) VALUES (164, 49, 208, 33);
INSERT INTO GoloMarcado (idGolo, minuto, idJogador, idJogo) VALUES (165, 74, 206, 33);
INSERT INTO GoloMarcado (idGolo, minuto, idJogador, idJogo) VALUES (166, 61, 64, 34);
INSERT INTO GoloMarcado (idGolo, minuto, idJogador, idJogo) VALUES (167, 17, 65, 34);
INSERT INTO GoloMarcado (idGolo, minuto, idJogador, idJogo) VALUES (168, 78, 100, 34);
INSERT INTO GoloMarcado (idGolo, minuto, idJogador, idJogo) VALUES (169, 80, 103, 34);
INSERT INTO GoloMarcado (idGolo, minuto, idJogador, idJogo) VALUES (170, 58, 107, 34);
INSERT INTO GoloMarcado (idGolo, minuto, idJogador, idJogo) VALUES (171, 34, 92, 35);
INSERT INTO GoloMarcado (idGolo, minuto, idJogador, idJogo) VALUES (172, 59, 82, 35);
INSERT INTO GoloMarcado (idGolo, minuto, idJogador, idJogo) VALUES (173, 61, 92, 35);
INSERT INTO GoloMarcado (idGolo, minuto, idJogador, idJogo) VALUES (174, 74, 90, 35);
INSERT INTO GoloMarcado (idGolo, minuto, idJogador, idJogo) VALUES (175, 72, 26, 35);
INSERT INTO GoloMarcado (idGolo, minuto, idJogador, idJogo) VALUES (176, 80, 18, 35);
INSERT INTO GoloMarcado (idGolo, minuto, idJogador, idJogo) VALUES (177, 45, 198, 36);
INSERT INTO GoloMarcado (idGolo, minuto, idJogador, idJogo) VALUES (178, 79, 199, 36);
INSERT INTO GoloMarcado (idGolo, minuto, idJogador, idJogo) VALUES (179, 2, 201, 36);
INSERT INTO GoloMarcado (idGolo, minuto, idJogador, idJogo) VALUES (180, 23, 199, 36);
INSERT INTO GoloMarcado (idGolo, minuto, idJogador, idJogo) VALUES (181, 20, 199, 36);
INSERT INTO GoloMarcado (idGolo, minuto, idJogador, idJogo) VALUES (182, 20, 73, 36);
INSERT INTO GoloMarcado (idGolo, minuto, idJogador, idJogo) VALUES (183, 21, 246, 37);
INSERT INTO GoloMarcado (idGolo, minuto, idJogador, idJogo) VALUES (184, 46, 241, 37);
INSERT INTO GoloMarcado (idGolo, minuto, idJogador, idJogo) VALUES (185, 55, 233, 37);
INSERT INTO GoloMarcado (idGolo, minuto, idJogador, idJogo) VALUES (186, 64, 153, 37);
INSERT INTO GoloMarcado (idGolo, minuto, idJogador, idJogo) VALUES (187, 89, 148, 37);
INSERT INTO GoloMarcado (idGolo, minuto, idJogador, idJogo) VALUES (188, 26, 108, 38);
INSERT INTO GoloMarcado (idGolo, minuto, idJogador, idJogo) VALUES (189, 55, 167, 38);
INSERT INTO GoloMarcado (idGolo, minuto, idJogador, idJogo) VALUES (190, 22, 180, 39);
INSERT INTO GoloMarcado (idGolo, minuto, idJogador, idJogo) VALUES (191, 34, 124, 39);
INSERT INTO GoloMarcado (idGolo, minuto, idJogador, idJogo) VALUES (192, 85, 122, 39);
INSERT INTO GoloMarcado (idGolo, minuto, idJogador, idJogo) VALUES (193, 67, 116, 39);
INSERT INTO GoloMarcado (idGolo, minuto, idJogador, idJogo) VALUES (194, 73, 24, 40);
INSERT INTO GoloMarcado (idGolo, minuto, idJogador, idJogo) VALUES (195, 74, 42, 40);
INSERT INTO GoloMarcado (idGolo, minuto, idJogador, idJogo) VALUES (196, 69, 40, 40);
INSERT INTO GoloMarcado (idGolo, minuto, idJogador, idJogo) VALUES (197, 52, 39, 40);
INSERT INTO GoloMarcado (idGolo, minuto, idJogador, idJogo) VALUES (198, 56, 39, 40);
INSERT INTO GoloMarcado (idGolo, minuto, idJogador, idJogo) VALUES (199, 61, 266, 41);
INSERT INTO GoloMarcado (idGolo, minuto, idJogador, idJogo) VALUES (200, 48, 264, 41);
INSERT INTO GoloMarcado (idGolo, minuto, idJogador, idJogo) VALUES (201, 79, 255, 41);
INSERT INTO GoloMarcado (idGolo, minuto, idJogador, idJogo) VALUES (202, 78, 259, 41);
INSERT INTO GoloMarcado (idGolo, minuto, idJogador, idJogo) VALUES (203, 18, 255, 41);
INSERT INTO GoloMarcado (idGolo, minuto, idJogador, idJogo) VALUES (204, 48, 135, 41);
INSERT INTO GoloMarcado (idGolo, minuto, idJogador, idJogo) VALUES (205, 38, 142, 41);
INSERT INTO GoloMarcado (idGolo, minuto, idJogador, idJogo) VALUES (206, 73, 132, 41);
INSERT INTO GoloMarcado (idGolo, minuto, idJogador, idJogo) VALUES (207, 8, 285, 42);
INSERT INTO GoloMarcado (idGolo, minuto, idJogador, idJogo) VALUES (208, 24, 279, 42);
INSERT INTO GoloMarcado (idGolo, minuto, idJogador, idJogo) VALUES (209, 66, 274, 42);
INSERT INTO GoloMarcado (idGolo, minuto, idJogador, idJogo) VALUES (210, 69, 274, 42);
INSERT INTO GoloMarcado (idGolo, minuto, idJogador, idJogo) VALUES (211, 66, 281, 42);
INSERT INTO GoloMarcado (idGolo, minuto, idJogador, idJogo) VALUES (212, 17, 286, 42);
INSERT INTO GoloMarcado (idGolo, minuto, idJogador, idJogo) VALUES (213, 10, 85, 42);
INSERT INTO GoloMarcado (idGolo, minuto, idJogador, idJogo) VALUES (214, 13, 93, 42);
INSERT INTO GoloMarcado (idGolo, minuto, idJogador, idJogo) VALUES (215, 47, 155, 43);
INSERT INTO GoloMarcado (idGolo, minuto, idJogador, idJogo) VALUES (216, 22, 152, 43);
INSERT INTO GoloMarcado (idGolo, minuto, idJogador, idJogo) VALUES (217, 45, 148, 43);
INSERT INTO GoloMarcado (idGolo, minuto, idJogador, idJogo) VALUES (218, 76, 155, 43);
INSERT INTO GoloMarcado (idGolo, minuto, idJogador, idJogo) VALUES (219, 38, 172, 43);
INSERT INTO GoloMarcado (idGolo, minuto, idJogador, idJogo) VALUES (220, 9, 164, 43);
INSERT INTO GoloMarcado (idGolo, minuto, idJogador, idJogo) VALUES (221, 30, 172, 43);
INSERT INTO GoloMarcado (idGolo, minuto, idJogador, idJogo) VALUES (222, 21, 167, 43);
INSERT INTO GoloMarcado (idGolo, minuto, idJogador, idJogo) VALUES (223, 74, 168, 43);
INSERT INTO GoloMarcado (idGolo, minuto, idJogador, idJogo) VALUES (224, 37, 170, 43);
INSERT INTO GoloMarcado (idGolo, minuto, idJogador, idJogo) VALUES (225, 68, 199, 44);
INSERT INTO GoloMarcado (idGolo, minuto, idJogador, idJogo) VALUES (226, 62, 201, 44);
INSERT INTO GoloMarcado (idGolo, minuto, idJogador, idJogo) VALUES (227, 27, 98, 44);
INSERT INTO GoloMarcado (idGolo, minuto, idJogador, idJogo) VALUES (228, 73, 99, 44);
INSERT INTO GoloMarcado (idGolo, minuto, idJogador, idJogo) VALUES (229, 62, 108, 44);
INSERT INTO GoloMarcado (idGolo, minuto, idJogador, idJogo) VALUES (230, 33, 100, 44);
INSERT INTO GoloMarcado (idGolo, minuto, idJogador, idJogo) VALUES (231, 71, 106, 44);
INSERT INTO GoloMarcado (idGolo, minuto, idJogador, idJogo) VALUES (232, 18, 104, 44);
INSERT INTO GoloMarcado (idGolo, minuto, idJogador, idJogo) VALUES (233, 41, 85, 45);
INSERT INTO GoloMarcado (idGolo, minuto, idJogador, idJogo) VALUES (234, 14, 89, 45);
INSERT INTO GoloMarcado (idGolo, minuto, idJogador, idJogo) VALUES (235, 2, 89, 45);
INSERT INTO GoloMarcado (idGolo, minuto, idJogador, idJogo) VALUES (236, 27, 87, 45);
INSERT INTO GoloMarcado (idGolo, minuto, idJogador, idJogo) VALUES (237, 29, 231, 45);
INSERT INTO GoloMarcado (idGolo, minuto, idJogador, idJogo) VALUES (238, 84, 237, 45);
INSERT INTO GoloMarcado (idGolo, minuto, idJogador, idJogo) VALUES (239, 19, 231, 45);
INSERT INTO GoloMarcado (idGolo, minuto, idJogador, idJogo) VALUES (240, 25, 237, 45);
INSERT INTO GoloMarcado (idGolo, minuto, idJogador, idJogo) VALUES (241, 10, 236, 45);
INSERT INTO GoloMarcado (idGolo, minuto, idJogador, idJogo) VALUES (242, 41, 142, 46);
INSERT INTO GoloMarcado (idGolo, minuto, idJogador, idJogo) VALUES (243, 39, 143, 46);
INSERT INTO GoloMarcado (idGolo, minuto, idJogador, idJogo) VALUES (244, 88, 42, 47);
INSERT INTO GoloMarcado (idGolo, minuto, idJogador, idJogo) VALUES (245, 35, 41, 47);
INSERT INTO GoloMarcado (idGolo, minuto, idJogador, idJogo) VALUES (246, 84, 281, 47);
INSERT INTO GoloMarcado (idGolo, minuto, idJogador, idJogo) VALUES (247, 10, 283, 47);
INSERT INTO GoloMarcado (idGolo, minuto, idJogador, idJogo) VALUES (248, 20, 280, 47);
INSERT INTO GoloMarcado (idGolo, minuto, idJogador, idJogo) VALUES (249, 69, 284, 47);
INSERT INTO GoloMarcado (idGolo, minuto, idJogador, idJogo) VALUES (250, 2, 283, 47);
INSERT INTO GoloMarcado (idGolo, minuto, idJogador, idJogo) VALUES (251, 72, 120, 48);
INSERT INTO GoloMarcado (idGolo, minuto, idJogador, idJogo) VALUES (252, 27, 121, 48);
INSERT INTO GoloMarcado (idGolo, minuto, idJogador, idJogo) VALUES (253, 41, 21, 48);
INSERT INTO GoloMarcado (idGolo, minuto, idJogador, idJogo) VALUES (254, 39, 258, 49);
INSERT INTO GoloMarcado (idGolo, minuto, idJogador, idJogo) VALUES (255, 15, 252, 49);
INSERT INTO GoloMarcado (idGolo, minuto, idJogador, idJogo) VALUES (256, 57, 263, 49);
INSERT INTO GoloMarcado (idGolo, minuto, idJogador, idJogo) VALUES (257, 24, 106, 50);
INSERT INTO GoloMarcado (idGolo, minuto, idJogador, idJogo) VALUES (258, 76, 104, 50);
INSERT INTO GoloMarcado (idGolo, minuto, idJogador, idJogo) VALUES (259, 47, 105, 50);
INSERT INTO GoloMarcado (idGolo, minuto, idJogador, idJogo) VALUES (260, 38, 108, 50);
INSERT INTO GoloMarcado (idGolo, minuto, idJogador, idJogo) VALUES (261, 68, 148, 50);
INSERT INTO GoloMarcado (idGolo, minuto, idJogador, idJogo) VALUES (262, 76, 147, 50);
INSERT INTO GoloMarcado (idGolo, minuto, idJogador, idJogo) VALUES (263, 6, 151, 50);
INSERT INTO GoloMarcado (idGolo, minuto, idJogador, idJogo) VALUES (264, 54, 155, 50);
INSERT INTO GoloMarcado (idGolo, minuto, idJogador, idJogo) VALUES (265, 2, 148, 50);
INSERT INTO GoloMarcado (idGolo, minuto, idJogador, idJogo) VALUES (266, 19, 233, 51);
INSERT INTO GoloMarcado (idGolo, minuto, idJogador, idJogo) VALUES (267, 10, 229, 51);
INSERT INTO GoloMarcado (idGolo, minuto, idJogador, idJogo) VALUES (268, 10, 241, 51);
INSERT INTO GoloMarcado (idGolo, minuto, idJogador, idJogo) VALUES (269, 30, 35, 51);
INSERT INTO GoloMarcado (idGolo, minuto, idJogador, idJogo) VALUES (270, 73, 33, 51);
INSERT INTO GoloMarcado (idGolo, minuto, idJogador, idJogo) VALUES (271, 37, 259, 52);
INSERT INTO GoloMarcado (idGolo, minuto, idJogador, idJogo) VALUES (272, 46, 254, 52);
INSERT INTO GoloMarcado (idGolo, minuto, idJogador, idJogo) VALUES (273, 25, 261, 52);
INSERT INTO GoloMarcado (idGolo, minuto, idJogador, idJogo) VALUES (274, 50, 205, 52);
INSERT INTO GoloMarcado (idGolo, minuto, idJogador, idJogo) VALUES (275, 69, 18, 53);
INSERT INTO GoloMarcado (idGolo, minuto, idJogador, idJogo) VALUES (276, 79, 23, 53);
INSERT INTO GoloMarcado (idGolo, minuto, idJogador, idJogo) VALUES (277, 44, 22, 53);
INSERT INTO GoloMarcado (idGolo, minuto, idJogador, idJogo) VALUES (278, 11, 134, 53);
INSERT INTO GoloMarcado (idGolo, minuto, idJogador, idJogo) VALUES (279, 33, 134, 53);
INSERT INTO GoloMarcado (idGolo, minuto, idJogador, idJogo) VALUES (280, 88, 141, 53);
INSERT INTO GoloMarcado (idGolo, minuto, idJogador, idJogo) VALUES (281, 46, 142, 53);
INSERT INTO GoloMarcado (idGolo, minuto, idJogador, idJogo) VALUES (282, 34, 139, 53);
INSERT INTO GoloMarcado (idGolo, minuto, idJogador, idJogo) VALUES (283, 27, 140, 53);
INSERT INTO GoloMarcado (idGolo, minuto, idJogador, idJogo) VALUES (284, 70, 282, 54);
INSERT INTO GoloMarcado (idGolo, minuto, idJogador, idJogo) VALUES (285, 17, 271, 54);
INSERT INTO GoloMarcado (idGolo, minuto, idJogador, idJogo) VALUES (286, 79, 276, 54);
INSERT INTO GoloMarcado (idGolo, minuto, idJogador, idJogo) VALUES (287, 18, 273, 54);
INSERT INTO GoloMarcado (idGolo, minuto, idJogador, idJogo) VALUES (288, 3, 288, 54);
INSERT INTO GoloMarcado (idGolo, minuto, idJogador, idJogo) VALUES (289, 68, 282, 54);
INSERT INTO GoloMarcado (idGolo, minuto, idJogador, idJogo) VALUES (290, 77, 278, 54);
INSERT INTO GoloMarcado (idGolo, minuto, idJogador, idJogo) VALUES (291, 13, 285, 54);
INSERT INTO GoloMarcado (idGolo, minuto, idJogador, idJogo) VALUES (292, 18, 281, 54);
INSERT INTO GoloMarcado (idGolo, minuto, idJogador, idJogo) VALUES (293, 4, 124, 54);
INSERT INTO GoloMarcado (idGolo, minuto, idJogador, idJogo) VALUES (294, 69, 192, 55);
INSERT INTO GoloMarcado (idGolo, minuto, idJogador, idJogo) VALUES (295, 19, 178, 55);
INSERT INTO GoloMarcado (idGolo, minuto, idJogador, idJogo) VALUES (296, 88, 180, 55);
INSERT INTO GoloMarcado (idGolo, minuto, idJogador, idJogo) VALUES (297, 48, 190, 55);
INSERT INTO GoloMarcado (idGolo, minuto, idJogador, idJogo) VALUES (298, 83, 188, 55);
INSERT INTO GoloMarcado (idGolo, minuto, idJogador, idJogo) VALUES (299, 1, 74, 55);
INSERT INTO GoloMarcado (idGolo, minuto, idJogador, idJogo) VALUES (300, 18, 163, 56);
INSERT INTO GoloMarcado (idGolo, minuto, idJogador, idJogo) VALUES (301, 79, 164, 56);
INSERT INTO GoloMarcado (idGolo, minuto, idJogador, idJogo) VALUES (302, 49, 163, 56);
INSERT INTO GoloMarcado (idGolo, minuto, idJogador, idJogo) VALUES (303, 43, 164, 56);
INSERT INTO GoloMarcado (idGolo, minuto, idJogador, idJogo) VALUES (304, 64, 84, 56);
INSERT INTO GoloMarcado (idGolo, minuto, idJogador, idJogo) VALUES (305, 67, 142, 57);
INSERT INTO GoloMarcado (idGolo, minuto, idJogador, idJogo) VALUES (306, 82, 135, 57);
INSERT INTO GoloMarcado (idGolo, minuto, idJogador, idJogo) VALUES (307, 80, 141, 57);
INSERT INTO GoloMarcado (idGolo, minuto, idJogador, idJogo) VALUES (308, 61, 277, 57);
INSERT INTO GoloMarcado (idGolo, minuto, idJogador, idJogo) VALUES (309, 15, 285, 57);
INSERT INTO GoloMarcado (idGolo, minuto, idJogador, idJogo) VALUES (310, 47, 202, 58);
INSERT INTO GoloMarcado (idGolo, minuto, idJogador, idJogo) VALUES (311, 71, 207, 58);
INSERT INTO GoloMarcado (idGolo, minuto, idJogador, idJogo) VALUES (312, 61, 204, 58);
INSERT INTO GoloMarcado (idGolo, minuto, idJogador, idJogo) VALUES (313, 1, 200, 58);
INSERT INTO GoloMarcado (idGolo, minuto, idJogador, idJogo) VALUES (314, 80, 202, 58);
INSERT INTO GoloMarcado (idGolo, minuto, idJogador, idJogo) VALUES (315, 80, 186, 58);
INSERT INTO GoloMarcado (idGolo, minuto, idJogador, idJogo) VALUES (316, 35, 180, 58);
INSERT INTO GoloMarcado (idGolo, minuto, idJogador, idJogo) VALUES (317, 16, 187, 58);
INSERT INTO GoloMarcado (idGolo, minuto, idJogador, idJogo) VALUES (318, 52, 188, 58);
INSERT INTO GoloMarcado (idGolo, minuto, idJogador, idJogo) VALUES (319, 9, 35, 59);
INSERT INTO GoloMarcado (idGolo, minuto, idJogador, idJogo) VALUES (320, 4, 35, 59);
INSERT INTO GoloMarcado (idGolo, minuto, idJogador, idJogo) VALUES (321, 40, 32, 59);
INSERT INTO GoloMarcado (idGolo, minuto, idJogador, idJogo) VALUES (322, 81, 168, 59);
INSERT INTO GoloMarcado (idGolo, minuto, idJogador, idJogo) VALUES (323, 72, 170, 59);
INSERT INTO GoloMarcado (idGolo, minuto, idJogador, idJogo) VALUES (324, 39, 170, 59);
INSERT INTO GoloMarcado (idGolo, minuto, idJogador, idJogo) VALUES (325, 55, 170, 59);
INSERT INTO GoloMarcado (idGolo, minuto, idJogador, idJogo) VALUES (326, 84, 172, 59);
INSERT INTO GoloMarcado (idGolo, minuto, idJogador, idJogo) VALUES (327, 3, 82, 60);
INSERT INTO GoloMarcado (idGolo, minuto, idJogador, idJogo) VALUES (328, 79, 81, 60);
INSERT INTO GoloMarcado (idGolo, minuto, idJogador, idJogo) VALUES (329, 34, 87, 60);
INSERT INTO GoloMarcado (idGolo, minuto, idJogador, idJogo) VALUES (330, 21, 154, 60);
INSERT INTO GoloMarcado (idGolo, minuto, idJogador, idJogo) VALUES (331, 40, 152, 60);
INSERT INTO GoloMarcado (idGolo, minuto, idJogador, idJogo) VALUES (332, 70, 151, 60);
INSERT INTO GoloMarcado (idGolo, minuto, idJogador, idJogo) VALUES (333, 65, 255, 61);
INSERT INTO GoloMarcado (idGolo, minuto, idJogador, idJogo) VALUES (334, 39, 255, 61);
INSERT INTO GoloMarcado (idGolo, minuto, idJogador, idJogo) VALUES (335, 21, 266, 61);
INSERT INTO GoloMarcado (idGolo, minuto, idJogador, idJogo) VALUES (336, 74, 257, 61);
INSERT INTO GoloMarcado (idGolo, minuto, idJogador, idJogo) VALUES (337, 15, 253, 61);
INSERT INTO GoloMarcado (idGolo, minuto, idJogador, idJogo) VALUES (338, 54, 257, 61);
INSERT INTO GoloMarcado (idGolo, minuto, idJogador, idJogo) VALUES (339, 28, 256, 61);
INSERT INTO GoloMarcado (idGolo, minuto, idJogador, idJogo) VALUES (340, 8, 99, 61);
INSERT INTO GoloMarcado (idGolo, minuto, idJogador, idJogo) VALUES (341, 52, 245, 62);
INSERT INTO GoloMarcado (idGolo, minuto, idJogador, idJogo) VALUES (342, 82, 243, 62);
INSERT INTO GoloMarcado (idGolo, minuto, idJogador, idJogo) VALUES (343, 20, 239, 62);
INSERT INTO GoloMarcado (idGolo, minuto, idJogador, idJogo) VALUES (344, 74, 237, 62);
INSERT INTO GoloMarcado (idGolo, minuto, idJogador, idJogo) VALUES (345, 13, 75, 63);
INSERT INTO GoloMarcado (idGolo, minuto, idJogador, idJogo) VALUES (346, 3, 75, 63);
INSERT INTO GoloMarcado (idGolo, minuto, idJogador, idJogo) VALUES (347, 24, 76, 63);
INSERT INTO GoloMarcado (idGolo, minuto, idJogador, idJogo) VALUES (348, 33, 67, 63);
INSERT INTO GoloMarcado (idGolo, minuto, idJogador, idJogo) VALUES (349, 17, 64, 63);
INSERT INTO GoloMarcado (idGolo, minuto, idJogador, idJogo) VALUES (350, 35, 23, 63);
INSERT INTO GoloMarcado (idGolo, minuto, idJogador, idJogo) VALUES (351, 39, 18, 63);
INSERT INTO GoloMarcado (idGolo, minuto, idJogador, idJogo) VALUES (352, 62, 28, 64);
INSERT INTO GoloMarcado (idGolo, minuto, idJogador, idJogo) VALUES (353, 47, 203, 64);
INSERT INTO GoloMarcado (idGolo, minuto, idJogador, idJogo) VALUES (354, 65, 199, 64);
INSERT INTO GoloMarcado (idGolo, minuto, idJogador, idJogo) VALUES (355, 81, 198, 64);
INSERT INTO GoloMarcado (idGolo, minuto, idJogador, idJogo) VALUES (356, 83, 198, 64);
INSERT INTO GoloMarcado (idGolo, minuto, idJogador, idJogo) VALUES (357, 38, 198, 64);
INSERT INTO GoloMarcado (idGolo, minuto, idJogador, idJogo) VALUES (358, 61, 206, 64);
INSERT INTO GoloMarcado (idGolo, minuto, idJogador, idJogo) VALUES (359, 18, 199, 64);
INSERT INTO GoloMarcado (idGolo, minuto, idJogador, idJogo) VALUES (360, 36, 198, 64);
INSERT INTO GoloMarcado (idGolo, minuto, idJogador, idJogo) VALUES (361, 65, 163, 65);
INSERT INTO GoloMarcado (idGolo, minuto, idJogador, idJogo) VALUES (362, 8, 170, 65);
INSERT INTO GoloMarcado (idGolo, minuto, idJogador, idJogo) VALUES (363, 24, 169, 65);
INSERT INTO GoloMarcado (idGolo, minuto, idJogador, idJogo) VALUES (364, 51, 163, 65);
INSERT INTO GoloMarcado (idGolo, minuto, idJogador, idJogo) VALUES (365, 75, 171, 65);
INSERT INTO GoloMarcado (idGolo, minuto, idJogador, idJogo) VALUES (366, 3, 173, 65);
INSERT INTO GoloMarcado (idGolo, minuto, idJogador, idJogo) VALUES (367, 31, 121, 65);
INSERT INTO GoloMarcado (idGolo, minuto, idJogador, idJogo) VALUES (368, 40, 126, 65);
INSERT INTO GoloMarcado (idGolo, minuto, idJogador, idJogo) VALUES (369, 53, 123, 65);
INSERT INTO GoloMarcado (idGolo, minuto, idJogador, idJogo) VALUES (370, 26, 118, 65);
INSERT INTO GoloMarcado (idGolo, minuto, idJogador, idJogo) VALUES (371, 89, 118, 65);
INSERT INTO GoloMarcado (idGolo, minuto, idJogador, idJogo) VALUES (372, 50, 118, 65);
INSERT INTO GoloMarcado (idGolo, minuto, idJogador, idJogo) VALUES (373, 56, 157, 66);
INSERT INTO GoloMarcado (idGolo, minuto, idJogador, idJogo) VALUES (374, 57, 156, 66);
INSERT INTO GoloMarcado (idGolo, minuto, idJogador, idJogo) VALUES (375, 81, 149, 66);
INSERT INTO GoloMarcado (idGolo, minuto, idJogador, idJogo) VALUES (376, 30, 36, 66);
INSERT INTO GoloMarcado (idGolo, minuto, idJogador, idJogo) VALUES (377, 5, 39, 66);
INSERT INTO GoloMarcado (idGolo, minuto, idJogador, idJogo) VALUES (378, 18, 285, 67);
INSERT INTO GoloMarcado (idGolo, minuto, idJogador, idJogo) VALUES (379, 42, 282, 67);
INSERT INTO GoloMarcado (idGolo, minuto, idJogador, idJogo) VALUES (380, 46, 275, 67);
INSERT INTO GoloMarcado (idGolo, minuto, idJogador, idJogo) VALUES (381, 81, 282, 67);
INSERT INTO GoloMarcado (idGolo, minuto, idJogador, idJogo) VALUES (382, 14, 287, 67);
INSERT INTO GoloMarcado (idGolo, minuto, idJogador, idJogo) VALUES (383, 77, 281, 67);
INSERT INTO GoloMarcado (idGolo, minuto, idJogador, idJogo) VALUES (384, 10, 282, 67);
INSERT INTO GoloMarcado (idGolo, minuto, idJogador, idJogo) VALUES (385, 32, 64, 67);
INSERT INTO GoloMarcado (idGolo, minuto, idJogador, idJogo) VALUES (386, 10, 188, 68);
INSERT INTO GoloMarcado (idGolo, minuto, idJogador, idJogo) VALUES (387, 17, 183, 68);
INSERT INTO GoloMarcado (idGolo, minuto, idJogador, idJogo) VALUES (388, 30, 252, 68);
INSERT INTO GoloMarcado (idGolo, minuto, idJogador, idJogo) VALUES (389, 44, 265, 68);
INSERT INTO GoloMarcado (idGolo, minuto, idJogador, idJogo) VALUES (390, 72, 236, 69);
INSERT INTO GoloMarcado (idGolo, minuto, idJogador, idJogo) VALUES (391, 14, 238, 69);
INSERT INTO GoloMarcado (idGolo, minuto, idJogador, idJogo) VALUES (392, 15, 241, 69);
INSERT INTO GoloMarcado (idGolo, minuto, idJogador, idJogo) VALUES (393, 64, 232, 69);
INSERT INTO GoloMarcado (idGolo, minuto, idJogador, idJogo) VALUES (394, 63, 133, 69);
INSERT INTO GoloMarcado (idGolo, minuto, idJogador, idJogo) VALUES (395, 66, 137, 69);
INSERT INTO GoloMarcado (idGolo, minuto, idJogador, idJogo) VALUES (396, 58, 134, 69);
INSERT INTO GoloMarcado (idGolo, minuto, idJogador, idJogo) VALUES (397, 32, 97, 70);
INSERT INTO GoloMarcado (idGolo, minuto, idJogador, idJogo) VALUES (398, 3, 101, 70);
INSERT INTO GoloMarcado (idGolo, minuto, idJogador, idJogo) VALUES (399, 88, 104, 70);
INSERT INTO GoloMarcado (idGolo, minuto, idJogador, idJogo) VALUES (400, 74, 89, 70);
INSERT INTO GoloMarcado (idGolo, minuto, idJogador, idJogo) VALUES (401, 12, 92, 70);
INSERT INTO GoloMarcado (idGolo, minuto, idJogador, idJogo) VALUES (402, 75, 90, 70);
INSERT INTO GoloMarcado (idGolo, minuto, idJogador, idJogo) VALUES (403, 17, 85, 70);
INSERT INTO GoloMarcado (idGolo, minuto, idJogador, idJogo) VALUES (404, 27, 91, 70);
INSERT INTO GoloMarcado (idGolo, minuto, idJogador, idJogo) VALUES (405, 26, 253, 71);
INSERT INTO GoloMarcado (idGolo, minuto, idJogador, idJogo) VALUES (406, 58, 261, 71);
INSERT INTO GoloMarcado (idGolo, minuto, idJogador, idJogo) VALUES (407, 73, 263, 71);
INSERT INTO GoloMarcado (idGolo, minuto, idJogador, idJogo) VALUES (408, 23, 265, 71);
INSERT INTO GoloMarcado (idGolo, minuto, idJogador, idJogo) VALUES (409, 69, 254, 71);
INSERT INTO GoloMarcado (idGolo, minuto, idJogador, idJogo) VALUES (410, 26, 255, 71);
INSERT INTO GoloMarcado (idGolo, minuto, idJogador, idJogo) VALUES (411, 30, 259, 71);
INSERT INTO GoloMarcado (idGolo, minuto, idJogador, idJogo) VALUES (412, 78, 261, 71);
INSERT INTO GoloMarcado (idGolo, minuto, idJogador, idJogo) VALUES (413, 28, 261, 71);
INSERT INTO GoloMarcado (idGolo, minuto, idJogador, idJogo) VALUES (414, 6, 21, 71);
INSERT INTO GoloMarcado (idGolo, minuto, idJogador, idJogo) VALUES (415, 5, 23, 71);
INSERT INTO GoloMarcado (idGolo, minuto, idJogador, idJogo) VALUES (416, 71, 182, 72);
INSERT INTO GoloMarcado (idGolo, minuto, idJogador, idJogo) VALUES (417, 89, 192, 72);
INSERT INTO GoloMarcado (idGolo, minuto, idJogador, idJogo) VALUES (418, 60, 182, 72);
INSERT INTO GoloMarcado (idGolo, minuto, idJogador, idJogo) VALUES (419, 34, 104, 72);
INSERT INTO GoloMarcado (idGolo, minuto, idJogador, idJogo) VALUES (420, 39, 102, 72);
INSERT INTO GoloMarcado (idGolo, minuto, idJogador, idJogo) VALUES (421, 58, 100, 72);
INSERT INTO GoloMarcado (idGolo, minuto, idJogador, idJogo) VALUES (422, 63, 202, 73);
INSERT INTO GoloMarcado (idGolo, minuto, idJogador, idJogo) VALUES (423, 4, 202, 73);
INSERT INTO GoloMarcado (idGolo, minuto, idJogador, idJogo) VALUES (424, 89, 288, 73);
INSERT INTO GoloMarcado (idGolo, minuto, idJogador, idJogo) VALUES (425, 7, 281, 73);
INSERT INTO GoloMarcado (idGolo, minuto, idJogador, idJogo) VALUES (426, 43, 284, 73);
INSERT INTO GoloMarcado (idGolo, minuto, idJogador, idJogo) VALUES (427, 71, 274, 73);
INSERT INTO GoloMarcado (idGolo, minuto, idJogador, idJogo) VALUES (428, 62, 286, 73);
INSERT INTO GoloMarcado (idGolo, minuto, idJogador, idJogo) VALUES (429, 75, 130, 74);
INSERT INTO GoloMarcado (idGolo, minuto, idJogador, idJogo) VALUES (430, 49, 129, 74);
INSERT INTO GoloMarcado (idGolo, minuto, idJogador, idJogo) VALUES (431, 34, 134, 74);
INSERT INTO GoloMarcado (idGolo, minuto, idJogador, idJogo) VALUES (432, 21, 167, 74);
INSERT INTO GoloMarcado (idGolo, minuto, idJogador, idJogo) VALUES (433, 87, 162, 74);
INSERT INTO GoloMarcado (idGolo, minuto, idJogador, idJogo) VALUES (434, 11, 171, 74);
INSERT INTO GoloMarcado (idGolo, minuto, idJogador, idJogo) VALUES (435, 3, 172, 74);
INSERT INTO GoloMarcado (idGolo, minuto, idJogador, idJogo) VALUES (436, 53, 167, 74);
INSERT INTO GoloMarcado (idGolo, minuto, idJogador, idJogo) VALUES (437, 71, 169, 74);
INSERT INTO GoloMarcado (idGolo, minuto, idJogador, idJogo) VALUES (438, 65, 162, 74);
INSERT INTO GoloMarcado (idGolo, minuto, idJogador, idJogo) VALUES (439, 75, 119, 75);
INSERT INTO GoloMarcado (idGolo, minuto, idJogador, idJogo) VALUES (440, 22, 117, 75);
INSERT INTO GoloMarcado (idGolo, minuto, idJogador, idJogo) VALUES (441, 51, 121, 75);
INSERT INTO GoloMarcado (idGolo, minuto, idJogador, idJogo) VALUES (442, 82, 118, 75);
INSERT INTO GoloMarcado (idGolo, minuto, idJogador, idJogo) VALUES (443, 21, 123, 75);
INSERT INTO GoloMarcado (idGolo, minuto, idJogador, idJogo) VALUES (444, 55, 113, 75);
INSERT INTO GoloMarcado (idGolo, minuto, idJogador, idJogo) VALUES (445, 8, 124, 75);
INSERT INTO GoloMarcado (idGolo, minuto, idJogador, idJogo) VALUES (446, 49, 148, 75);
INSERT INTO GoloMarcado (idGolo, minuto, idJogador, idJogo) VALUES (447, 7, 147, 75);
INSERT INTO GoloMarcado (idGolo, minuto, idJogador, idJogo) VALUES (448, 76, 154, 75);
INSERT INTO GoloMarcado (idGolo, minuto, idJogador, idJogo) VALUES (449, 77, 153, 75);
INSERT INTO GoloMarcado (idGolo, minuto, idJogador, idJogo) VALUES (450, 87, 154, 75);
INSERT INTO GoloMarcado (idGolo, minuto, idJogador, idJogo) VALUES (451, 62, 33, 76);
INSERT INTO GoloMarcado (idGolo, minuto, idJogador, idJogo) VALUES (452, 66, 42, 76);
INSERT INTO GoloMarcado (idGolo, minuto, idJogador, idJogo) VALUES (453, 40, 35, 76);
INSERT INTO GoloMarcado (idGolo, minuto, idJogador, idJogo) VALUES (454, 81, 41, 76);
INSERT INTO GoloMarcado (idGolo, minuto, idJogador, idJogo) VALUES (455, 16, 36, 76);
INSERT INTO GoloMarcado (idGolo, minuto, idJogador, idJogo) VALUES (456, 70, 81, 76);
INSERT INTO GoloMarcado (idGolo, minuto, idJogador, idJogo) VALUES (457, 3, 88, 76);
INSERT INTO GoloMarcado (idGolo, minuto, idJogador, idJogo) VALUES (458, 76, 63, 77);
INSERT INTO GoloMarcado (idGolo, minuto, idJogador, idJogo) VALUES (459, 40, 236, 77);
INSERT INTO GoloMarcado (idGolo, minuto, idJogador, idJogo) VALUES (460, 45, 235, 77);
INSERT INTO GoloMarcado (idGolo, minuto, idJogador, idJogo) VALUES (461, 19, 39, 78);
INSERT INTO GoloMarcado (idGolo, minuto, idJogador, idJogo) VALUES (462, 0, 39, 78);
INSERT INTO GoloMarcado (idGolo, minuto, idJogador, idJogo) VALUES (463, 0, 32, 78);
INSERT INTO GoloMarcado (idGolo, minuto, idJogador, idJogo) VALUES (464, 83, 38, 78);
INSERT INTO GoloMarcado (idGolo, minuto, idJogador, idJogo) VALUES (465, 88, 34, 78);
INSERT INTO GoloMarcado (idGolo, minuto, idJogador, idJogo) VALUES (466, 81, 35, 78);
INSERT INTO GoloMarcado (idGolo, minuto, idJogador, idJogo) VALUES (467, 55, 101, 78);
INSERT INTO GoloMarcado (idGolo, minuto, idJogador, idJogo) VALUES (468, 65, 102, 78);
INSERT INTO GoloMarcado (idGolo, minuto, idJogador, idJogo) VALUES (469, 10, 98, 78);
INSERT INTO GoloMarcado (idGolo, minuto, idJogador, idJogo) VALUES (470, 83, 26, 79);
INSERT INTO GoloMarcado (idGolo, minuto, idJogador, idJogo) VALUES (471, 32, 16, 79);
INSERT INTO GoloMarcado (idGolo, minuto, idJogador, idJogo) VALUES (472, 70, 187, 79);
INSERT INTO GoloMarcado (idGolo, minuto, idJogador, idJogo) VALUES (473, 87, 187, 79);
INSERT INTO GoloMarcado (idGolo, minuto, idJogador, idJogo) VALUES (474, 36, 190, 79);
INSERT INTO GoloMarcado (idGolo, minuto, idJogador, idJogo) VALUES (475, 61, 157, 80);
INSERT INTO GoloMarcado (idGolo, minuto, idJogador, idJogo) VALUES (476, 9, 149, 80);
INSERT INTO GoloMarcado (idGolo, minuto, idJogador, idJogo) VALUES (477, 48, 150, 80);
INSERT INTO GoloMarcado (idGolo, minuto, idJogador, idJogo) VALUES (478, 68, 147, 80);
INSERT INTO GoloMarcado (idGolo, minuto, idJogador, idJogo) VALUES (479, 10, 132, 80);
INSERT INTO GoloMarcado (idGolo, minuto, idJogador, idJogo) VALUES (480, 87, 137, 80);
INSERT INTO GoloMarcado (idGolo, minuto, idJogador, idJogo) VALUES (481, 66, 171, 81);
INSERT INTO GoloMarcado (idGolo, minuto, idJogador, idJogo) VALUES (482, 82, 173, 81);
INSERT INTO GoloMarcado (idGolo, minuto, idJogador, idJogo) VALUES (483, 47, 166, 81);
INSERT INTO GoloMarcado (idGolo, minuto, idJogador, idJogo) VALUES (484, 89, 163, 81);
INSERT INTO GoloMarcado (idGolo, minuto, idJogador, idJogo) VALUES (485, 76, 169, 81);
INSERT INTO GoloMarcado (idGolo, minuto, idJogador, idJogo) VALUES (486, 7, 69, 81);
INSERT INTO GoloMarcado (idGolo, minuto, idJogador, idJogo) VALUES (487, 55, 62, 81);
INSERT INTO GoloMarcado (idGolo, minuto, idJogador, idJogo) VALUES (488, 68, 69, 81);
INSERT INTO GoloMarcado (idGolo, minuto, idJogador, idJogo) VALUES (489, 45, 69, 81);
INSERT INTO GoloMarcado (idGolo, minuto, idJogador, idJogo) VALUES (490, 65, 69, 81);
INSERT INTO GoloMarcado (idGolo, minuto, idJogador, idJogo) VALUES (491, 58, 80, 82);
INSERT INTO GoloMarcado (idGolo, minuto, idJogador, idJogo) VALUES (492, 58, 86, 82);
INSERT INTO GoloMarcado (idGolo, minuto, idJogador, idJogo) VALUES (493, 83, 88, 82);
INSERT INTO GoloMarcado (idGolo, minuto, idJogador, idJogo) VALUES (494, 27, 92, 82);
INSERT INTO GoloMarcado (idGolo, minuto, idJogador, idJogo) VALUES (495, 22, 87, 82);
INSERT INTO GoloMarcado (idGolo, minuto, idJogador, idJogo) VALUES (496, 25, 84, 82);
INSERT INTO GoloMarcado (idGolo, minuto, idJogador, idJogo) VALUES (497, 65, 125, 82);
INSERT INTO GoloMarcado (idGolo, minuto, idJogador, idJogo) VALUES (498, 43, 116, 82);
INSERT INTO GoloMarcado (idGolo, minuto, idJogador, idJogo) VALUES (499, 37, 119, 82);
INSERT INTO GoloMarcado (idGolo, minuto, idJogador, idJogo) VALUES (500, 41, 272, 83);
INSERT INTO GoloMarcado (idGolo, minuto, idJogador, idJogo) VALUES (501, 34, 242, 84);
INSERT INTO GoloMarcado (idGolo, minuto, idJogador, idJogo) VALUES (502, 4, 230, 84);
INSERT INTO GoloMarcado (idGolo, minuto, idJogador, idJogo) VALUES (503, 89, 238, 84);
INSERT INTO GoloMarcado (idGolo, minuto, idJogador, idJogo) VALUES (504, 27, 202, 84);
INSERT INTO GoloMarcado (idGolo, minuto, idJogador, idJogo) VALUES (505, 11, 71, 85);
INSERT INTO GoloMarcado (idGolo, minuto, idJogador, idJogo) VALUES (506, 22, 156, 85);
INSERT INTO GoloMarcado (idGolo, minuto, idJogador, idJogo) VALUES (507, 76, 153, 85);
INSERT INTO GoloMarcado (idGolo, minuto, idJogador, idJogo) VALUES (508, 10, 156, 85);
INSERT INTO GoloMarcado (idGolo, minuto, idJogador, idJogo) VALUES (509, 2, 104, 86);
INSERT INTO GoloMarcado (idGolo, minuto, idJogador, idJogo) VALUES (510, 87, 109, 86);
INSERT INTO GoloMarcado (idGolo, minuto, idJogador, idJogo) VALUES (511, 23, 27, 86);
INSERT INTO GoloMarcado (idGolo, minuto, idJogador, idJogo) VALUES (512, 36, 185, 87);
INSERT INTO GoloMarcado (idGolo, minuto, idJogador, idJogo) VALUES (513, 54, 192, 87);
INSERT INTO GoloMarcado (idGolo, minuto, idJogador, idJogo) VALUES (514, 73, 274, 87);
INSERT INTO GoloMarcado (idGolo, minuto, idJogador, idJogo) VALUES (515, 32, 280, 87);
INSERT INTO GoloMarcado (idGolo, minuto, idJogador, idJogo) VALUES (516, 77, 131, 88);
INSERT INTO GoloMarcado (idGolo, minuto, idJogador, idJogo) VALUES (517, 88, 143, 88);
INSERT INTO GoloMarcado (idGolo, minuto, idJogador, idJogo) VALUES (518, 80, 135, 88);
INSERT INTO GoloMarcado (idGolo, minuto, idJogador, idJogo) VALUES (519, 26, 141, 88);
INSERT INTO GoloMarcado (idGolo, minuto, idJogador, idJogo) VALUES (520, 41, 82, 88);
INSERT INTO GoloMarcado (idGolo, minuto, idJogador, idJogo) VALUES (521, 72, 88, 88);
INSERT INTO GoloMarcado (idGolo, minuto, idJogador, idJogo) VALUES (522, 31, 93, 88);
INSERT INTO GoloMarcado (idGolo, minuto, idJogador, idJogo) VALUES (523, 67, 85, 88);
INSERT INTO GoloMarcado (idGolo, minuto, idJogador, idJogo) VALUES (524, 53, 120, 89);
INSERT INTO GoloMarcado (idGolo, minuto, idJogador, idJogo) VALUES (525, 2, 124, 89);
INSERT INTO GoloMarcado (idGolo, minuto, idJogador, idJogo) VALUES (526, 56, 115, 89);
INSERT INTO GoloMarcado (idGolo, minuto, idJogador, idJogo) VALUES (527, 87, 34, 89);
INSERT INTO GoloMarcado (idGolo, minuto, idJogador, idJogo) VALUES (528, 39, 36, 89);
INSERT INTO GoloMarcado (idGolo, minuto, idJogador, idJogo) VALUES (529, 44, 31, 89);
INSERT INTO GoloMarcado (idGolo, minuto, idJogador, idJogo) VALUES (530, 15, 36, 89);
INSERT INTO GoloMarcado (idGolo, minuto, idJogador, idJogo) VALUES (531, 61, 261, 90);
INSERT INTO GoloMarcado (idGolo, minuto, idJogador, idJogo) VALUES (532, 68, 254, 90);
INSERT INTO GoloMarcado (idGolo, minuto, idJogador, idJogo) VALUES (533, 46, 266, 90);
INSERT INTO GoloMarcado (idGolo, minuto, idJogador, idJogo) VALUES (534, 56, 257, 90);
INSERT INTO GoloMarcado (idGolo, minuto, idJogador, idJogo) VALUES (535, 0, 235, 90);
INSERT INTO GoloMarcado (idGolo, minuto, idJogador, idJogo) VALUES (536, 34, 231, 90);
INSERT INTO GoloMarcado (idGolo, minuto, idJogador, idJogo) VALUES (537, 84, 202, 91);
INSERT INTO GoloMarcado (idGolo, minuto, idJogador, idJogo) VALUES (538, 56, 203, 91);
INSERT INTO GoloMarcado (idGolo, minuto, idJogador, idJogo) VALUES (539, 69, 208, 91);
INSERT INTO GoloMarcado (idGolo, minuto, idJogador, idJogo) VALUES (540, 55, 198, 91);
INSERT INTO GoloMarcado (idGolo, minuto, idJogador, idJogo) VALUES (541, 31, 197, 91);
INSERT INTO GoloMarcado (idGolo, minuto, idJogador, idJogo) VALUES (542, 60, 198, 91);
INSERT INTO GoloMarcado (idGolo, minuto, idJogador, idJogo) VALUES (543, 89, 164, 91);
INSERT INTO GoloMarcado (idGolo, minuto, idJogador, idJogo) VALUES (544, 43, 170, 91);
INSERT INTO GoloMarcado (idGolo, minuto, idJogador, idJogo) VALUES (545, 45, 143, 92);
INSERT INTO GoloMarcado (idGolo, minuto, idJogador, idJogo) VALUES (546, 45, 142, 92);
INSERT INTO GoloMarcado (idGolo, minuto, idJogador, idJogo) VALUES (547, 23, 131, 92);
INSERT INTO GoloMarcado (idGolo, minuto, idJogador, idJogo) VALUES (548, 38, 137, 92);
INSERT INTO GoloMarcado (idGolo, minuto, idJogador, idJogo) VALUES (549, 5, 40, 92);
INSERT INTO GoloMarcado (idGolo, minuto, idJogador, idJogo) VALUES (550, 13, 208, 93);
INSERT INTO GoloMarcado (idGolo, minuto, idJogador, idJogo) VALUES (551, 26, 201, 93);
INSERT INTO GoloMarcado (idGolo, minuto, idJogador, idJogo) VALUES (552, 3, 153, 93);
INSERT INTO GoloMarcado (idGolo, minuto, idJogador, idJogo) VALUES (553, 76, 27, 94);
INSERT INTO GoloMarcado (idGolo, minuto, idJogador, idJogo) VALUES (554, 58, 286, 94);
INSERT INTO GoloMarcado (idGolo, minuto, idJogador, idJogo) VALUES (555, 40, 275, 94);
INSERT INTO GoloMarcado (idGolo, minuto, idJogador, idJogo) VALUES (556, 51, 275, 94);
INSERT INTO GoloMarcado (idGolo, minuto, idJogador, idJogo) VALUES (557, 20, 276, 94);
INSERT INTO GoloMarcado (idGolo, minuto, idJogador, idJogo) VALUES (558, 10, 281, 94);
INSERT INTO GoloMarcado (idGolo, minuto, idJogador, idJogo) VALUES (559, 44, 257, 95);
INSERT INTO GoloMarcado (idGolo, minuto, idJogador, idJogo) VALUES (560, 64, 252, 95);
INSERT INTO GoloMarcado (idGolo, minuto, idJogador, idJogo) VALUES (561, 74, 259, 95);
INSERT INTO GoloMarcado (idGolo, minuto, idJogador, idJogo) VALUES (562, 69, 162, 95);
INSERT INTO GoloMarcado (idGolo, minuto, idJogador, idJogo) VALUES (563, 4, 170, 95);
INSERT INTO GoloMarcado (idGolo, minuto, idJogador, idJogo) VALUES (564, 38, 183, 96);
INSERT INTO GoloMarcado (idGolo, minuto, idJogador, idJogo) VALUES (565, 36, 246, 96);
INSERT INTO GoloMarcado (idGolo, minuto, idJogador, idJogo) VALUES (566, 29, 245, 96);
INSERT INTO GoloMarcado (idGolo, minuto, idJogador, idJogo) VALUES (567, 23, 235, 96);
INSERT INTO GoloMarcado (idGolo, minuto, idJogador, idJogo) VALUES (568, 46, 69, 97);
INSERT INTO GoloMarcado (idGolo, minuto, idJogador, idJogo) VALUES (569, 15, 74, 97);
INSERT INTO GoloMarcado (idGolo, minuto, idJogador, idJogo) VALUES (570, 41, 63, 97);
INSERT INTO GoloMarcado (idGolo, minuto, idJogador, idJogo) VALUES (571, 52, 89, 97);
INSERT INTO GoloMarcado (idGolo, minuto, idJogador, idJogo) VALUES (572, 89, 80, 97);
INSERT INTO GoloMarcado (idGolo, minuto, idJogador, idJogo) VALUES (573, 38, 88, 97);
INSERT INTO GoloMarcado (idGolo, minuto, idJogador, idJogo) VALUES (574, 2, 107, 98);
INSERT INTO GoloMarcado (idGolo, minuto, idJogador, idJogo) VALUES (575, 77, 106, 98);
INSERT INTO GoloMarcado (idGolo, minuto, idJogador, idJogo) VALUES (576, 6, 115, 98);
INSERT INTO GoloMarcado (idGolo, minuto, idJogador, idJogo) VALUES (577, 47, 114, 98);
INSERT INTO GoloMarcado (idGolo, minuto, idJogador, idJogo) VALUES (578, 82, 120, 98);
INSERT INTO GoloMarcado (idGolo, minuto, idJogador, idJogo) VALUES (579, 17, 168, 99);
INSERT INTO GoloMarcado (idGolo, minuto, idJogador, idJogo) VALUES (580, 75, 168, 99);
INSERT INTO GoloMarcado (idGolo, minuto, idJogador, idJogo) VALUES (581, 57, 162, 99);
INSERT INTO GoloMarcado (idGolo, minuto, idJogador, idJogo) VALUES (582, 78, 178, 99);
INSERT INTO GoloMarcado (idGolo, minuto, idJogador, idJogo) VALUES (583, 23, 179, 99);
INSERT INTO GoloMarcado (idGolo, minuto, idJogador, idJogo) VALUES (584, 14, 182, 99);
INSERT INTO GoloMarcado (idGolo, minuto, idJogador, idJogo) VALUES (585, 63, 88, 100);
INSERT INTO GoloMarcado (idGolo, minuto, idJogador, idJogo) VALUES (586, 18, 93, 100);
INSERT INTO GoloMarcado (idGolo, minuto, idJogador, idJogo) VALUES (587, 20, 87, 100);
INSERT INTO GoloMarcado (idGolo, minuto, idJogador, idJogo) VALUES (588, 59, 206, 100);
INSERT INTO GoloMarcado (idGolo, minuto, idJogador, idJogo) VALUES (589, 40, 207, 100);
INSERT INTO GoloMarcado (idGolo, minuto, idJogador, idJogo) VALUES (590, 64, 199, 100);
INSERT INTO GoloMarcado (idGolo, minuto, idJogador, idJogo) VALUES (591, 0, 204, 100);
INSERT INTO GoloMarcado (idGolo, minuto, idJogador, idJogo) VALUES (592, 12, 236, 101);
INSERT INTO GoloMarcado (idGolo, minuto, idJogador, idJogo) VALUES (593, 70, 237, 101);
INSERT INTO GoloMarcado (idGolo, minuto, idJogador, idJogo) VALUES (594, 23, 239, 101);
INSERT INTO GoloMarcado (idGolo, minuto, idJogador, idJogo) VALUES (595, 10, 244, 101);
INSERT INTO GoloMarcado (idGolo, minuto, idJogador, idJogo) VALUES (596, 13, 242, 101);
INSERT INTO GoloMarcado (idGolo, minuto, idJogador, idJogo) VALUES (597, 37, 244, 101);
INSERT INTO GoloMarcado (idGolo, minuto, idJogador, idJogo) VALUES (598, 21, 42, 102);
INSERT INTO GoloMarcado (idGolo, minuto, idJogador, idJogo) VALUES (599, 50, 42, 102);
INSERT INTO GoloMarcado (idGolo, minuto, idJogador, idJogo) VALUES (600, 60, 42, 102);
INSERT INTO GoloMarcado (idGolo, minuto, idJogador, idJogo) VALUES (601, 1, 34, 102);
INSERT INTO GoloMarcado (idGolo, minuto, idJogador, idJogo) VALUES (602, 10, 32, 102);
INSERT INTO GoloMarcado (idGolo, minuto, idJogador, idJogo) VALUES (603, 57, 74, 102);
INSERT INTO GoloMarcado (idGolo, minuto, idJogador, idJogo) VALUES (604, 41, 66, 102);
INSERT INTO GoloMarcado (idGolo, minuto, idJogador, idJogo) VALUES (605, 3, 65, 102);
INSERT INTO GoloMarcado (idGolo, minuto, idJogador, idJogo) VALUES (606, 49, 278, 103);
INSERT INTO GoloMarcado (idGolo, minuto, idJogador, idJogo) VALUES (607, 48, 282, 103);
INSERT INTO GoloMarcado (idGolo, minuto, idJogador, idJogo) VALUES (608, 66, 106, 103);
INSERT INTO GoloMarcado (idGolo, minuto, idJogador, idJogo) VALUES (609, 42, 98, 103);
INSERT INTO GoloMarcado (idGolo, minuto, idJogador, idJogo) VALUES (610, 40, 102, 103);
INSERT INTO GoloMarcado (idGolo, minuto, idJogador, idJogo) VALUES (611, 60, 108, 103);
INSERT INTO GoloMarcado (idGolo, minuto, idJogador, idJogo) VALUES (612, 83, 105, 103);
INSERT INTO GoloMarcado (idGolo, minuto, idJogador, idJogo) VALUES (613, 69, 154, 104);
INSERT INTO GoloMarcado (idGolo, minuto, idJogador, idJogo) VALUES (614, 29, 156, 104);
INSERT INTO GoloMarcado (idGolo, minuto, idJogador, idJogo) VALUES (615, 11, 152, 104);
INSERT INTO GoloMarcado (idGolo, minuto, idJogador, idJogo) VALUES (616, 14, 148, 104);
INSERT INTO GoloMarcado (idGolo, minuto, idJogador, idJogo) VALUES (617, 40, 264, 104);
INSERT INTO GoloMarcado (idGolo, minuto, idJogador, idJogo) VALUES (618, 85, 253, 104);
INSERT INTO GoloMarcado (idGolo, minuto, idJogador, idJogo) VALUES (619, 55, 266, 104);
INSERT INTO GoloMarcado (idGolo, minuto, idJogador, idJogo) VALUES (620, 81, 258, 104);
INSERT INTO GoloMarcado (idGolo, minuto, idJogador, idJogo) VALUES (621, 14, 258, 104);
INSERT INTO GoloMarcado (idGolo, minuto, idJogador, idJogo) VALUES (622, 77, 255, 104);
INSERT INTO GoloMarcado (idGolo, minuto, idJogador, idJogo) VALUES (623, 27, 254, 104);
INSERT INTO GoloMarcado (idGolo, minuto, idJogador, idJogo) VALUES (624, 53, 114, 105);
INSERT INTO GoloMarcado (idGolo, minuto, idJogador, idJogo) VALUES (625, 52, 116, 105);
INSERT INTO GoloMarcado (idGolo, minuto, idJogador, idJogo) VALUES (626, 84, 133, 105);
INSERT INTO GoloMarcado (idGolo, minuto, idJogador, idJogo) VALUES (627, 19, 143, 105);
INSERT INTO GoloMarcado (idGolo, minuto, idJogador, idJogo) VALUES (628, 43, 138, 105);
INSERT INTO GoloMarcado (idGolo, minuto, idJogador, idJogo) VALUES (629, 53, 142, 105);
INSERT INTO GoloMarcado (idGolo, minuto, idJogador, idJogo) VALUES (630, 79, 23, 106);
INSERT INTO GoloMarcado (idGolo, minuto, idJogador, idJogo) VALUES (631, 34, 168, 106);
INSERT INTO GoloMarcado (idGolo, minuto, idJogador, idJogo) VALUES (632, 39, 164, 106);
INSERT INTO GoloMarcado (idGolo, minuto, idJogador, idJogo) VALUES (633, 79, 99, 107);
INSERT INTO GoloMarcado (idGolo, minuto, idJogador, idJogo) VALUES (634, 5, 106, 107);
INSERT INTO GoloMarcado (idGolo, minuto, idJogador, idJogo) VALUES (635, 33, 101, 107);
INSERT INTO GoloMarcado (idGolo, minuto, idJogador, idJogo) VALUES (636, 80, 133, 107);
INSERT INTO GoloMarcado (idGolo, minuto, idJogador, idJogo) VALUES (637, 52, 208, 108);
INSERT INTO GoloMarcado (idGolo, minuto, idJogador, idJogo) VALUES (638, 72, 198, 108);
INSERT INTO GoloMarcado (idGolo, minuto, idJogador, idJogo) VALUES (639, 30, 198, 108);
INSERT INTO GoloMarcado (idGolo, minuto, idJogador, idJogo) VALUES (640, 20, 202, 108);
INSERT INTO GoloMarcado (idGolo, minuto, idJogador, idJogo) VALUES (641, 1, 205, 108);
INSERT INTO GoloMarcado (idGolo, minuto, idJogador, idJogo) VALUES (642, 29, 198, 108);
INSERT INTO GoloMarcado (idGolo, minuto, idJogador, idJogo) VALUES (643, 16, 204, 108);
INSERT INTO GoloMarcado (idGolo, minuto, idJogador, idJogo) VALUES (644, 71, 197, 108);
INSERT INTO GoloMarcado (idGolo, minuto, idJogador, idJogo) VALUES (645, 55, 36, 108);
INSERT INTO GoloMarcado (idGolo, minuto, idJogador, idJogo) VALUES (646, 59, 183, 109);
INSERT INTO GoloMarcado (idGolo, minuto, idJogador, idJogo) VALUES (647, 78, 187, 109);
INSERT INTO GoloMarcado (idGolo, minuto, idJogador, idJogo) VALUES (648, 87, 188, 109);
INSERT INTO GoloMarcado (idGolo, minuto, idJogador, idJogo) VALUES (649, 5, 184, 109);
INSERT INTO GoloMarcado (idGolo, minuto, idJogador, idJogo) VALUES (650, 37, 184, 109);
INSERT INTO GoloMarcado (idGolo, minuto, idJogador, idJogo) VALUES (651, 51, 179, 109);
INSERT INTO GoloMarcado (idGolo, minuto, idJogador, idJogo) VALUES (652, 86, 155, 109);
INSERT INTO GoloMarcado (idGolo, minuto, idJogador, idJogo) VALUES (653, 56, 150, 109);
INSERT INTO GoloMarcado (idGolo, minuto, idJogador, idJogo) VALUES (654, 54, 150, 109);
INSERT INTO GoloMarcado (idGolo, minuto, idJogador, idJogo) VALUES (655, 66, 150, 109);
INSERT INTO GoloMarcado (idGolo, minuto, idJogador, idJogo) VALUES (656, 2, 64, 110);
INSERT INTO GoloMarcado (idGolo, minuto, idJogador, idJogo) VALUES (657, 14, 70, 110);
INSERT INTO GoloMarcado (idGolo, minuto, idJogador, idJogo) VALUES (658, 50, 122, 110);
INSERT INTO GoloMarcado (idGolo, minuto, idJogador, idJogo) VALUES (659, 66, 123, 110);
INSERT INTO GoloMarcado (idGolo, minuto, idJogador, idJogo) VALUES (660, 24, 123, 110);
INSERT INTO GoloMarcado (idGolo, minuto, idJogador, idJogo) VALUES (661, 17, 116, 110);
INSERT INTO GoloMarcado (idGolo, minuto, idJogador, idJogo) VALUES (662, 44, 118, 110);
INSERT INTO GoloMarcado (idGolo, minuto, idJogador, idJogo) VALUES (663, 2, 285, 111);
INSERT INTO GoloMarcado (idGolo, minuto, idJogador, idJogo) VALUES (664, 87, 263, 112);
INSERT INTO GoloMarcado (idGolo, minuto, idJogador, idJogo) VALUES (665, 5, 266, 112);
INSERT INTO GoloMarcado (idGolo, minuto, idJogador, idJogo) VALUES (666, 8, 84, 112);
INSERT INTO GoloMarcado (idGolo, minuto, idJogador, idJogo) VALUES (667, 75, 83, 112);
INSERT INTO GoloMarcado (idGolo, minuto, idJogador, idJogo) VALUES (668, 32, 93, 112);
INSERT INTO GoloMarcado (idGolo, minuto, idJogador, idJogo) VALUES (669, 35, 89, 112);
INSERT INTO GoloMarcado (idGolo, minuto, idJogador, idJogo) VALUES (670, 89, 162, 113);
INSERT INTO GoloMarcado (idGolo, minuto, idJogador, idJogo) VALUES (671, 86, 167, 113);
INSERT INTO GoloMarcado (idGolo, minuto, idJogador, idJogo) VALUES (672, 41, 167, 113);
INSERT INTO GoloMarcado (idGolo, minuto, idJogador, idJogo) VALUES (673, 85, 166, 113);
INSERT INTO GoloMarcado (idGolo, minuto, idJogador, idJogo) VALUES (674, 2, 283, 113);
INSERT INTO GoloMarcado (idGolo, minuto, idJogador, idJogo) VALUES (675, 9, 288, 113);
INSERT INTO GoloMarcado (idGolo, minuto, idJogador, idJogo) VALUES (676, 16, 91, 114);
INSERT INTO GoloMarcado (idGolo, minuto, idJogador, idJogo) VALUES (677, 72, 82, 114);
INSERT INTO GoloMarcado (idGolo, minuto, idJogador, idJogo) VALUES (678, 46, 186, 114);
INSERT INTO GoloMarcado (idGolo, minuto, idJogador, idJogo) VALUES (679, 63, 180, 114);
INSERT INTO GoloMarcado (idGolo, minuto, idJogador, idJogo) VALUES (680, 6, 236, 115);
INSERT INTO GoloMarcado (idGolo, minuto, idJogador, idJogo) VALUES (681, 40, 239, 115);
INSERT INTO GoloMarcado (idGolo, minuto, idJogador, idJogo) VALUES (682, 88, 245, 115);
INSERT INTO GoloMarcado (idGolo, minuto, idJogador, idJogo) VALUES (683, 71, 109, 115);
INSERT INTO GoloMarcado (idGolo, minuto, idJogador, idJogo) VALUES (684, 29, 98, 115);
INSERT INTO GoloMarcado (idGolo, minuto, idJogador, idJogo) VALUES (685, 3, 100, 115);
INSERT INTO GoloMarcado (idGolo, minuto, idJogador, idJogo) VALUES (686, 80, 104, 115);
INSERT INTO GoloMarcado (idGolo, minuto, idJogador, idJogo) VALUES (687, 82, 99, 115);
INSERT INTO GoloMarcado (idGolo, minuto, idJogador, idJogo) VALUES (688, 61, 97, 115);
INSERT INTO GoloMarcado (idGolo, minuto, idJogador, idJogo) VALUES (689, 47, 148, 116);
INSERT INTO GoloMarcado (idGolo, minuto, idJogador, idJogo) VALUES (690, 11, 154, 116);
INSERT INTO GoloMarcado (idGolo, minuto, idJogador, idJogo) VALUES (691, 53, 150, 116);
INSERT INTO GoloMarcado (idGolo, minuto, idJogador, idJogo) VALUES (692, 45, 147, 116);
INSERT INTO GoloMarcado (idGolo, minuto, idJogador, idJogo) VALUES (693, 50, 152, 116);
INSERT INTO GoloMarcado (idGolo, minuto, idJogador, idJogo) VALUES (694, 72, 149, 116);
INSERT INTO GoloMarcado (idGolo, minuto, idJogador, idJogo) VALUES (695, 44, 28, 116);
INSERT INTO GoloMarcado (idGolo, minuto, idJogador, idJogo) VALUES (696, 55, 21, 116);
INSERT INTO GoloMarcado (idGolo, minuto, idJogador, idJogo) VALUES (697, 2, 18, 116);
INSERT INTO GoloMarcado (idGolo, minuto, idJogador, idJogo) VALUES (698, 72, 129, 117);
INSERT INTO GoloMarcado (idGolo, minuto, idJogador, idJogo) VALUES (699, 59, 135, 117);
INSERT INTO GoloMarcado (idGolo, minuto, idJogador, idJogo) VALUES (700, 53, 140, 117);
INSERT INTO GoloMarcado (idGolo, minuto, idJogador, idJogo) VALUES (701, 1, 132, 117);
INSERT INTO GoloMarcado (idGolo, minuto, idJogador, idJogo) VALUES (702, 62, 134, 117);
INSERT INTO GoloMarcado (idGolo, minuto, idJogador, idJogo) VALUES (703, 89, 130, 117);
INSERT INTO GoloMarcado (idGolo, minuto, idJogador, idJogo) VALUES (704, 34, 67, 117);
INSERT INTO GoloMarcado (idGolo, minuto, idJogador, idJogo) VALUES (705, 60, 34, 118);
INSERT INTO GoloMarcado (idGolo, minuto, idJogador, idJogo) VALUES (706, 64, 259, 118);
INSERT INTO GoloMarcado (idGolo, minuto, idJogador, idJogo) VALUES (707, 87, 260, 118);
INSERT INTO GoloMarcado (idGolo, minuto, idJogador, idJogo) VALUES (708, 20, 256, 118);
INSERT INTO GoloMarcado (idGolo, minuto, idJogador, idJogo) VALUES (709, 72, 123, 119);
INSERT INTO GoloMarcado (idGolo, minuto, idJogador, idJogo) VALUES (710, 86, 119, 119);
INSERT INTO GoloMarcado (idGolo, minuto, idJogador, idJogo) VALUES (711, 80, 204, 119);
INSERT INTO GoloMarcado (idGolo, minuto, idJogador, idJogo) VALUES (712, 35, 198, 119);
INSERT INTO GoloMarcado (idGolo, minuto, idJogador, idJogo) VALUES (713, 28, 200, 119);
INSERT INTO GoloMarcado (idGolo, minuto, idJogador, idJogo) VALUES (714, 81, 16, 120);
INSERT INTO GoloMarcado (idGolo, minuto, idJogador, idJogo) VALUES (715, 80, 85, 120);
INSERT INTO GoloMarcado (idGolo, minuto, idJogador, idJogo) VALUES (716, 60, 84, 120);
INSERT INTO GoloMarcado (idGolo, minuto, idJogador, idJogo) VALUES (717, 11, 84, 120);
INSERT INTO GoloMarcado (idGolo, minuto, idJogador, idJogo) VALUES (718, 0, 93, 120);
INSERT INTO GoloMarcado (idGolo, minuto, idJogador, idJogo) VALUES (719, 29, 88, 120);
INSERT INTO GoloMarcado (idGolo, minuto, idJogador, idJogo) VALUES (720, 70, 244, 121);
INSERT INTO GoloMarcado (idGolo, minuto, idJogador, idJogo) VALUES (721, 3, 242, 121);
INSERT INTO GoloMarcado (idGolo, minuto, idJogador, idJogo) VALUES (722, 74, 252, 122);
INSERT INTO GoloMarcado (idGolo, minuto, idJogador, idJogo) VALUES (723, 26, 260, 122);
INSERT INTO GoloMarcado (idGolo, minuto, idJogador, idJogo) VALUES (724, 63, 256, 122);
INSERT INTO GoloMarcado (idGolo, minuto, idJogador, idJogo) VALUES (725, 59, 124, 122);
INSERT INTO GoloMarcado (idGolo, minuto, idJogador, idJogo) VALUES (726, 50, 116, 122);
INSERT INTO GoloMarcado (idGolo, minuto, idJogador, idJogo) VALUES (727, 34, 97, 123);
INSERT INTO GoloMarcado (idGolo, minuto, idJogador, idJogo) VALUES (728, 56, 105, 123);
INSERT INTO GoloMarcado (idGolo, minuto, idJogador, idJogo) VALUES (729, 65, 101, 123);
INSERT INTO GoloMarcado (idGolo, minuto, idJogador, idJogo) VALUES (730, 21, 104, 123);
INSERT INTO GoloMarcado (idGolo, minuto, idJogador, idJogo) VALUES (731, 67, 64, 123);
INSERT INTO GoloMarcado (idGolo, minuto, idJogador, idJogo) VALUES (732, 61, 65, 123);
INSERT INTO GoloMarcado (idGolo, minuto, idJogador, idJogo) VALUES (733, 39, 187, 124);
INSERT INTO GoloMarcado (idGolo, minuto, idJogador, idJogo) VALUES (734, 13, 187, 124);
INSERT INTO GoloMarcado (idGolo, minuto, idJogador, idJogo) VALUES (735, 57, 191, 124);
INSERT INTO GoloMarcado (idGolo, minuto, idJogador, idJogo) VALUES (736, 29, 186, 124);
INSERT INTO GoloMarcado (idGolo, minuto, idJogador, idJogo) VALUES (737, 1, 190, 124);
INSERT INTO GoloMarcado (idGolo, minuto, idJogador, idJogo) VALUES (738, 38, 192, 124);
INSERT INTO GoloMarcado (idGolo, minuto, idJogador, idJogo) VALUES (739, 69, 36, 124);
INSERT INTO GoloMarcado (idGolo, minuto, idJogador, idJogo) VALUES (740, 88, 286, 125);
INSERT INTO GoloMarcado (idGolo, minuto, idJogador, idJogo) VALUES (741, 84, 157, 125);
INSERT INTO GoloMarcado (idGolo, minuto, idJogador, idJogo) VALUES (742, 50, 201, 126);
INSERT INTO GoloMarcado (idGolo, minuto, idJogador, idJogo) VALUES (743, 6, 142, 126);
INSERT INTO GoloMarcado (idGolo, minuto, idJogador, idJogo) VALUES (744, 52, 137, 126);
INSERT INTO GoloMarcado (idGolo, minuto, idJogador, idJogo) VALUES (745, 78, 132, 126);
INSERT INTO GoloMarcado (idGolo, minuto, idJogador, idJogo) VALUES (746, 50, 134, 126);
INSERT INTO GoloMarcado (idGolo, minuto, idJogador, idJogo) VALUES (747, 79, 139, 126);
INSERT INTO GoloMarcado (idGolo, minuto, idJogador, idJogo) VALUES (748, 6, 173, 127);
INSERT INTO GoloMarcado (idGolo, minuto, idJogador, idJogo) VALUES (749, 45, 166, 127);
INSERT INTO GoloMarcado (idGolo, minuto, idJogador, idJogo) VALUES (750, 58, 161, 127);
INSERT INTO GoloMarcado (idGolo, minuto, idJogador, idJogo) VALUES (751, 66, 99, 127);
INSERT INTO GoloMarcado (idGolo, minuto, idJogador, idJogo) VALUES (752, 88, 100, 127);
INSERT INTO GoloMarcado (idGolo, minuto, idJogador, idJogo) VALUES (753, 62, 64, 128);
INSERT INTO GoloMarcado (idGolo, minuto, idJogador, idJogo) VALUES (754, 56, 197, 128);
INSERT INTO GoloMarcado (idGolo, minuto, idJogador, idJogo) VALUES (755, 9, 197, 128);
INSERT INTO GoloMarcado (idGolo, minuto, idJogador, idJogo) VALUES (756, 80, 202, 128);
INSERT INTO GoloMarcado (idGolo, minuto, idJogador, idJogo) VALUES (757, 27, 206, 128);
INSERT INTO GoloMarcado (idGolo, minuto, idJogador, idJogo) VALUES (758, 83, 205, 128);
INSERT INTO GoloMarcado (idGolo, minuto, idJogador, idJogo) VALUES (759, 71, 93, 129);
INSERT INTO GoloMarcado (idGolo, minuto, idJogador, idJogo) VALUES (760, 28, 81, 129);
INSERT INTO GoloMarcado (idGolo, minuto, idJogador, idJogo) VALUES (761, 4, 91, 129);
INSERT INTO GoloMarcado (idGolo, minuto, idJogador, idJogo) VALUES (762, 76, 93, 129);
INSERT INTO GoloMarcado (idGolo, minuto, idJogador, idJogo) VALUES (763, 63, 90, 129);
INSERT INTO GoloMarcado (idGolo, minuto, idJogador, idJogo) VALUES (764, 74, 270, 129);
INSERT INTO GoloMarcado (idGolo, minuto, idJogador, idJogo) VALUES (765, 27, 132, 130);
INSERT INTO GoloMarcado (idGolo, minuto, idJogador, idJogo) VALUES (766, 83, 142, 130);
INSERT INTO GoloMarcado (idGolo, minuto, idJogador, idJogo) VALUES (767, 40, 139, 130);
INSERT INTO GoloMarcado (idGolo, minuto, idJogador, idJogo) VALUES (768, 84, 258, 130);
INSERT INTO GoloMarcado (idGolo, minuto, idJogador, idJogo) VALUES (769, 27, 257, 130);
INSERT INTO GoloMarcado (idGolo, minuto, idJogador, idJogo) VALUES (770, 17, 257, 130);
INSERT INTO GoloMarcado (idGolo, minuto, idJogador, idJogo) VALUES (771, 29, 265, 130);
INSERT INTO GoloMarcado (idGolo, minuto, idJogador, idJogo) VALUES (772, 53, 266, 130);
INSERT INTO GoloMarcado (idGolo, minuto, idJogador, idJogo) VALUES (773, 24, 122, 131);
INSERT INTO GoloMarcado (idGolo, minuto, idJogador, idJogo) VALUES (774, 14, 191, 131);
INSERT INTO GoloMarcado (idGolo, minuto, idJogador, idJogo) VALUES (775, 15, 190, 131);
INSERT INTO GoloMarcado (idGolo, minuto, idJogador, idJogo) VALUES (776, 26, 192, 131);
INSERT INTO GoloMarcado (idGolo, minuto, idJogador, idJogo) VALUES (777, 46, 191, 131);
INSERT INTO GoloMarcado (idGolo, minuto, idJogador, idJogo) VALUES (778, 66, 180, 131);
INSERT INTO GoloMarcado (idGolo, minuto, idJogador, idJogo) VALUES (779, 19, 190, 131);
INSERT INTO GoloMarcado (idGolo, minuto, idJogador, idJogo) VALUES (780, 89, 31, 132);
INSERT INTO GoloMarcado (idGolo, minuto, idJogador, idJogo) VALUES (781, 55, 35, 132);
INSERT INTO GoloMarcado (idGolo, minuto, idJogador, idJogo) VALUES (782, 63, 40, 132);
INSERT INTO GoloMarcado (idGolo, minuto, idJogador, idJogo) VALUES (783, 36, 38, 132);
INSERT INTO GoloMarcado (idGolo, minuto, idJogador, idJogo) VALUES (784, 33, 39, 132);
INSERT INTO GoloMarcado (idGolo, minuto, idJogador, idJogo) VALUES (785, 70, 149, 133);
INSERT INTO GoloMarcado (idGolo, minuto, idJogador, idJogo) VALUES (786, 76, 233, 133);
INSERT INTO GoloMarcado (idGolo, minuto, idJogador, idJogo) VALUES (787, 33, 240, 133);
INSERT INTO GoloMarcado (idGolo, minuto, idJogador, idJogo) VALUES (788, 28, 235, 133);
INSERT INTO GoloMarcado (idGolo, minuto, idJogador, idJogo) VALUES (789, 86, 232, 133);
INSERT INTO GoloMarcado (idGolo, minuto, idJogador, idJogo) VALUES (790, 62, 241, 133);
INSERT INTO GoloMarcado (idGolo, minuto, idJogador, idJogo) VALUES (791, 10, 279, 134);
INSERT INTO GoloMarcado (idGolo, minuto, idJogador, idJogo) VALUES (792, 46, 275, 134);
INSERT INTO GoloMarcado (idGolo, minuto, idJogador, idJogo) VALUES (793, 25, 270, 134);
INSERT INTO GoloMarcado (idGolo, minuto, idJogador, idJogo) VALUES (794, 89, 288, 134);
INSERT INTO GoloMarcado (idGolo, minuto, idJogador, idJogo) VALUES (795, 86, 285, 134);
INSERT INTO GoloMarcado (idGolo, minuto, idJogador, idJogo) VALUES (796, 53, 281, 134);
INSERT INTO GoloMarcado (idGolo, minuto, idJogador, idJogo) VALUES (797, 43, 36, 134);
INSERT INTO GoloMarcado (idGolo, minuto, idJogador, idJogo) VALUES (798, 72, 41, 134);
INSERT INTO GoloMarcado (idGolo, minuto, idJogador, idJogo) VALUES (799, 84, 27, 135);
INSERT INTO GoloMarcado (idGolo, minuto, idJogador, idJogo) VALUES (800, 30, 116, 135);
INSERT INTO GoloMarcado (idGolo, minuto, idJogador, idJogo) VALUES (801, 79, 115, 135);
INSERT INTO GoloMarcado (idGolo, minuto, idJogador, idJogo) VALUES (802, 35, 121, 135);
INSERT INTO GoloMarcado (idGolo, minuto, idJogador, idJogo) VALUES (803, 56, 123, 135);
INSERT INTO GoloMarcado (idGolo, minuto, idJogador, idJogo) VALUES (804, 42, 121, 135);
INSERT INTO GoloMarcado (idGolo, minuto, idJogador, idJogo) VALUES (805, 31, 124, 135);
INSERT INTO GoloMarcado (idGolo, minuto, idJogador, idJogo) VALUES (806, 41, 119, 135);
INSERT INTO GoloMarcado (idGolo, minuto, idJogador, idJogo) VALUES (807, 27, 118, 135);
INSERT INTO GoloMarcado (idGolo, minuto, idJogador, idJogo) VALUES (808, 21, 200, 136);
INSERT INTO GoloMarcado (idGolo, minuto, idJogador, idJogo) VALUES (809, 71, 207, 136);
INSERT INTO GoloMarcado (idGolo, minuto, idJogador, idJogo) VALUES (810, 58, 205, 136);
INSERT INTO GoloMarcado (idGolo, minuto, idJogador, idJogo) VALUES (811, 70, 162, 137);
INSERT INTO GoloMarcado (idGolo, minuto, idJogador, idJogo) VALUES (812, 43, 163, 137);
INSERT INTO GoloMarcado (idGolo, minuto, idJogador, idJogo) VALUES (813, 48, 169, 137);
INSERT INTO GoloMarcado (idGolo, minuto, idJogador, idJogo) VALUES (814, 28, 148, 137);
INSERT INTO GoloMarcado (idGolo, minuto, idJogador, idJogo) VALUES (815, 2, 150, 137);
INSERT INTO GoloMarcado (idGolo, minuto, idJogador, idJogo) VALUES (816, 16, 155, 137);
INSERT INTO GoloMarcado (idGolo, minuto, idJogador, idJogo) VALUES (817, 36, 150, 137);
INSERT INTO GoloMarcado (idGolo, minuto, idJogador, idJogo) VALUES (818, 80, 236, 138);
INSERT INTO GoloMarcado (idGolo, minuto, idJogador, idJogo) VALUES (819, 77, 83, 138);
INSERT INTO GoloMarcado (idGolo, minuto, idJogador, idJogo) VALUES (820, 32, 261, 139);
INSERT INTO GoloMarcado (idGolo, minuto, idJogador, idJogo) VALUES (821, 60, 262, 139);
INSERT INTO GoloMarcado (idGolo, minuto, idJogador, idJogo) VALUES (822, 73, 66, 139);
INSERT INTO GoloMarcado (idGolo, minuto, idJogador, idJogo) VALUES (823, 70, 181, 140);
INSERT INTO GoloMarcado (idGolo, minuto, idJogador, idJogo) VALUES (824, 63, 184, 140);
INSERT INTO GoloMarcado (idGolo, minuto, idJogador, idJogo) VALUES (825, 24, 142, 140);
INSERT INTO GoloMarcado (idGolo, minuto, idJogador, idJogo) VALUES (826, 4, 131, 140);
INSERT INTO GoloMarcado (idGolo, minuto, idJogador, idJogo) VALUES (827, 53, 64, 141);
INSERT INTO GoloMarcado (idGolo, minuto, idJogador, idJogo) VALUES (828, 81, 63, 141);
INSERT INTO GoloMarcado (idGolo, minuto, idJogador, idJogo) VALUES (829, 73, 68, 141);
INSERT INTO GoloMarcado (idGolo, minuto, idJogador, idJogo) VALUES (830, 15, 179, 141);
INSERT INTO GoloMarcado (idGolo, minuto, idJogador, idJogo) VALUES (831, 1, 180, 141);
INSERT INTO GoloMarcado (idGolo, minuto, idJogador, idJogo) VALUES (832, 43, 181, 141);
INSERT INTO GoloMarcado (idGolo, minuto, idJogador, idJogo) VALUES (833, 7, 183, 141);
INSERT INTO GoloMarcado (idGolo, minuto, idJogador, idJogo) VALUES (834, 54, 187, 141);
INSERT INTO GoloMarcado (idGolo, minuto, idJogador, idJogo) VALUES (835, 79, 178, 141);
INSERT INTO GoloMarcado (idGolo, minuto, idJogador, idJogo) VALUES (836, 27, 241, 142);
INSERT INTO GoloMarcado (idGolo, minuto, idJogador, idJogo) VALUES (837, 31, 233, 142);
INSERT INTO GoloMarcado (idGolo, minuto, idJogador, idJogo) VALUES (838, 61, 244, 142);
INSERT INTO GoloMarcado (idGolo, minuto, idJogador, idJogo) VALUES (839, 67, 239, 142);
INSERT INTO GoloMarcado (idGolo, minuto, idJogador, idJogo) VALUES (840, 76, 231, 142);
INSERT INTO GoloMarcado (idGolo, minuto, idJogador, idJogo) VALUES (841, 29, 233, 142);
INSERT INTO GoloMarcado (idGolo, minuto, idJogador, idJogo) VALUES (842, 20, 85, 143);
INSERT INTO GoloMarcado (idGolo, minuto, idJogador, idJogo) VALUES (843, 1, 162, 143);
INSERT INTO GoloMarcado (idGolo, minuto, idJogador, idJogo) VALUES (844, 18, 165, 143);
INSERT INTO GoloMarcado (idGolo, minuto, idJogador, idJogo) VALUES (845, 44, 173, 143);
INSERT INTO GoloMarcado (idGolo, minuto, idJogador, idJogo) VALUES (846, 74, 166, 143);
INSERT INTO GoloMarcado (idGolo, minuto, idJogador, idJogo) VALUES (847, 27, 136, 144);
INSERT INTO GoloMarcado (idGolo, minuto, idJogador, idJogo) VALUES (848, 7, 134, 144);
INSERT INTO GoloMarcado (idGolo, minuto, idJogador, idJogo) VALUES (849, 75, 133, 144);
INSERT INTO GoloMarcado (idGolo, minuto, idJogador, idJogo) VALUES (850, 80, 137, 144);
INSERT INTO GoloMarcado (idGolo, minuto, idJogador, idJogo) VALUES (851, 72, 141, 144);
INSERT INTO GoloMarcado (idGolo, minuto, idJogador, idJogo) VALUES (852, 39, 138, 144);
INSERT INTO GoloMarcado (idGolo, minuto, idJogador, idJogo) VALUES (853, 80, 142, 144);
INSERT INTO GoloMarcado (idGolo, minuto, idJogador, idJogo) VALUES (854, 77, 131, 144);
INSERT INTO GoloMarcado (idGolo, minuto, idJogador, idJogo) VALUES (855, 59, 23, 144);
INSERT INTO GoloMarcado (idGolo, minuto, idJogador, idJogo) VALUES (856, 72, 154, 145);
INSERT INTO GoloMarcado (idGolo, minuto, idJogador, idJogo) VALUES (857, 68, 149, 145);
INSERT INTO GoloMarcado (idGolo, minuto, idJogador, idJogo) VALUES (858, 5, 155, 145);
INSERT INTO GoloMarcado (idGolo, minuto, idJogador, idJogo) VALUES (859, 66, 98, 145);
INSERT INTO GoloMarcado (idGolo, minuto, idJogador, idJogo) VALUES (860, 16, 103, 145);
INSERT INTO GoloMarcado (idGolo, minuto, idJogador, idJogo) VALUES (861, 70, 101, 145);
INSERT INTO GoloMarcado (idGolo, minuto, idJogador, idJogo) VALUES (862, 80, 97, 145);
INSERT INTO GoloMarcado (idGolo, minuto, idJogador, idJogo) VALUES (863, 4, 126, 146);
INSERT INTO GoloMarcado (idGolo, minuto, idJogador, idJogo) VALUES (864, 3, 114, 146);
INSERT INTO GoloMarcado (idGolo, minuto, idJogador, idJogo) VALUES (865, 21, 121, 146);
INSERT INTO GoloMarcado (idGolo, minuto, idJogador, idJogo) VALUES (866, 17, 125, 146);
INSERT INTO GoloMarcado (idGolo, minuto, idJogador, idJogo) VALUES (867, 77, 274, 146);
INSERT INTO GoloMarcado (idGolo, minuto, idJogador, idJogo) VALUES (868, 68, 286, 146);
INSERT INTO GoloMarcado (idGolo, minuto, idJogador, idJogo) VALUES (869, 80, 272, 146);
INSERT INTO GoloMarcado (idGolo, minuto, idJogador, idJogo) VALUES (870, 48, 277, 146);
INSERT INTO GoloMarcado (idGolo, minuto, idJogador, idJogo) VALUES (871, 43, 205, 147);
INSERT INTO GoloMarcado (idGolo, minuto, idJogador, idJogo) VALUES (872, 10, 198, 147);
INSERT INTO GoloMarcado (idGolo, minuto, idJogador, idJogo) VALUES (873, 86, 204, 147);
INSERT INTO GoloMarcado (idGolo, minuto, idJogador, idJogo) VALUES (874, 53, 204, 147);
INSERT INTO GoloMarcado (idGolo, minuto, idJogador, idJogo) VALUES (875, 52, 199, 147);
INSERT INTO GoloMarcado (idGolo, minuto, idJogador, idJogo) VALUES (876, 45, 204, 147);
INSERT INTO GoloMarcado (idGolo, minuto, idJogador, idJogo) VALUES (877, 83, 206, 147);
INSERT INTO GoloMarcado (idGolo, minuto, idJogador, idJogo) VALUES (878, 2, 265, 147);
INSERT INTO GoloMarcado (idGolo, minuto, idJogador, idJogo) VALUES (879, 85, 265, 147);
INSERT INTO GoloMarcado (idGolo, minuto, idJogador, idJogo) VALUES (880, 40, 265, 147);
INSERT INTO GoloMarcado (idGolo, minuto, idJogador, idJogo) VALUES (881, 66, 236, 148);
INSERT INTO GoloMarcado (idGolo, minuto, idJogador, idJogo) VALUES (882, 33, 240, 148);
INSERT INTO GoloMarcado (idGolo, minuto, idJogador, idJogo) VALUES (883, 37, 234, 148);
INSERT INTO GoloMarcado (idGolo, minuto, idJogador, idJogo) VALUES (884, 83, 121, 148);
INSERT INTO GoloMarcado (idGolo, minuto, idJogador, idJogo) VALUES (885, 81, 122, 148);
INSERT INTO GoloMarcado (idGolo, minuto, idJogador, idJogo) VALUES (886, 39, 153, 149);
INSERT INTO GoloMarcado (idGolo, minuto, idJogador, idJogo) VALUES (887, 34, 153, 149);
INSERT INTO GoloMarcado (idGolo, minuto, idJogador, idJogo) VALUES (888, 70, 155, 149);
INSERT INTO GoloMarcado (idGolo, minuto, idJogador, idJogo) VALUES (889, 79, 86, 149);
INSERT INTO GoloMarcado (idGolo, minuto, idJogador, idJogo) VALUES (890, 17, 85, 149);
INSERT INTO GoloMarcado (idGolo, minuto, idJogador, idJogo) VALUES (891, 26, 82, 149);
INSERT INTO GoloMarcado (idGolo, minuto, idJogador, idJogo) VALUES (892, 89, 191, 150);
INSERT INTO GoloMarcado (idGolo, minuto, idJogador, idJogo) VALUES (893, 22, 187, 150);
INSERT INTO GoloMarcado (idGolo, minuto, idJogador, idJogo) VALUES (894, 31, 185, 150);
INSERT INTO GoloMarcado (idGolo, minuto, idJogador, idJogo) VALUES (895, 21, 203, 150);
INSERT INTO GoloMarcado (idGolo, minuto, idJogador, idJogo) VALUES (896, 48, 169, 151);
INSERT INTO GoloMarcado (idGolo, minuto, idJogador, idJogo) VALUES (897, 52, 34, 151);
INSERT INTO GoloMarcado (idGolo, minuto, idJogador, idJogo) VALUES (898, 65, 41, 151);
INSERT INTO GoloMarcado (idGolo, minuto, idJogador, idJogo) VALUES (899, 70, 34, 151);
INSERT INTO GoloMarcado (idGolo, minuto, idJogador, idJogo) VALUES (900, 41, 41, 151);
INSERT INTO GoloMarcado (idGolo, minuto, idJogador, idJogo) VALUES (901, 23, 274, 152);
INSERT INTO GoloMarcado (idGolo, minuto, idJogador, idJogo) VALUES (902, 20, 287, 152);
INSERT INTO GoloMarcado (idGolo, minuto, idJogador, idJogo) VALUES (903, 2, 286, 152);
INSERT INTO GoloMarcado (idGolo, minuto, idJogador, idJogo) VALUES (904, 12, 283, 152);
INSERT INTO GoloMarcado (idGolo, minuto, idJogador, idJogo) VALUES (905, 47, 143, 152);
INSERT INTO GoloMarcado (idGolo, minuto, idJogador, idJogo) VALUES (906, 48, 143, 152);
INSERT INTO GoloMarcado (idGolo, minuto, idJogador, idJogo) VALUES (907, 54, 134, 152);
INSERT INTO GoloMarcado (idGolo, minuto, idJogador, idJogo) VALUES (908, 68, 131, 152);
INSERT INTO GoloMarcado (idGolo, minuto, idJogador, idJogo) VALUES (909, 10, 98, 153);
INSERT INTO GoloMarcado (idGolo, minuto, idJogador, idJogo) VALUES (910, 56, 262, 153);
INSERT INTO GoloMarcado (idGolo, minuto, idJogador, idJogo) VALUES (911, 43, 261, 153);
INSERT INTO GoloMarcado (idGolo, minuto, idJogador, idJogo) VALUES (912, 5, 26, 154);
INSERT INTO GoloMarcado (idGolo, minuto, idJogador, idJogo) VALUES (913, 21, 22, 154);
INSERT INTO GoloMarcado (idGolo, minuto, idJogador, idJogo) VALUES (914, 19, 17, 154);
INSERT INTO GoloMarcado (idGolo, minuto, idJogador, idJogo) VALUES (915, 0, 76, 154);
INSERT INTO GoloMarcado (idGolo, minuto, idJogador, idJogo) VALUES (916, 76, 69, 154);
INSERT INTO GoloMarcado (idGolo, minuto, idJogador, idJogo) VALUES (917, 13, 65, 155);
INSERT INTO GoloMarcado (idGolo, minuto, idJogador, idJogo) VALUES (918, 6, 63, 155);
INSERT INTO GoloMarcado (idGolo, minuto, idJogador, idJogo) VALUES (919, 20, 270, 155);
INSERT INTO GoloMarcado (idGolo, minuto, idJogador, idJogo) VALUES (920, 21, 281, 155);
INSERT INTO GoloMarcado (idGolo, minuto, idJogador, idJogo) VALUES (921, 48, 280, 155);
INSERT INTO GoloMarcado (idGolo, minuto, idJogador, idJogo) VALUES (922, 26, 198, 156);
INSERT INTO GoloMarcado (idGolo, minuto, idJogador, idJogo) VALUES (923, 78, 207, 156);
INSERT INTO GoloMarcado (idGolo, minuto, idJogador, idJogo) VALUES (924, 50, 202, 156);
INSERT INTO GoloMarcado (idGolo, minuto, idJogador, idJogo) VALUES (925, 15, 206, 156);
INSERT INTO GoloMarcado (idGolo, minuto, idJogador, idJogo) VALUES (926, 7, 206, 156);
INSERT INTO GoloMarcado (idGolo, minuto, idJogador, idJogo) VALUES (927, 46, 257, 157);
INSERT INTO GoloMarcado (idGolo, minuto, idJogador, idJogo) VALUES (928, 78, 178, 157);
INSERT INTO GoloMarcado (idGolo, minuto, idJogador, idJogo) VALUES (929, 45, 122, 158);
INSERT INTO GoloMarcado (idGolo, minuto, idJogador, idJogo) VALUES (930, 82, 115, 158);
INSERT INTO GoloMarcado (idGolo, minuto, idJogador, idJogo) VALUES (931, 82, 116, 158);
INSERT INTO GoloMarcado (idGolo, minuto, idJogador, idJogo) VALUES (932, 31, 125, 158);
INSERT INTO GoloMarcado (idGolo, minuto, idJogador, idJogo) VALUES (933, 37, 161, 158);
INSERT INTO GoloMarcado (idGolo, minuto, idJogador, idJogo) VALUES (934, 87, 171, 158);
INSERT INTO GoloMarcado (idGolo, minuto, idJogador, idJogo) VALUES (935, 18, 172, 158);
INSERT INTO GoloMarcado (idGolo, minuto, idJogador, idJogo) VALUES (936, 49, 172, 158);
INSERT INTO GoloMarcado (idGolo, minuto, idJogador, idJogo) VALUES (937, 50, 40, 159);
INSERT INTO GoloMarcado (idGolo, minuto, idJogador, idJogo) VALUES (938, 2, 36, 159);
INSERT INTO GoloMarcado (idGolo, minuto, idJogador, idJogo) VALUES (939, 42, 155, 159);
INSERT INTO GoloMarcado (idGolo, minuto, idJogador, idJogo) VALUES (940, 13, 151, 159);
INSERT INTO GoloMarcado (idGolo, minuto, idJogador, idJogo) VALUES (941, 83, 141, 160);
INSERT INTO GoloMarcado (idGolo, minuto, idJogador, idJogo) VALUES (942, 40, 134, 160);
INSERT INTO GoloMarcado (idGolo, minuto, idJogador, idJogo) VALUES (943, 85, 232, 160);
INSERT INTO GoloMarcado (idGolo, minuto, idJogador, idJogo) VALUES (944, 30, 235, 160);
INSERT INTO GoloMarcado (idGolo, minuto, idJogador, idJogo) VALUES (945, 50, 90, 161);
INSERT INTO GoloMarcado (idGolo, minuto, idJogador, idJogo) VALUES (946, 47, 86, 161);
INSERT INTO GoloMarcado (idGolo, minuto, idJogador, idJogo) VALUES (947, 53, 108, 161);
INSERT INTO GoloMarcado (idGolo, minuto, idJogador, idJogo) VALUES (948, 24, 105, 161);
INSERT INTO GoloMarcado (idGolo, minuto, idJogador, idJogo) VALUES (949, 40, 237, 162);
INSERT INTO GoloMarcado (idGolo, minuto, idJogador, idJogo) VALUES (950, 33, 237, 162);
INSERT INTO GoloMarcado (idGolo, minuto, idJogador, idJogo) VALUES (951, 40, 240, 162);
INSERT INTO GoloMarcado (idGolo, minuto, idJogador, idJogo) VALUES (952, 48, 229, 162);
INSERT INTO GoloMarcado (idGolo, minuto, idJogador, idJogo) VALUES (953, 82, 235, 162);
INSERT INTO GoloMarcado (idGolo, minuto, idJogador, idJogo) VALUES (954, 52, 230, 162);
INSERT INTO GoloMarcado (idGolo, minuto, idJogador, idJogo) VALUES (955, 65, 63, 162);
INSERT INTO GoloMarcado (idGolo, minuto, idJogador, idJogo) VALUES (956, 54, 73, 162);
INSERT INTO GoloMarcado (idGolo, minuto, idJogador, idJogo) VALUES (957, 48, 26, 163);
INSERT INTO GoloMarcado (idGolo, minuto, idJogador, idJogo) VALUES (958, 22, 256, 163);
INSERT INTO GoloMarcado (idGolo, minuto, idJogador, idJogo) VALUES (959, 84, 257, 163);
INSERT INTO GoloMarcado (idGolo, minuto, idJogador, idJogo) VALUES (960, 7, 259, 163);
INSERT INTO GoloMarcado (idGolo, minuto, idJogador, idJogo) VALUES (961, 37, 97, 164);
INSERT INTO GoloMarcado (idGolo, minuto, idJogador, idJogo) VALUES (962, 12, 97, 164);
INSERT INTO GoloMarcado (idGolo, minuto, idJogador, idJogo) VALUES (963, 58, 180, 164);
INSERT INTO GoloMarcado (idGolo, minuto, idJogador, idJogo) VALUES (964, 66, 188, 164);
INSERT INTO GoloMarcado (idGolo, minuto, idJogador, idJogo) VALUES (965, 20, 150, 165);
INSERT INTO GoloMarcado (idGolo, minuto, idJogador, idJogo) VALUES (966, 81, 148, 165);
INSERT INTO GoloMarcado (idGolo, minuto, idJogador, idJogo) VALUES (967, 16, 149, 165);
INSERT INTO GoloMarcado (idGolo, minuto, idJogador, idJogo) VALUES (968, 74, 157, 165);
INSERT INTO GoloMarcado (idGolo, minuto, idJogador, idJogo) VALUES (969, 52, 119, 165);
INSERT INTO GoloMarcado (idGolo, minuto, idJogador, idJogo) VALUES (970, 42, 113, 165);
INSERT INTO GoloMarcado (idGolo, minuto, idJogador, idJogo) VALUES (971, 78, 116, 165);
INSERT INTO GoloMarcado (idGolo, minuto, idJogador, idJogo) VALUES (972, 47, 121, 165);
INSERT INTO GoloMarcado (idGolo, minuto, idJogador, idJogo) VALUES (973, 10, 35, 166);
INSERT INTO GoloMarcado (idGolo, minuto, idJogador, idJogo) VALUES (974, 4, 42, 166);
INSERT INTO GoloMarcado (idGolo, minuto, idJogador, idJogo) VALUES (975, 84, 40, 166);
INSERT INTO GoloMarcado (idGolo, minuto, idJogador, idJogo) VALUES (976, 12, 40, 166);
INSERT INTO GoloMarcado (idGolo, minuto, idJogador, idJogo) VALUES (977, 29, 279, 167);
INSERT INTO GoloMarcado (idGolo, minuto, idJogador, idJogo) VALUES (978, 45, 271, 167);
INSERT INTO GoloMarcado (idGolo, minuto, idJogador, idJogo) VALUES (979, 74, 163, 168);
INSERT INTO GoloMarcado (idGolo, minuto, idJogador, idJogo) VALUES (980, 19, 168, 168);
INSERT INTO GoloMarcado (idGolo, minuto, idJogador, idJogo) VALUES (981, 44, 162, 168);
INSERT INTO GoloMarcado (idGolo, minuto, idJogador, idJogo) VALUES (982, 26, 169, 168);
INSERT INTO GoloMarcado (idGolo, minuto, idJogador, idJogo) VALUES (983, 12, 129, 168);
INSERT INTO GoloMarcado (idGolo, minuto, idJogador, idJogo) VALUES (984, 68, 131, 168);
INSERT INTO GoloMarcado (idGolo, minuto, idJogador, idJogo) VALUES (985, 23, 133, 168);
INSERT INTO GoloMarcado (idGolo, minuto, idJogador, idJogo) VALUES (986, 1, 258, 169);
INSERT INTO GoloMarcado (idGolo, minuto, idJogador, idJogo) VALUES (987, 79, 263, 169);
INSERT INTO GoloMarcado (idGolo, minuto, idJogador, idJogo) VALUES (988, 10, 262, 169);
INSERT INTO GoloMarcado (idGolo, minuto, idJogador, idJogo) VALUES (989, 42, 270, 169);
INSERT INTO GoloMarcado (idGolo, minuto, idJogador, idJogo) VALUES (990, 57, 271, 169);
INSERT INTO GoloMarcado (idGolo, minuto, idJogador, idJogo) VALUES (991, 79, 188, 170);
INSERT INTO GoloMarcado (idGolo, minuto, idJogador, idJogo) VALUES (992, 29, 192, 170);
INSERT INTO GoloMarcado (idGolo, minuto, idJogador, idJogo) VALUES (993, 17, 182, 170);
INSERT INTO GoloMarcado (idGolo, minuto, idJogador, idJogo) VALUES (994, 15, 184, 170);
INSERT INTO GoloMarcado (idGolo, minuto, idJogador, idJogo) VALUES (995, 71, 190, 170);
INSERT INTO GoloMarcado (idGolo, minuto, idJogador, idJogo) VALUES (996, 58, 207, 171);
INSERT INTO GoloMarcado (idGolo, minuto, idJogador, idJogo) VALUES (997, 7, 198, 171);
INSERT INTO GoloMarcado (idGolo, minuto, idJogador, idJogo) VALUES (998, 86, 207, 171);
INSERT INTO GoloMarcado (idGolo, minuto, idJogador, idJogo) VALUES (999, 71, 198, 171);
INSERT INTO GoloMarcado (idGolo, minuto, idJogador, idJogo) VALUES (1000, 83, 207, 171);
INSERT INTO GoloMarcado (idGolo, minuto, idJogador, idJogo) VALUES (1001, 47, 205, 171);
INSERT INTO GoloMarcado (idGolo, minuto, idJogador, idJogo) VALUES (1002, 29, 234, 171);
INSERT INTO GoloMarcado (idGolo, minuto, idJogador, idJogo) VALUES (1003, 56, 239, 171);
INSERT INTO GoloMarcado (idGolo, minuto, idJogador, idJogo) VALUES (1004, 89, 241, 171);
INSERT INTO GoloMarcado (idGolo, minuto, idJogador, idJogo) VALUES (1005, 17, 242, 171);
INSERT INTO GoloMarcado (idGolo, minuto, idJogador, idJogo) VALUES (1006, 6, 140, 172);
INSERT INTO GoloMarcado (idGolo, minuto, idJogador, idJogo) VALUES (1007, 87, 142, 172);
INSERT INTO GoloMarcado (idGolo, minuto, idJogador, idJogo) VALUES (1008, 76, 141, 172);
INSERT INTO GoloMarcado (idGolo, minuto, idJogador, idJogo) VALUES (1009, 85, 155, 172);
INSERT INTO GoloMarcado (idGolo, minuto, idJogador, idJogo) VALUES (1010, 67, 101, 173);
INSERT INTO GoloMarcado (idGolo, minuto, idJogador, idJogo) VALUES (1011, 49, 107, 173);
INSERT INTO GoloMarcado (idGolo, minuto, idJogador, idJogo) VALUES (1012, 2, 104, 173);
INSERT INTO GoloMarcado (idGolo, minuto, idJogador, idJogo) VALUES (1013, 44, 35, 173);
INSERT INTO GoloMarcado (idGolo, minuto, idJogador, idJogo) VALUES (1014, 37, 40, 173);
INSERT INTO GoloMarcado (idGolo, minuto, idJogador, idJogo) VALUES (1015, 24, 76, 174);
INSERT INTO GoloMarcado (idGolo, minuto, idJogador, idJogo) VALUES (1016, 81, 169, 174);
INSERT INTO GoloMarcado (idGolo, minuto, idJogador, idJogo) VALUES (1017, 38, 171, 174);
INSERT INTO GoloMarcado (idGolo, minuto, idJogador, idJogo) VALUES (1018, 71, 173, 174);
INSERT INTO GoloMarcado (idGolo, minuto, idJogador, idJogo) VALUES (1019, 22, 163, 174);
INSERT INTO GoloMarcado (idGolo, minuto, idJogador, idJogo) VALUES (1020, 27, 166, 174);
INSERT INTO GoloMarcado (idGolo, minuto, idJogador, idJogo) VALUES (1021, 36, 164, 174);
INSERT INTO GoloMarcado (idGolo, minuto, idJogador, idJogo) VALUES (1022, 59, 167, 174);
INSERT INTO GoloMarcado (idGolo, minuto, idJogador, idJogo) VALUES (1023, 83, 161, 174);
INSERT INTO GoloMarcado (idGolo, minuto, idJogador, idJogo) VALUES (1024, 61, 120, 175);
INSERT INTO GoloMarcado (idGolo, minuto, idJogador, idJogo) VALUES (1025, 60, 118, 175);
INSERT INTO GoloMarcado (idGolo, minuto, idJogador, idJogo) VALUES (1026, 17, 123, 175);
INSERT INTO GoloMarcado (idGolo, minuto, idJogador, idJogo) VALUES (1027, 88, 119, 175);
INSERT INTO GoloMarcado (idGolo, minuto, idJogador, idJogo) VALUES (1028, 76, 83, 175);
INSERT INTO GoloMarcado (idGolo, minuto, idJogador, idJogo) VALUES (1029, 31, 84, 175);
INSERT INTO GoloMarcado (idGolo, minuto, idJogador, idJogo) VALUES (1030, 29, 28, 176);
INSERT INTO GoloMarcado (idGolo, minuto, idJogador, idJogo) VALUES (1031, 16, 16, 176);
INSERT INTO GoloMarcado (idGolo, minuto, idJogador, idJogo) VALUES (1032, 52, 25, 176);
INSERT INTO GoloMarcado (idGolo, minuto, idJogador, idJogo) VALUES (1033, 2, 16, 176);
INSERT INTO GoloMarcado (idGolo, minuto, idJogador, idJogo) VALUES (1034, 22, 16, 176);
INSERT INTO GoloMarcado (idGolo, minuto, idJogador, idJogo) VALUES (1035, 13, 18, 176);
INSERT INTO GoloMarcado (idGolo, minuto, idJogador, idJogo) VALUES (1036, 40, 100, 176);
INSERT INTO GoloMarcado (idGolo, minuto, idJogador, idJogo) VALUES (1037, 45, 99, 176);
INSERT INTO GoloMarcado (idGolo, minuto, idJogador, idJogo) VALUES (1038, 6, 104, 176);
INSERT INTO GoloMarcado (idGolo, minuto, idJogador, idJogo) VALUES (1039, 17, 108, 176);
INSERT INTO GoloMarcado (idGolo, minuto, idJogador, idJogo) VALUES (1040, 42, 107, 176);
INSERT INTO GoloMarcado (idGolo, minuto, idJogador, idJogo) VALUES (1041, 29, 276, 177);
INSERT INTO GoloMarcado (idGolo, minuto, idJogador, idJogo) VALUES (1042, 8, 185, 177);
INSERT INTO GoloMarcado (idGolo, minuto, idJogador, idJogo) VALUES (1043, 3, 165, 178);
INSERT INTO GoloMarcado (idGolo, minuto, idJogador, idJogo) VALUES (1044, 83, 167, 178);
INSERT INTO GoloMarcado (idGolo, minuto, idJogador, idJogo) VALUES (1045, 70, 199, 178);
INSERT INTO GoloMarcado (idGolo, minuto, idJogador, idJogo) VALUES (1046, 14, 205, 178);
INSERT INTO GoloMarcado (idGolo, minuto, idJogador, idJogo) VALUES (1047, 56, 204, 178);
INSERT INTO GoloMarcado (idGolo, minuto, idJogador, idJogo) VALUES (1048, 14, 151, 179);
INSERT INTO GoloMarcado (idGolo, minuto, idJogador, idJogo) VALUES (1049, 9, 151, 179);
INSERT INTO GoloMarcado (idGolo, minuto, idJogador, idJogo) VALUES (1050, 60, 147, 179);
INSERT INTO GoloMarcado (idGolo, minuto, idJogador, idJogo) VALUES (1051, 9, 157, 179);
INSERT INTO GoloMarcado (idGolo, minuto, idJogador, idJogo) VALUES (1052, 85, 156, 179);
INSERT INTO GoloMarcado (idGolo, minuto, idJogador, idJogo) VALUES (1053, 20, 156, 179);
INSERT INTO GoloMarcado (idGolo, minuto, idJogador, idJogo) VALUES (1054, 56, 66, 179);
INSERT INTO GoloMarcado (idGolo, minuto, idJogador, idJogo) VALUES (1055, 82, 63, 179);
INSERT INTO GoloMarcado (idGolo, minuto, idJogador, idJogo) VALUES (1056, 78, 65, 179);
INSERT INTO GoloMarcado (idGolo, minuto, idJogador, idJogo) VALUES (1057, 29, 69, 179);
INSERT INTO GoloMarcado (idGolo, minuto, idJogador, idJogo) VALUES (1058, 63, 36, 180);
INSERT INTO GoloMarcado (idGolo, minuto, idJogador, idJogo) VALUES (1059, 4, 41, 180);
INSERT INTO GoloMarcado (idGolo, minuto, idJogador, idJogo) VALUES (1060, 81, 122, 180);
INSERT INTO GoloMarcado (idGolo, minuto, idJogador, idJogo) VALUES (1061, 55, 118, 180);
INSERT INTO GoloMarcado (idGolo, minuto, idJogador, idJogo) VALUES (1062, 86, 124, 180);
INSERT INTO GoloMarcado (idGolo, minuto, idJogador, idJogo) VALUES (1063, 34, 113, 180);
INSERT INTO GoloMarcado (idGolo, minuto, idJogador, idJogo) VALUES (1064, 5, 84, 181);
INSERT INTO GoloMarcado (idGolo, minuto, idJogador, idJogo) VALUES (1065, 60, 83, 181);
INSERT INTO GoloMarcado (idGolo, minuto, idJogador, idJogo) VALUES (1066, 42, 87, 181);
INSERT INTO GoloMarcado (idGolo, minuto, idJogador, idJogo) VALUES (1067, 37, 83, 181);
INSERT INTO GoloMarcado (idGolo, minuto, idJogador, idJogo) VALUES (1068, 86, 136, 181);
INSERT INTO GoloMarcado (idGolo, minuto, idJogador, idJogo) VALUES (1069, 1, 142, 181);
INSERT INTO GoloMarcado (idGolo, minuto, idJogador, idJogo) VALUES (1070, 20, 136, 181);
INSERT INTO GoloMarcado (idGolo, minuto, idJogador, idJogo) VALUES (1071, 22, 137, 181);
INSERT INTO GoloMarcado (idGolo, minuto, idJogador, idJogo) VALUES (1072, 67, 137, 181);
INSERT INTO GoloMarcado (idGolo, minuto, idJogador, idJogo) VALUES (1073, 56, 246, 182);
INSERT INTO GoloMarcado (idGolo, minuto, idJogador, idJogo) VALUES (1074, 8, 233, 182);
INSERT INTO GoloMarcado (idGolo, minuto, idJogador, idJogo) VALUES (1075, 74, 243, 182);
INSERT INTO GoloMarcado (idGolo, minuto, idJogador, idJogo) VALUES (1076, 7, 266, 182);
INSERT INTO GoloMarcado (idGolo, minuto, idJogador, idJogo) VALUES (1077, 57, 261, 182);
INSERT INTO GoloMarcado (idGolo, minuto, idJogador, idJogo) VALUES (1078, 61, 204, 183);
INSERT INTO GoloMarcado (idGolo, minuto, idJogador, idJogo) VALUES (1079, 27, 202, 183);
INSERT INTO GoloMarcado (idGolo, minuto, idJogador, idJogo) VALUES (1080, 20, 207, 183);
INSERT INTO GoloMarcado (idGolo, minuto, idJogador, idJogo) VALUES (1081, 55, 198, 184);
INSERT INTO GoloMarcado (idGolo, minuto, idJogador, idJogo) VALUES (1082, 81, 73, 185);
INSERT INTO GoloMarcado (idGolo, minuto, idJogador, idJogo) VALUES (1083, 62, 91, 185);
INSERT INTO GoloMarcado (idGolo, minuto, idJogador, idJogo) VALUES (1084, 23, 87, 185);
INSERT INTO GoloMarcado (idGolo, minuto, idJogador, idJogo) VALUES (1085, 2, 85, 185);
INSERT INTO GoloMarcado (idGolo, minuto, idJogador, idJogo) VALUES (1086, 18, 93, 186);
INSERT INTO GoloMarcado (idGolo, minuto, idJogador, idJogo) VALUES (1087, 51, 86, 186);
INSERT INTO GoloMarcado (idGolo, minuto, idJogador, idJogo) VALUES (1088, 0, 86, 186);
INSERT INTO GoloMarcado (idGolo, minuto, idJogador, idJogo) VALUES (1089, 51, 39, 187);
INSERT INTO GoloMarcado (idGolo, minuto, idJogador, idJogo) VALUES (1090, 1, 41, 187);
INSERT INTO GoloMarcado (idGolo, minuto, idJogador, idJogo) VALUES (1091, 60, 122, 187);
INSERT INTO GoloMarcado (idGolo, minuto, idJogador, idJogo) VALUES (1092, 74, 126, 188);
INSERT INTO GoloMarcado (idGolo, minuto, idJogador, idJogo) VALUES (1093, 26, 118, 188);
INSERT INTO GoloMarcado (idGolo, minuto, idJogador, idJogo) VALUES (1094, 42, 113, 188);
INSERT INTO GoloMarcado (idGolo, minuto, idJogador, idJogo) VALUES (1095, 36, 121, 188);
INSERT INTO GoloMarcado (idGolo, minuto, idJogador, idJogo) VALUES (1096, 13, 31, 188);
INSERT INTO GoloMarcado (idGolo, minuto, idJogador, idJogo) VALUES (1097, 87, 117, 189);
INSERT INTO GoloMarcado (idGolo, minuto, idJogador, idJogo) VALUES (1098, 57, 117, 189);
INSERT INTO GoloMarcado (idGolo, minuto, idJogador, idJogo) VALUES (1099, 44, 118, 189);
INSERT INTO GoloMarcado (idGolo, minuto, idJogador, idJogo) VALUES (1100, 84, 123, 189);
INSERT INTO GoloMarcado (idGolo, minuto, idJogador, idJogo) VALUES (1101, 33, 115, 189);
INSERT INTO GoloMarcado (idGolo, minuto, idJogador, idJogo) VALUES (1102, 84, 42, 189);
INSERT INTO GoloMarcado (idGolo, minuto, idJogador, idJogo) VALUES (1103, 61, 34, 189);
INSERT INTO GoloMarcado (idGolo, minuto, idJogador, idJogo) VALUES (1104, 25, 41, 189);
INSERT INTO GoloMarcado (idGolo, minuto, idJogador, idJogo) VALUES (1105, 56, 35, 189);
INSERT INTO GoloMarcado (idGolo, minuto, idJogador, idJogo) VALUES (1106, 19, 155, 190);
INSERT INTO GoloMarcado (idGolo, minuto, idJogador, idJogo) VALUES (1107, 87, 150, 190);
INSERT INTO GoloMarcado (idGolo, minuto, idJogador, idJogo) VALUES (1108, 16, 151, 190);
INSERT INTO GoloMarcado (idGolo, minuto, idJogador, idJogo) VALUES (1109, 63, 98, 190);
INSERT INTO GoloMarcado (idGolo, minuto, idJogador, idJogo) VALUES (1110, 40, 100, 191);
INSERT INTO GoloMarcado (idGolo, minuto, idJogador, idJogo) VALUES (1111, 45, 107, 191);
INSERT INTO GoloMarcado (idGolo, minuto, idJogador, idJogo) VALUES (1112, 78, 107, 191);
INSERT INTO GoloMarcado (idGolo, minuto, idJogador, idJogo) VALUES (1113, 20, 99, 191);
INSERT INTO GoloMarcado (idGolo, minuto, idJogador, idJogo) VALUES (1114, 26, 153, 191);
INSERT INTO GoloMarcado (idGolo, minuto, idJogador, idJogo) VALUES (1115, 87, 148, 191);
INSERT INTO GoloMarcado (idGolo, minuto, idJogador, idJogo) VALUES (1116, 34, 108, 192);
INSERT INTO GoloMarcado (idGolo, minuto, idJogador, idJogo) VALUES (1117, 48, 109, 192);
INSERT INTO GoloMarcado (idGolo, minuto, idJogador, idJogo) VALUES (1118, 38, 153, 192);
INSERT INTO GoloMarcado (idGolo, minuto, idJogador, idJogo) VALUES (1119, 75, 17, 193);
INSERT INTO GoloMarcado (idGolo, minuto, idJogador, idJogo) VALUES (1120, 55, 25, 193);
INSERT INTO GoloMarcado (idGolo, minuto, idJogador, idJogo) VALUES (1121, 51, 20, 193);
INSERT INTO GoloMarcado (idGolo, minuto, idJogador, idJogo) VALUES (1122, 30, 28, 193);
INSERT INTO GoloMarcado (idGolo, minuto, idJogador, idJogo) VALUES (1123, 1, 157, 193);
INSERT INTO GoloMarcado (idGolo, minuto, idJogador, idJogo) VALUES (1124, 35, 154, 193);
INSERT INTO GoloMarcado (idGolo, minuto, idJogador, idJogo) VALUES (1125, 28, 156, 193);
INSERT INTO GoloMarcado (idGolo, minuto, idJogador, idJogo) VALUES (1126, 51, 151, 193);
INSERT INTO GoloMarcado (idGolo, minuto, idJogador, idJogo) VALUES (1127, 0, 147, 193);
INSERT INTO GoloMarcado (idGolo, minuto, idJogador, idJogo) VALUES (1128, 41, 149, 193);
INSERT INTO GoloMarcado (idGolo, minuto, idJogador, idJogo) VALUES (1129, 84, 147, 194);
INSERT INTO GoloMarcado (idGolo, minuto, idJogador, idJogo) VALUES (1130, 60, 148, 194);
INSERT INTO GoloMarcado (idGolo, minuto, idJogador, idJogo) VALUES (1131, 64, 155, 194);
INSERT INTO GoloMarcado (idGolo, minuto, idJogador, idJogo) VALUES (1132, 73, 148, 194);
INSERT INTO GoloMarcado (idGolo, minuto, idJogador, idJogo) VALUES (1133, 85, 147, 194);
INSERT INTO GoloMarcado (idGolo, minuto, idJogador, idJogo) VALUES (1134, 3, 26, 194);
INSERT INTO GoloMarcado (idGolo, minuto, idJogador, idJogo) VALUES (1135, 46, 26, 194);
INSERT INTO GoloMarcado (idGolo, minuto, idJogador, idJogo) VALUES (1136, 36, 69, 195);
INSERT INTO GoloMarcado (idGolo, minuto, idJogador, idJogo) VALUES (1137, 56, 40, 195);
INSERT INTO GoloMarcado (idGolo, minuto, idJogador, idJogo) VALUES (1138, 70, 36, 195);
INSERT INTO GoloMarcado (idGolo, minuto, idJogador, idJogo) VALUES (1139, 36, 34, 196);
INSERT INTO GoloMarcado (idGolo, minuto, idJogador, idJogo) VALUES (1140, 85, 39, 196);
INSERT INTO GoloMarcado (idGolo, minuto, idJogador, idJogo) VALUES (1141, 14, 75, 196);
INSERT INTO GoloMarcado (idGolo, minuto, idJogador, idJogo) VALUES (1142, 10, 73, 197);
INSERT INTO GoloMarcado (idGolo, minuto, idJogador, idJogo) VALUES (1143, 85, 74, 197);
INSERT INTO GoloMarcado (idGolo, minuto, idJogador, idJogo) VALUES (1144, 49, 66, 197);
INSERT INTO GoloMarcado (idGolo, minuto, idJogador, idJogo) VALUES (1145, 5, 68, 197);
INSERT INTO GoloMarcado (idGolo, minuto, idJogador, idJogo) VALUES (1146, 84, 28, 197);
INSERT INTO GoloMarcado (idGolo, minuto, idJogador, idJogo) VALUES (1147, 76, 25, 197);
INSERT INTO GoloMarcado (idGolo, minuto, idJogador, idJogo) VALUES (1148, 54, 16, 197);
INSERT INTO GoloMarcado (idGolo, minuto, idJogador, idJogo) VALUES (1149, 50, 18, 197);
INSERT INTO GoloMarcado (idGolo, minuto, idJogador, idJogo) VALUES (1150, 66, 24, 197);
INSERT INTO GoloMarcado (idGolo, minuto, idJogador, idJogo) VALUES (1151, 40, 23, 198);
INSERT INTO GoloMarcado (idGolo, minuto, idJogador, idJogo) VALUES (1152, 65, 22, 198);
INSERT INTO GoloMarcado (idGolo, minuto, idJogador, idJogo) VALUES (1153, 2, 16, 198);
INSERT INTO GoloMarcado (idGolo, minuto, idJogador, idJogo) VALUES (1154, 26, 21, 198);
INSERT INTO GoloMarcado (idGolo, minuto, idJogador, idJogo) VALUES (1155, 75, 63, 198);
INSERT INTO GoloMarcado (idGolo, minuto, idJogador, idJogo) VALUES (1156, 64, 70, 198);
INSERT INTO GoloMarcado (idGolo, minuto, idJogador, idJogo) VALUES (1157, 81, 63, 198);
INSERT INTO GoloMarcado (idGolo, minuto, idJogador, idJogo) VALUES (1158, 67, 64, 199);
INSERT INTO GoloMarcado (idGolo, minuto, idJogador, idJogo) VALUES (1159, 50, 63, 199);
INSERT INTO GoloMarcado (idGolo, minuto, idJogador, idJogo) VALUES (1160, 79, 75, 199);
INSERT INTO GoloMarcado (idGolo, minuto, idJogador, idJogo) VALUES (1161, 8, 25, 199);
INSERT INTO GoloMarcado (idGolo, minuto, idJogador, idJogo) VALUES (1162, 49, 27, 199);
INSERT INTO GoloMarcado (idGolo, minuto, idJogador, idJogo) VALUES (1163, 12, 27, 199);
INSERT INTO GoloMarcado (idGolo, minuto, idJogador, idJogo) VALUES (1164, 80, 28, 199);

-- Table: Jogador
DROP TABLE IF EXISTS Jogador;
CREATE TABLE Jogador (idJogador INTEGER PRIMARY KEY REFERENCES Pessoa (idPessoa) ON DELETE CASCADE ON UPDATE CASCADE, numeroCamisola INTEGER CHECK (1 < numeroCamisola < 99) NOT NULL, posicao VARCHAR (75) NOT NULL, equipa VARCHAR (75) REFERENCES Equipa (nome) ON DELETE CASCADE ON UPDATE CASCADE NOT NULL);
INSERT INTO Jogador (idJogador, numeroCamisola, posicao, equipa) VALUES (13, 1, 'Guarda-Redes', 'Sporting');
INSERT INTO Jogador (idJogador, numeroCamisola, posicao, equipa) VALUES (14, 14, 'Guarda-Redes', 'Sporting');
INSERT INTO Jogador (idJogador, numeroCamisola, posicao, equipa) VALUES (15, 16, 'Guarda-Redes', 'Sporting');
INSERT INTO Jogador (idJogador, numeroCamisola, posicao, equipa) VALUES (16, 4, 'Fixo', 'Sporting');
INSERT INTO Jogador (idJogador, numeroCamisola, posicao, equipa) VALUES (17, 8, 'Fixo', 'Sporting');
INSERT INTO Jogador (idJogador, numeroCamisola, posicao, equipa) VALUES (18, 9, 'Fixo', 'Sporting');
INSERT INTO Jogador (idJogador, numeroCamisola, posicao, equipa) VALUES (19, 13, 'Universal', 'Sporting');
INSERT INTO Jogador (idJogador, numeroCamisola, posicao, equipa) VALUES (20, 3, 'Ala', 'Sporting');
INSERT INTO Jogador (idJogador, numeroCamisola, posicao, equipa) VALUES (21, 10, 'Ala', 'Sporting');
INSERT INTO Jogador (idJogador, numeroCamisola, posicao, equipa) VALUES (22, 17, 'Ala', 'Sporting');
INSERT INTO Jogador (idJogador, numeroCamisola, posicao, equipa) VALUES (23, 18, 'Ala', 'Sporting');
INSERT INTO Jogador (idJogador, numeroCamisola, posicao, equipa) VALUES (24, 20, 'Ala', 'Sporting');
INSERT INTO Jogador (idJogador, numeroCamisola, posicao, equipa) VALUES (25, 29, 'Ala', 'Sporting');
INSERT INTO Jogador (idJogador, numeroCamisola, posicao, equipa) VALUES (26, 6, 'Pivot', 'Sporting');
INSERT INTO Jogador (idJogador, numeroCamisola, posicao, equipa) VALUES (27, 7, 'Pivot', 'Sporting');
INSERT INTO Jogador (idJogador, numeroCamisola, posicao, equipa) VALUES (28, 44, 'Pivot', 'Sporting');
INSERT INTO Jogador (idJogador, numeroCamisola, posicao, equipa) VALUES (29, 30, 'Guarda-Redes', 'Eléctrico');
INSERT INTO Jogador (idJogador, numeroCamisola, posicao, equipa) VALUES (30, 99, 'Guarda-Redes', 'Eléctrico');
INSERT INTO Jogador (idJogador, numeroCamisola, posicao, equipa) VALUES (31, 19, 'Fixo', 'Eléctrico');
INSERT INTO Jogador (idJogador, numeroCamisola, posicao, equipa) VALUES (32, 29, 'Fixo', 'Eléctrico');
INSERT INTO Jogador (idJogador, numeroCamisola, posicao, equipa) VALUES (33, 96, 'Fixo', 'Eléctrico');
INSERT INTO Jogador (idJogador, numeroCamisola, posicao, equipa) VALUES (34, 2, 'Ala', 'Eléctrico');
INSERT INTO Jogador (idJogador, numeroCamisola, posicao, equipa) VALUES (35, 6, 'Ala', 'Eléctrico');
INSERT INTO Jogador (idJogador, numeroCamisola, posicao, equipa) VALUES (36, 7, 'Ala', 'Eléctrico');
INSERT INTO Jogador (idJogador, numeroCamisola, posicao, equipa) VALUES (38, 10, 'Ala', 'Eléctrico');
INSERT INTO Jogador (idJogador, numeroCamisola, posicao, equipa) VALUES (39, 90, 'Ala', 'Eléctrico');
INSERT INTO Jogador (idJogador, numeroCamisola, posicao, equipa) VALUES (40, 20, 'Ala', 'Eléctrico');
INSERT INTO Jogador (idJogador, numeroCamisola, posicao, equipa) VALUES (41, 9, 'Pivot', 'Eléctrico');
INSERT INTO Jogador (idJogador, numeroCamisola, posicao, equipa) VALUES (42, 77, 'Pivot', 'Eléctrico');
INSERT INTO Jogador (idJogador, numeroCamisola, posicao, equipa) VALUES (59, 12, 'Guarda-Redes', 'Benfica');
INSERT INTO Jogador (idJogador, numeroCamisola, posicao, equipa) VALUES (60, 22, 'Guarda-Redes', 'Benfica');
INSERT INTO Jogador (idJogador, numeroCamisola, posicao, equipa) VALUES (61, 3, 'Fixo', 'Benfica');
INSERT INTO Jogador (idJogador, numeroCamisola, posicao, equipa) VALUES (62, 4, 'Fixo', 'Benfica');
INSERT INTO Jogador (idJogador, numeroCamisola, posicao, equipa) VALUES (63, 8, 'Fixo', 'Benfica');
INSERT INTO Jogador (idJogador, numeroCamisola, posicao, equipa) VALUES (64, 9, 'Fixo', 'Benfica');
INSERT INTO Jogador (idJogador, numeroCamisola, posicao, equipa) VALUES (65, 2, 'Ala', 'Benfica');
INSERT INTO Jogador (idJogador, numeroCamisola, posicao, equipa) VALUES (66, 7, 'Ala', 'Benfica');
INSERT INTO Jogador (idJogador, numeroCamisola, posicao, equipa) VALUES (67, 10, 'Ala', 'Benfica');
INSERT INTO Jogador (idJogador, numeroCamisola, posicao, equipa) VALUES (68, 11, 'Ala', 'Benfica');
INSERT INTO Jogador (idJogador, numeroCamisola, posicao, equipa) VALUES (69, 16, 'Ala', 'Benfica');
INSERT INTO Jogador (idJogador, numeroCamisola, posicao, equipa) VALUES (70, 17, 'Ala', 'Benfica');
INSERT INTO Jogador (idJogador, numeroCamisola, posicao, equipa) VALUES (71, 18, 'Ala', 'Benfica');
INSERT INTO Jogador (idJogador, numeroCamisola, posicao, equipa) VALUES (72, 19, 'Ala', 'Benfica');
INSERT INTO Jogador (idJogador, numeroCamisola, posicao, equipa) VALUES (73, 13, 'Ala', 'Benfica');
INSERT INTO Jogador (idJogador, numeroCamisola, posicao, equipa) VALUES (74, 20, 'Pivot', 'Benfica');
INSERT INTO Jogador (idJogador, numeroCamisola, posicao, equipa) VALUES (75, 70, 'Pivot', 'Benfica');
INSERT INTO Jogador (idJogador, numeroCamisola, posicao, equipa) VALUES (76, 99, 'Pivot', 'Benfica');
INSERT INTO Jogador (idJogador, numeroCamisola, posicao, equipa) VALUES (77, 1, 'Guarda-Redes', 'Leões Porto Salvo');
INSERT INTO Jogador (idJogador, numeroCamisola, posicao, equipa) VALUES (78, 24, 'Guarda-Redes', 'Leões Porto Salvo');
INSERT INTO Jogador (idJogador, numeroCamisola, posicao, equipa) VALUES (79, 42, 'Guarda-Redes', 'Leões Porto Salvo');
INSERT INTO Jogador (idJogador, numeroCamisola, posicao, equipa) VALUES (80, 92, 'Fixo', 'Leões Porto Salvo');
INSERT INTO Jogador (idJogador, numeroCamisola, posicao, equipa) VALUES (81, 6, 'Fixo', 'Leões Porto Salvo');
INSERT INTO Jogador (idJogador, numeroCamisola, posicao, equipa) VALUES (82, 8, 'Fixo', 'Leões Porto Salvo');
INSERT INTO Jogador (idJogador, numeroCamisola, posicao, equipa) VALUES (83, 13, 'Universal', 'Leões Porto Salvo');
INSERT INTO Jogador (idJogador, numeroCamisola, posicao, equipa) VALUES (84, 7, 'Ala', 'Leões Porto Salvo');
INSERT INTO Jogador (idJogador, numeroCamisola, posicao, equipa) VALUES (85, 10, 'Ala', 'Leões Porto Salvo');
INSERT INTO Jogador (idJogador, numeroCamisola, posicao, equipa) VALUES (86, 12, 'Ala', 'Leões Porto Salvo');
INSERT INTO Jogador (idJogador, numeroCamisola, posicao, equipa) VALUES (87, 14, 'Ala', 'Leões Porto Salvo');
INSERT INTO Jogador (idJogador, numeroCamisola, posicao, equipa) VALUES (88, 41, 'Ala', 'Leões Porto Salvo');
INSERT INTO Jogador (idJogador, numeroCamisola, posicao, equipa) VALUES (89, 50, 'Ala', 'Leões Porto Salvo');
INSERT INTO Jogador (idJogador, numeroCamisola, posicao, equipa) VALUES (90, 18, 'Ala', 'Leões Porto Salvo');
INSERT INTO Jogador (idJogador, numeroCamisola, posicao, equipa) VALUES (91, 43, 'Pivot', 'Leões Porto Salvo');
INSERT INTO Jogador (idJogador, numeroCamisola, posicao, equipa) VALUES (92, 27, 'Pivot', 'Leões Porto Salvo');
INSERT INTO Jogador (idJogador, numeroCamisola, posicao, equipa) VALUES (93, 77, 'Pivot', 'Leões Porto Salvo');
INSERT INTO Jogador (idJogador, numeroCamisola, posicao, equipa) VALUES (94, 13, 'Guarda-Redes', 'Quinta dos Lombos');
INSERT INTO Jogador (idJogador, numeroCamisola, posicao, equipa) VALUES (95, 25, 'Guarda-Redes', 'Quinta dos Lombos');
INSERT INTO Jogador (idJogador, numeroCamisola, posicao, equipa) VALUES (96, 22, 'Guarda-Redes', 'Quinta dos Lombos');
INSERT INTO Jogador (idJogador, numeroCamisola, posicao, equipa) VALUES (97, 6, 'Fixo', 'Quinta dos Lombos');
INSERT INTO Jogador (idJogador, numeroCamisola, posicao, equipa) VALUES (98, 8, 'Fixo', 'Quinta dos Lombos');
INSERT INTO Jogador (idJogador, numeroCamisola, posicao, equipa) VALUES (99, 23, 'Fixo', 'Quinta dos Lombos');
INSERT INTO Jogador (idJogador, numeroCamisola, posicao, equipa) VALUES (100, 33, 'Fixo', 'Quinta dos Lombos');
INSERT INTO Jogador (idJogador, numeroCamisola, posicao, equipa) VALUES (101, 7, 'Ala', 'Quinta dos Lombos');
INSERT INTO Jogador (idJogador, numeroCamisola, posicao, equipa) VALUES (102, 9, 'Ala', 'Quinta dos Lombos');
INSERT INTO Jogador (idJogador, numeroCamisola, posicao, equipa) VALUES (103, 10, 'Ala', 'Quinta dos Lombos');
INSERT INTO Jogador (idJogador, numeroCamisola, posicao, equipa) VALUES (104, 11, 'Ala', 'Quinta dos Lombos');
INSERT INTO Jogador (idJogador, numeroCamisola, posicao, equipa) VALUES (105, 19, 'Ala', 'Quinta dos Lombos');
INSERT INTO Jogador (idJogador, numeroCamisola, posicao, equipa) VALUES (106, 20, 'Ala', 'Quinta dos Lombos');
INSERT INTO Jogador (idJogador, numeroCamisola, posicao, equipa) VALUES (107, 14, 'Pivot', 'Quinta dos Lombos');
INSERT INTO Jogador (idJogador, numeroCamisola, posicao, equipa) VALUES (108, 17, 'Pivot', 'Quinta dos Lombos');
INSERT INTO Jogador (idJogador, numeroCamisola, posicao, equipa) VALUES (109, 18, 'Pivot', 'Quinta dos Lombos');
INSERT INTO Jogador (idJogador, numeroCamisola, posicao, equipa) VALUES (110, 1, 'Guarda-Redes', 'SC Braga/AAUM');
INSERT INTO Jogador (idJogador, numeroCamisola, posicao, equipa) VALUES (111, 21, 'Guarda-Redes', 'SC Braga/AAUM');
INSERT INTO Jogador (idJogador, numeroCamisola, posicao, equipa) VALUES (112, 32, 'Guarda-Redes', 'SC Braga/AAUM');
INSERT INTO Jogador (idJogador, numeroCamisola, posicao, equipa) VALUES (113, 3, 'Fixo', 'SC Braga/AAUM');
INSERT INTO Jogador (idJogador, numeroCamisola, posicao, equipa) VALUES (114, 9, 'Fixo', 'SC Braga/AAUM');
INSERT INTO Jogador (idJogador, numeroCamisola, posicao, equipa) VALUES (115, 5, 'Universal', 'SC Braga/AAUM');
INSERT INTO Jogador (idJogador, numeroCamisola, posicao, equipa) VALUES (116, 6, 'Ala', 'SC Braga/AAUM');
INSERT INTO Jogador (idJogador, numeroCamisola, posicao, equipa) VALUES (117, 8, 'Ala', 'SC Braga/AAUM');
INSERT INTO Jogador (idJogador, numeroCamisola, posicao, equipa) VALUES (118, 10, 'Ala', 'SC Braga/AAUM');
INSERT INTO Jogador (idJogador, numeroCamisola, posicao, equipa) VALUES (119, 12, 'Ala', 'SC Braga/AAUM');
INSERT INTO Jogador (idJogador, numeroCamisola, posicao, equipa) VALUES (120, 30, 'Ala', 'SC Braga/AAUM');
INSERT INTO Jogador (idJogador, numeroCamisola, posicao, equipa) VALUES (121, 33, 'Ala', 'SC Braga/AAUM');
INSERT INTO Jogador (idJogador, numeroCamisola, posicao, equipa) VALUES (122, 71, 'Ala', 'SC Braga/AAUM');
INSERT INTO Jogador (idJogador, numeroCamisola, posicao, equipa) VALUES (123, 14, 'Ala', 'SC Braga/AAUM');
INSERT INTO Jogador (idJogador, numeroCamisola, posicao, equipa) VALUES (124, 11, 'Pivot', 'SC Braga/AAUM');
INSERT INTO Jogador (idJogador, numeroCamisola, posicao, equipa) VALUES (125, 19, 'Pivot', 'SC Braga/AAUM');
INSERT INTO Jogador (idJogador, numeroCamisola, posicao, equipa) VALUES (126, 99, 'Pivot', 'SC Braga/AAUM');
INSERT INTO Jogador (idJogador, numeroCamisola, posicao, equipa) VALUES (127, 20, 'Guarda-Redes', 'Viseu 2001/Palácio do Gelo');
INSERT INTO Jogador (idJogador, numeroCamisola, posicao, equipa) VALUES (128, 12, 'Guarda-Redes', 'Viseu 2001/Palácio do Gelo');
INSERT INTO Jogador (idJogador, numeroCamisola, posicao, equipa) VALUES (129, 30, 'Ala', 'Viseu 2001/Palácio do Gelo');
INSERT INTO Jogador (idJogador, numeroCamisola, posicao, equipa) VALUES (130, 66, 'Ala', 'Viseu 2001/Palácio do Gelo');
INSERT INTO Jogador (idJogador, numeroCamisola, posicao, equipa) VALUES (131, 30, 'Guarda-Redes', 'Viseu 2001/Palácio do Gelo');
INSERT INTO Jogador (idJogador, numeroCamisola, posicao, equipa) VALUES (132, 8, 'Fixo', 'Viseu 2001/Palácio do Gelo');
INSERT INTO Jogador (idJogador, numeroCamisola, posicao, equipa) VALUES (133, 13, 'Fixo', 'Viseu 2001/Palácio do Gelo');
INSERT INTO Jogador (idJogador, numeroCamisola, posicao, equipa) VALUES (134, 23, 'Fixo', 'Viseu 2001/Palácio do Gelo');
INSERT INTO Jogador (idJogador, numeroCamisola, posicao, equipa) VALUES (135, 14, 'Universal', 'Viseu 2001/Palácio do Gelo');
INSERT INTO Jogador (idJogador, numeroCamisola, posicao, equipa) VALUES (136, 7, 'Ala', 'Viseu 2001/Palácio do Gelo');
INSERT INTO Jogador (idJogador, numeroCamisola, posicao, equipa) VALUES (137, 15, 'Ala', 'Viseu 2001/Palácio do Gelo');
INSERT INTO Jogador (idJogador, numeroCamisola, posicao, equipa) VALUES (138, 11, 'Ala', 'Viseu 2001/Palácio do Gelo');
INSERT INTO Jogador (idJogador, numeroCamisola, posicao, equipa) VALUES (139, 19, 'Ala', 'Viseu 2001/Palácio do Gelo');
INSERT INTO Jogador (idJogador, numeroCamisola, posicao, equipa) VALUES (140, 17, 'Ala', 'Viseu 2001/Palácio do Gelo');
INSERT INTO Jogador (idJogador, numeroCamisola, posicao, equipa) VALUES (141, 6, 'Pivot', 'Viseu 2001/Palácio do Gelo');
INSERT INTO Jogador (idJogador, numeroCamisola, posicao, equipa) VALUES (142, 10, 'Pivot', 'Viseu 2001/Palácio do Gelo');
INSERT INTO Jogador (idJogador, numeroCamisola, posicao, equipa) VALUES (143, 27, 'Pivot', 'Viseu 2001/Palácio do Gelo');
INSERT INTO Jogador (idJogador, numeroCamisola, posicao, equipa) VALUES (144, 2, 'Guarda-Redes', 'AD Fundão/Hotel Alambique');
INSERT INTO Jogador (idJogador, numeroCamisola, posicao, equipa) VALUES (145, 31, 'Guarda-Redes', 'AD Fundão/Hotel Alambique');
INSERT INTO Jogador (idJogador, numeroCamisola, posicao, equipa) VALUES (146, 92, 'Guarda-Redes', 'AD Fundão/Hotel Alambique');
INSERT INTO Jogador (idJogador, numeroCamisola, posicao, equipa) VALUES (147, 6, 'Fixo', 'AD Fundão/Hotel Alambique');
INSERT INTO Jogador (idJogador, numeroCamisola, posicao, equipa) VALUES (148, 10, 'Fixo', 'AD Fundão/Hotel Alambique');
INSERT INTO Jogador (idJogador, numeroCamisola, posicao, equipa) VALUES (149, 14, 'Fixo', 'AD Fundão/Hotel Alambique');
INSERT INTO Jogador (idJogador, numeroCamisola, posicao, equipa) VALUES (150, 18, 'Fixo', 'AD Fundão/Hotel Alambique');
INSERT INTO Jogador (idJogador, numeroCamisola, posicao, equipa) VALUES (151, 8, 'Ala', 'AD Fundão/Hotel Alambique');
INSERT INTO Jogador (idJogador, numeroCamisola, posicao, equipa) VALUES (152, 11, 'Ala', 'AD Fundão/Hotel Alambique');
INSERT INTO Jogador (idJogador, numeroCamisola, posicao, equipa) VALUES (153, 13, 'Ala', 'AD Fundão/Hotel Alambique');
INSERT INTO Jogador (idJogador, numeroCamisola, posicao, equipa) VALUES (154, 17, 'Ala', 'AD Fundão/Hotel Alambique');
INSERT INTO Jogador (idJogador, numeroCamisola, posicao, equipa) VALUES (155, 80, 'Ala', 'AD Fundão/Hotel Alambique');
INSERT INTO Jogador (idJogador, numeroCamisola, posicao, equipa) VALUES (156, 38, 'Pivot', 'AD Fundão/Hotel Alambique');
INSERT INTO Jogador (idJogador, numeroCamisola, posicao, equipa) VALUES (157, 97, 'Pivot', 'AD Fundão/Hotel Alambique');
INSERT INTO Jogador (idJogador, numeroCamisola, posicao, equipa) VALUES (158, 3, 'Guarda-Redes', 'Portimonense');
INSERT INTO Jogador (idJogador, numeroCamisola, posicao, equipa) VALUES (159, 19, 'Guarda-Redes', 'Portimonense');
INSERT INTO Jogador (idJogador, numeroCamisola, posicao, equipa) VALUES (160, 20, 'Guarda-Redes', 'Portimonense');
INSERT INTO Jogador (idJogador, numeroCamisola, posicao, equipa) VALUES (161, 6, 'Fixo', 'Portimonense');
INSERT INTO Jogador (idJogador, numeroCamisola, posicao, equipa) VALUES (162, 15, 'Fixo', 'Portimonense');
INSERT INTO Jogador (idJogador, numeroCamisola, posicao, equipa) VALUES (163, 88, 'Fixo', 'Portimonense');
INSERT INTO Jogador (idJogador, numeroCamisola, posicao, equipa) VALUES (164, 25, 'Fixo', 'Portimonense');
INSERT INTO Jogador (idJogador, numeroCamisola, posicao, equipa) VALUES (165, 5, 'Universal', 'Portimonense');
INSERT INTO Jogador (idJogador, numeroCamisola, posicao, equipa) VALUES (166, 55, 'Universal', 'Portimonense');
INSERT INTO Jogador (idJogador, numeroCamisola, posicao, equipa) VALUES (167, 8, 'Ala', 'Portimonense');
INSERT INTO Jogador (idJogador, numeroCamisola, posicao, equipa) VALUES (168, 9, 'Ala', 'Portimonense');
INSERT INTO Jogador (idJogador, numeroCamisola, posicao, equipa) VALUES (169, 11, 'Ala', 'Portimonense');
INSERT INTO Jogador (idJogador, numeroCamisola, posicao, equipa) VALUES (170, 12, 'Ala', 'Portimonense');
INSERT INTO Jogador (idJogador, numeroCamisola, posicao, equipa) VALUES (171, 60, 'Ala', 'Portimonense');
INSERT INTO Jogador (idJogador, numeroCamisola, posicao, equipa) VALUES (172, 7, 'Pivot', 'Portimonense');
INSERT INTO Jogador (idJogador, numeroCamisola, posicao, equipa) VALUES (173, 10, 'Pivot', 'Portimonense');
INSERT INTO Jogador (idJogador, numeroCamisola, posicao, equipa) VALUES (174, 1, 'Guarda-Redes', 'CR Candoso/Natcal');
INSERT INTO Jogador (idJogador, numeroCamisola, posicao, equipa) VALUES (175, 15, 'Guarda-Redes', 'CR Candoso/Natcal');
INSERT INTO Jogador (idJogador, numeroCamisola, posicao, equipa) VALUES (176, 21, 'Guarda-Redes', 'CR Candoso/Natcal');
INSERT INTO Jogador (idJogador, numeroCamisola, posicao, equipa) VALUES (177, 24, 'Guarda-Redes', 'CR Candoso/Natcal');
INSERT INTO Jogador (idJogador, numeroCamisola, posicao, equipa) VALUES (178, 13, 'Fixo', 'CR Candoso/Natcal');
INSERT INTO Jogador (idJogador, numeroCamisola, posicao, equipa) VALUES (179, 19, 'Fixo', 'CR Candoso/Natcal');
INSERT INTO Jogador (idJogador, numeroCamisola, posicao, equipa) VALUES (180, 21, 'Fixo', 'CR Candoso/Natcal');
INSERT INTO Jogador (idJogador, numeroCamisola, posicao, equipa) VALUES (181, 58, 'Fixo', 'CR Candoso/Natcal');
INSERT INTO Jogador (idJogador, numeroCamisola, posicao, equipa) VALUES (182, 20, 'Universal', 'CR Candoso/Natcal');
INSERT INTO Jogador (idJogador, numeroCamisola, posicao, equipa) VALUES (183, 22, 'Universal', 'CR Candoso/Natcal');
INSERT INTO Jogador (idJogador, numeroCamisola, posicao, equipa) VALUES (184, 8, 'Ala', 'CR Candoso/Natcal');
INSERT INTO Jogador (idJogador, numeroCamisola, posicao, equipa) VALUES (185, 9, 'Ala', 'CR Candoso/Natcal');
INSERT INTO Jogador (idJogador, numeroCamisola, posicao, equipa) VALUES (186, 10, 'Ala', 'CR Candoso/Natcal');
INSERT INTO Jogador (idJogador, numeroCamisola, posicao, equipa) VALUES (187, 17, 'Ala', 'CR Candoso/Natcal');
INSERT INTO Jogador (idJogador, numeroCamisola, posicao, equipa) VALUES (188, 18, 'Ala', 'CR Candoso/Natcal');
INSERT INTO Jogador (idJogador, numeroCamisola, posicao, equipa) VALUES (190, 12, 'Ala', 'CR Candoso/Natcal');
INSERT INTO Jogador (idJogador, numeroCamisola, posicao, equipa) VALUES (191, 14, 'Pivot', 'CR Candoso/Natcal');
INSERT INTO Jogador (idJogador, numeroCamisola, posicao, equipa) VALUES (192, 25, 'Pivot', 'CR Candoso/Natcal');
INSERT INTO Jogador (idJogador, numeroCamisola, posicao, equipa) VALUES (193, 1, 'Guarda-Redes', 'FC Azeméis by Noxae');
INSERT INTO Jogador (idJogador, numeroCamisola, posicao, equipa) VALUES (194, 28, 'Guarda-Redes', 'FC Azeméis by Noxae');
INSERT INTO Jogador (idJogador, numeroCamisola, posicao, equipa) VALUES (195, 13, 'Guarda-Redes', 'FC Azeméis by Noxae');
INSERT INTO Jogador (idJogador, numeroCamisola, posicao, equipa) VALUES (196, 16, 'Guarda-Redes', 'FC Azeméis by Noxae');
INSERT INTO Jogador (idJogador, numeroCamisola, posicao, equipa) VALUES (197, 6, 'Fixo', 'FC Azeméis by Noxae');
INSERT INTO Jogador (idJogador, numeroCamisola, posicao, equipa) VALUES (198, 8, 'Fixo', 'FC Azeméis by Noxae');
INSERT INTO Jogador (idJogador, numeroCamisola, posicao, equipa) VALUES (199, 14, 'Universal', 'FC Azeméis by Noxae');
INSERT INTO Jogador (idJogador, numeroCamisola, posicao, equipa) VALUES (200, 29, 'Universal', 'FC Azeméis by Noxae');
INSERT INTO Jogador (idJogador, numeroCamisola, posicao, equipa) VALUES (201, 2, 'Ala', 'FC Azeméis by Noxae');
INSERT INTO Jogador (idJogador, numeroCamisola, posicao, equipa) VALUES (202, 5, 'Ala', 'FC Azeméis by Noxae');
INSERT INTO Jogador (idJogador, numeroCamisola, posicao, equipa) VALUES (203, 11, 'Ala', 'FC Azeméis by Noxae');
INSERT INTO Jogador (idJogador, numeroCamisola, posicao, equipa) VALUES (204, 12, 'Ala', 'FC Azeméis by Noxae');
INSERT INTO Jogador (idJogador, numeroCamisola, posicao, equipa) VALUES (205, 14, 'Ala', 'FC Azeméis by Noxae');
INSERT INTO Jogador (idJogador, numeroCamisola, posicao, equipa) VALUES (206, 17, 'Ala', 'FC Azeméis by Noxae');
INSERT INTO Jogador (idJogador, numeroCamisola, posicao, equipa) VALUES (207, 9, 'Pivot', 'FC Azeméis by Noxae');
INSERT INTO Jogador (idJogador, numeroCamisola, posicao, equipa) VALUES (208, 10, 'Pivot', 'FC Azeméis by Noxae');
INSERT INTO Jogador (idJogador, numeroCamisola, posicao, equipa) VALUES (225, 3, 'Guarda-Redes', 'Modicus Cartest');
INSERT INTO Jogador (idJogador, numeroCamisola, posicao, equipa) VALUES (226, 1, 'Guarda-Redes', 'Modicus Cartest');
INSERT INTO Jogador (idJogador, numeroCamisola, posicao, equipa) VALUES (227, 12, 'Guarda-Redes', 'Modicus Cartest');
INSERT INTO Jogador (idJogador, numeroCamisola, posicao, equipa) VALUES (228, 80, 'Guarda-Redes', 'Modicus Cartest');
INSERT INTO Jogador (idJogador, numeroCamisola, posicao, equipa) VALUES (229, 8, 'Fixo', 'Modicus Cartest');
INSERT INTO Jogador (idJogador, numeroCamisola, posicao, equipa) VALUES (230, 80, 'Fixo', 'Modicus Cartest');
INSERT INTO Jogador (idJogador, numeroCamisola, posicao, equipa) VALUES (231, 6, 'Fixo', 'Modicus Cartest');
INSERT INTO Jogador (idJogador, numeroCamisola, posicao, equipa) VALUES (232, 10, 'Fixo', 'Modicus Cartest');
INSERT INTO Jogador (idJogador, numeroCamisola, posicao, equipa) VALUES (233, 11, 'Ala', 'Modicus Cartest');
INSERT INTO Jogador (idJogador, numeroCamisola, posicao, equipa) VALUES (234, 13, 'Ala', 'Modicus Cartest');
INSERT INTO Jogador (idJogador, numeroCamisola, posicao, equipa) VALUES (235, 5, 'Ala', 'Modicus Cartest');
INSERT INTO Jogador (idJogador, numeroCamisola, posicao, equipa) VALUES (236, 8, 'Ala', 'Modicus Cartest');
INSERT INTO Jogador (idJogador, numeroCamisola, posicao, equipa) VALUES (237, 9, 'Ala', 'Modicus Cartest');
INSERT INTO Jogador (idJogador, numeroCamisola, posicao, equipa) VALUES (238, 20, 'Ala', 'Modicus Cartest');
INSERT INTO Jogador (idJogador, numeroCamisola, posicao, equipa) VALUES (239, 24, 'Ala', 'Modicus Cartest');
INSERT INTO Jogador (idJogador, numeroCamisola, posicao, equipa) VALUES (240, 27, 'Ala', 'Modicus Cartest');
INSERT INTO Jogador (idJogador, numeroCamisola, posicao, equipa) VALUES (241, 70, 'Ala', 'Modicus Cartest');
INSERT INTO Jogador (idJogador, numeroCamisola, posicao, equipa) VALUES (242, 77, 'Ala', 'Modicus Cartest');
INSERT INTO Jogador (idJogador, numeroCamisola, posicao, equipa) VALUES (243, 79, 'Ala', 'Modicus Cartest');
INSERT INTO Jogador (idJogador, numeroCamisola, posicao, equipa) VALUES (244, 7, 'Pivot', 'Modicus Cartest');
INSERT INTO Jogador (idJogador, numeroCamisola, posicao, equipa) VALUES (245, 11, 'Pivot', 'Modicus Cartest');
INSERT INTO Jogador (idJogador, numeroCamisola, posicao, equipa) VALUES (246, 17, 'Pivot', 'Modicus Cartest');
INSERT INTO Jogador (idJogador, numeroCamisola, posicao, equipa) VALUES (247, 60, 'Pivot', 'Modicus Cartest');
INSERT INTO Jogador (idJogador, numeroCamisola, posicao, equipa) VALUES (248, 1, 'Guarda-Redes', 'Torreense');
INSERT INTO Jogador (idJogador, numeroCamisola, posicao, equipa) VALUES (249, 12, 'Guarda-Redes', 'Torreense');
INSERT INTO Jogador (idJogador, numeroCamisola, posicao, equipa) VALUES (250, 23, 'Guarda-Redes', 'Torreense');
INSERT INTO Jogador (idJogador, numeroCamisola, posicao, equipa) VALUES (251, 31, 'Guarda-Redes', 'Torreense');
INSERT INTO Jogador (idJogador, numeroCamisola, posicao, equipa) VALUES (252, 2, 'Fixo', 'Torreense');
INSERT INTO Jogador (idJogador, numeroCamisola, posicao, equipa) VALUES (253, 4, 'Fixo', 'Torreense');
INSERT INTO Jogador (idJogador, numeroCamisola, posicao, equipa) VALUES (254, 16, 'Fixo', 'Torreense');
INSERT INTO Jogador (idJogador, numeroCamisola, posicao, equipa) VALUES (255, 92, 'Fixo', 'Torreense');
INSERT INTO Jogador (idJogador, numeroCamisola, posicao, equipa) VALUES (256, 26, 'Ala', 'Torreense');
INSERT INTO Jogador (idJogador, numeroCamisola, posicao, equipa) VALUES (257, 5, 'Ala', 'Torreense');
INSERT INTO Jogador (idJogador, numeroCamisola, posicao, equipa) VALUES (258, 9, 'Ala', 'Torreense');
INSERT INTO Jogador (idJogador, numeroCamisola, posicao, equipa) VALUES (259, 10, 'Ala', 'Torreense');
INSERT INTO Jogador (idJogador, numeroCamisola, posicao, equipa) VALUES (260, 27, 'Ala', 'Torreense');
INSERT INTO Jogador (idJogador, numeroCamisola, posicao, equipa) VALUES (261, 33, 'Ala', 'Torreense');
INSERT INTO Jogador (idJogador, numeroCamisola, posicao, equipa) VALUES (262, 60, 'Ala', 'Torreense');
INSERT INTO Jogador (idJogador, numeroCamisola, posicao, equipa) VALUES (263, 89, 'Ala', 'Torreense');
INSERT INTO Jogador (idJogador, numeroCamisola, posicao, equipa) VALUES (264, 7, 'Pivot', 'Torreense');
INSERT INTO Jogador (idJogador, numeroCamisola, posicao, equipa) VALUES (265, 74, 'Pivot', 'Torreense');
INSERT INTO Jogador (idJogador, numeroCamisola, posicao, equipa) VALUES (266, 14, 'Pivot', 'Torreense');
INSERT INTO Jogador (idJogador, numeroCamisola, posicao, equipa) VALUES (267, 2, 'Guarda-Redes', 'Nun´Álvares');
INSERT INTO Jogador (idJogador, numeroCamisola, posicao, equipa) VALUES (268, 98, 'Guarda-Redes', 'Nun´Álvares');
INSERT INTO Jogador (idJogador, numeroCamisola, posicao, equipa) VALUES (269, 99, 'Guarda-Redes', 'Nun´Álvares');
INSERT INTO Jogador (idJogador, numeroCamisola, posicao, equipa) VALUES (270, 24, 'Fixo', 'Nun´Álvares');
INSERT INTO Jogador (idJogador, numeroCamisola, posicao, equipa) VALUES (271, 7, 'Fixo', 'Nun´Álvares');
INSERT INTO Jogador (idJogador, numeroCamisola, posicao, equipa) VALUES (272, 18, 'Fixo', 'Nun´Álvares');
INSERT INTO Jogador (idJogador, numeroCamisola, posicao, equipa) VALUES (273, 94, 'Fixo', 'Nun´Álvares');
INSERT INTO Jogador (idJogador, numeroCamisola, posicao, equipa) VALUES (274, 81, 'Fixo', 'Nun´Álvares');
INSERT INTO Jogador (idJogador, numeroCamisola, posicao, equipa) VALUES (275, 14, 'Universal', 'Nun´Álvares');
INSERT INTO Jogador (idJogador, numeroCamisola, posicao, equipa) VALUES (276, 13, 'Universal', 'Nun´Álvares');
INSERT INTO Jogador (idJogador, numeroCamisola, posicao, equipa) VALUES (277, 75, 'Universal', 'Nun´Álvares');
INSERT INTO Jogador (idJogador, numeroCamisola, posicao, equipa) VALUES (278, 8, 'Ala', 'Nun´Álvares');
INSERT INTO Jogador (idJogador, numeroCamisola, posicao, equipa) VALUES (279, 9, 'Ala', 'Nun´Álvares');
INSERT INTO Jogador (idJogador, numeroCamisola, posicao, equipa) VALUES (280, 15, 'Ala', 'Nun´Álvares');
INSERT INTO Jogador (idJogador, numeroCamisola, posicao, equipa) VALUES (281, 7, 'Ala', 'Nun´Álvares');
INSERT INTO Jogador (idJogador, numeroCamisola, posicao, equipa) VALUES (282, 10, 'Ala', 'Nun´Álvares');
INSERT INTO Jogador (idJogador, numeroCamisola, posicao, equipa) VALUES (283, 11, 'Ala', 'Nun´Álvares');
INSERT INTO Jogador (idJogador, numeroCamisola, posicao, equipa) VALUES (284, 17, 'Ala', 'Nun´Álvares');
INSERT INTO Jogador (idJogador, numeroCamisola, posicao, equipa) VALUES (285, 20, 'Ala', 'Nun´Álvares');
INSERT INTO Jogador (idJogador, numeroCamisola, posicao, equipa) VALUES (286, 77, 'Ala', 'Nun´Álvares');
INSERT INTO Jogador (idJogador, numeroCamisola, posicao, equipa) VALUES (287, 12, 'Pivot', 'Nun´Álvares');
INSERT INTO Jogador (idJogador, numeroCamisola, posicao, equipa) VALUES (288, 14, 'Pivot', 'Nun´Álvares');

-- Table: Jogo
DROP TABLE IF EXISTS Jogo;
CREATE TABLE Jogo (idJogo INTEGER PRIMARY KEY, data VARCHAR (75) NOT NULL, golosMarcadosVisitante INTEGER, golosMarcadosVisitada INTEGER, nomeEquipaVisitada VARCHAR (75) REFERENCES Equipa (nome), nomeEquipaVisitante VARCHAR (75) REFERENCES Equipa (nome), arbitro INTEGER REFERENCES Pessoa (idPessoa), numeroJornada INTEGER REFERENCES Jornada (numero), fasePlayOff VARCHAR (75) REFERENCES Playoff (fase));
INSERT INTO Jogo (idJogo, data, golosMarcadosVisitante, golosMarcadosVisitada, nomeEquipaVisitada, nomeEquipaVisitante, arbitro, numeroJornada, fasePlayOff) VALUES (1, '09/10', 1, 3, 'Quinta dos Lombos', 'SC Braga/AAUM', 223, 1, NULL);
INSERT INTO Jogo (idJogo, data, golosMarcadosVisitante, golosMarcadosVisitada, nomeEquipaVisitada, nomeEquipaVisitante, arbitro, numeroJornada, fasePlayOff) VALUES (2, '09/10', 0, 2, 'CR Candoso/Natcal', 'Modicus Cartest', 223, 1, NULL);
INSERT INTO Jogo (idJogo, data, golosMarcadosVisitante, golosMarcadosVisitada, nomeEquipaVisitada, nomeEquipaVisitante, arbitro, numeroJornada, fasePlayOff) VALUES (3, '09/10', 2, 1, 'FC Azeméis by Noxae', 'AD Fundão/Hotel Alambique', 209, 1, NULL);
INSERT INTO Jogo (idJogo, data, golosMarcadosVisitante, golosMarcadosVisitada, nomeEquipaVisitada, nomeEquipaVisitante, arbitro, numeroJornada, fasePlayOff) VALUES (4, '10/10', 3, 0, 'Viseu 2001/Palácio do Gelo', 'Eléctrico', 210, 1, NULL);
INSERT INTO Jogo (idJogo, data, golosMarcadosVisitante, golosMarcadosVisitada, nomeEquipaVisitada, nomeEquipaVisitante, arbitro, numeroJornada, fasePlayOff) VALUES (5, '10/10', 0, 4, 'Sporting', 'Nun´Álvares', 211, 1, NULL);
INSERT INTO Jogo (idJogo, data, golosMarcadosVisitante, golosMarcadosVisitada, nomeEquipaVisitada, nomeEquipaVisitante, arbitro, numeroJornada, fasePlayOff) VALUES (6, '10/10', 0, 4, 'Benfica', 'Leões Porto Salvo', 210, 1, NULL);
INSERT INTO Jogo (idJogo, data, golosMarcadosVisitante, golosMarcadosVisitada, nomeEquipaVisitada, nomeEquipaVisitante, arbitro, numeroJornada, fasePlayOff) VALUES (7, '10/10', 3, 5, 'Torreense', 'Portimonense', 219, 1, NULL);
INSERT INTO Jogo (idJogo, data, golosMarcadosVisitante, golosMarcadosVisitada, nomeEquipaVisitada, nomeEquipaVisitante, arbitro, numeroJornada, fasePlayOff) VALUES (8, '15/10', 1, 5, 'SC Braga/AAUM', 'Viseu 2001/Palácio do Gelo', 220, 2, NULL);
INSERT INTO Jogo (idJogo, data, golosMarcadosVisitante, golosMarcadosVisitada, nomeEquipaVisitada, nomeEquipaVisitante, arbitro, numeroJornada, fasePlayOff) VALUES (9, '16/10', 1, 3, 'Eléctrico', 'Benfica', 214, 2, NULL);
INSERT INTO Jogo (idJogo, data, golosMarcadosVisitante, golosMarcadosVisitada, nomeEquipaVisitada, nomeEquipaVisitante, arbitro, numeroJornada, fasePlayOff) VALUES (10, '16/10', 3, 5, 'AD Fundão/Hotel Alambique', 'Torreense', 223, 2, NULL);
INSERT INTO Jogo (idJogo, data, golosMarcadosVisitante, golosMarcadosVisitada, nomeEquipaVisitada, nomeEquipaVisitante, arbitro, numeroJornada, fasePlayOff) VALUES (11, '16/10', 2, 5, 'Portimonense', 'CR Candoso/Natcal', 212, 2, NULL);
INSERT INTO Jogo (idJogo, data, golosMarcadosVisitante, golosMarcadosVisitada, nomeEquipaVisitada, nomeEquipaVisitante, arbitro, numeroJornada, fasePlayOff) VALUES (12, '16/10', 2, 0, 'Nun´Álvares', 'Quinta dos Lombos', 220, 2, NULL);
INSERT INTO Jogo (idJogo, data, golosMarcadosVisitante, golosMarcadosVisitada, nomeEquipaVisitada, nomeEquipaVisitante, arbitro, numeroJornada, fasePlayOff) VALUES (13, '16/10', 3, 0, 'Modicus Cartest', 'Sporting', 224, 2, NULL);
INSERT INTO Jogo (idJogo, data, golosMarcadosVisitante, golosMarcadosVisitada, nomeEquipaVisitada, nomeEquipaVisitante, arbitro, numeroJornada, fasePlayOff) VALUES (14, '16/10', 2, 1, 'Leões Porto Salvo', 'FC Azeméis by Noxae', 209, 2, NULL);
INSERT INTO Jogo (idJogo, data, golosMarcadosVisitante, golosMarcadosVisitada, nomeEquipaVisitada, nomeEquipaVisitante, arbitro, numeroJornada, fasePlayOff) VALUES (15, '20/10', 1, 4, 'Sporting', 'Portimonense', 211, 3, NULL);
INSERT INTO Jogo (idJogo, data, golosMarcadosVisitante, golosMarcadosVisitada, nomeEquipaVisitada, nomeEquipaVisitante, arbitro, numeroJornada, fasePlayOff) VALUES (16, '20/10', 4, 5, 'Quinta dos Lombos', 'Viseu 2001/Palácio do Gelo', 209, 3, NULL);
INSERT INTO Jogo (idJogo, data, golosMarcadosVisitante, golosMarcadosVisitada, nomeEquipaVisitada, nomeEquipaVisitante, arbitro, numeroJornada, fasePlayOff) VALUES (17, '20/10', 1, 3, 'Benfica', 'SC Braga/AAUM', 213, 3, NULL);
INSERT INTO Jogo (idJogo, data, golosMarcadosVisitante, golosMarcadosVisitada, nomeEquipaVisitada, nomeEquipaVisitante, arbitro, numeroJornada, fasePlayOff) VALUES (18, '20/10', 1, 2, 'FC Azeméis by Noxae', 'Eléctrico', 223, 3, NULL);
INSERT INTO Jogo (idJogo, data, golosMarcadosVisitante, golosMarcadosVisitada, nomeEquipaVisitada, nomeEquipaVisitante, arbitro, numeroJornada, fasePlayOff) VALUES (19, '20/10', 3, 2, 'CR Candoso/Natcal', 'AD Fundão/Hotel Alambique', 214, 3, NULL);
INSERT INTO Jogo (idJogo, data, golosMarcadosVisitante, golosMarcadosVisitada, nomeEquipaVisitada, nomeEquipaVisitante, arbitro, numeroJornada, fasePlayOff) VALUES (20, '20/10', 0, 1, 'Torreense', 'Leões Porto Salvo', 215, 3, NULL);
INSERT INTO Jogo (idJogo, data, golosMarcadosVisitante, golosMarcadosVisitada, nomeEquipaVisitada, nomeEquipaVisitante, arbitro, numeroJornada, fasePlayOff) VALUES (21, '20/10', 3, 1, 'Nun´Álvares', 'Modicus Cartest', 221, 3, NULL);
INSERT INTO Jogo (idJogo, data, golosMarcadosVisitante, golosMarcadosVisitada, nomeEquipaVisitada, nomeEquipaVisitante, arbitro, numeroJornada, fasePlayOff) VALUES (22, '23/10', 2, 4, 'AD Fundão/Hotel Alambique', 'Sporting', 215, 4, NULL);
INSERT INTO Jogo (idJogo, data, golosMarcadosVisitante, golosMarcadosVisitada, nomeEquipaVisitada, nomeEquipaVisitante, arbitro, numeroJornada, fasePlayOff) VALUES (23, '23/10', 4, 2, 'SC Braga/AAUM', 'FC Azeméis by Noxae', 222, 4, NULL);
INSERT INTO Jogo (idJogo, data, golosMarcadosVisitante, golosMarcadosVisitada, nomeEquipaVisitada, nomeEquipaVisitante, arbitro, numeroJornada, fasePlayOff) VALUES (24, '23/10', 5, 0, 'Viseu 2001/Palácio do Gelo', 'Benfica', 215, 4, NULL);
INSERT INTO Jogo (idJogo, data, golosMarcadosVisitante, golosMarcadosVisitada, nomeEquipaVisitada, nomeEquipaVisitante, arbitro, numeroJornada, fasePlayOff) VALUES (25, '23/10', 4, 7, 'Modicus Cartest', 'Quinta dos Lombos', 213, 4, NULL);
INSERT INTO Jogo (idJogo, data, golosMarcadosVisitante, golosMarcadosVisitada, nomeEquipaVisitada, nomeEquipaVisitante, arbitro, numeroJornada, fasePlayOff) VALUES (26, '23/10', 4, 4, 'Leões Porto Salvo', 'CR Candoso/Natcal', 214, 4, NULL);
INSERT INTO Jogo (idJogo, data, golosMarcadosVisitante, golosMarcadosVisitada, nomeEquipaVisitada, nomeEquipaVisitante, arbitro, numeroJornada, fasePlayOff) VALUES (27, '24/10', 2, 4, 'Eléctrico', 'Torreense', 219, 4, NULL);
INSERT INTO Jogo (idJogo, data, golosMarcadosVisitante, golosMarcadosVisitada, nomeEquipaVisitada, nomeEquipaVisitante, arbitro, numeroJornada, fasePlayOff) VALUES (28, '24/10', 0, 7, 'Portimonense', 'Nun´Álvares', 211, 4, NULL);
INSERT INTO Jogo (idJogo, data, golosMarcadosVisitante, golosMarcadosVisitada, nomeEquipaVisitada, nomeEquipaVisitante, arbitro, numeroJornada, fasePlayOff) VALUES (29, '30/10', 1, 1, 'CR Candoso/Natcal', 'Eléctrico', 219, 5, NULL);
INSERT INTO Jogo (idJogo, data, golosMarcadosVisitante, golosMarcadosVisitada, nomeEquipaVisitada, nomeEquipaVisitante, arbitro, numeroJornada, fasePlayOff) VALUES (30, '30/10', 5, 4, 'Torreense', 'SC Braga/AAUM', 223, 5, NULL);
INSERT INTO Jogo (idJogo, data, golosMarcadosVisitante, golosMarcadosVisitada, nomeEquipaVisitada, nomeEquipaVisitante, arbitro, numeroJornada, fasePlayOff) VALUES (31, '30/10', 2, 1, 'Nun´Álvares', 'AD Fundão/Hotel Alambique', 223, 5, NULL);
INSERT INTO Jogo (idJogo, data, golosMarcadosVisitante, golosMarcadosVisitada, nomeEquipaVisitada, nomeEquipaVisitante, arbitro, numeroJornada, fasePlayOff) VALUES (32, '30/10', 2, 2, 'Modicus Cartest', 'Portimonense', 218, 5, NULL);
INSERT INTO Jogo (idJogo, data, golosMarcadosVisitante, golosMarcadosVisitada, nomeEquipaVisitada, nomeEquipaVisitante, arbitro, numeroJornada, fasePlayOff) VALUES (33, '01/11', 3, 3, 'FC Azeméis by Noxae', 'Viseu 2001/Palácio do Gelo', 215, 5, NULL);
INSERT INTO Jogo (idJogo, data, golosMarcadosVisitante, golosMarcadosVisitada, nomeEquipaVisitada, nomeEquipaVisitante, arbitro, numeroJornada, fasePlayOff) VALUES (34, '03/11', 3, 2, 'Quinta dos Lombos', 'Benfica', 213, 5, NULL);
INSERT INTO Jogo (idJogo, data, golosMarcadosVisitante, golosMarcadosVisitada, nomeEquipaVisitada, nomeEquipaVisitante, arbitro, numeroJornada, fasePlayOff) VALUES (35, '09/03', 2, 4, 'Sporting', 'Leões Porto Salvo', 222, 5, NULL);
INSERT INTO Jogo (idJogo, data, golosMarcadosVisitante, golosMarcadosVisitada, nomeEquipaVisitada, nomeEquipaVisitante, arbitro, numeroJornada, fasePlayOff) VALUES (36, '06/11', 1, 5, 'Benfica', 'FC Azeméis by Noxae', 211, 6, NULL);
INSERT INTO Jogo (idJogo, data, golosMarcadosVisitante, golosMarcadosVisitada, nomeEquipaVisitada, nomeEquipaVisitante, arbitro, numeroJornada, fasePlayOff) VALUES (37, '06/11', 2, 3, 'AD Fundão/Hotel Alambique', 'Modicus Cartest', 220, 6, NULL);
INSERT INTO Jogo (idJogo, data, golosMarcadosVisitante, golosMarcadosVisitada, nomeEquipaVisitada, nomeEquipaVisitante, arbitro, numeroJornada, fasePlayOff) VALUES (38, '06/11', 1, 1, 'Portimonense', 'Quinta dos Lombos', 213, 6, NULL);
INSERT INTO Jogo (idJogo, data, golosMarcadosVisitante, golosMarcadosVisitada, nomeEquipaVisitada, nomeEquipaVisitante, arbitro, numeroJornada, fasePlayOff) VALUES (39, '06/11', 3, 1, 'SC Braga/AAUM', 'CR Candoso/Natcal', 223, 6, NULL);
INSERT INTO Jogo (idJogo, data, golosMarcadosVisitante, golosMarcadosVisitada, nomeEquipaVisitada, nomeEquipaVisitante, arbitro, numeroJornada, fasePlayOff) VALUES (40, '06/11', 4, 1, 'Eléctrico', 'Sporting', 215, 6, NULL);
INSERT INTO Jogo (idJogo, data, golosMarcadosVisitante, golosMarcadosVisitada, nomeEquipaVisitada, nomeEquipaVisitante, arbitro, numeroJornada, fasePlayOff) VALUES (41, '06/11', 3, 5, 'Viseu 2001/Palácio do Gelo', 'Torreense', 220, 6, NULL);
INSERT INTO Jogo (idJogo, data, golosMarcadosVisitante, golosMarcadosVisitada, nomeEquipaVisitada, nomeEquipaVisitante, arbitro, numeroJornada, fasePlayOff) VALUES (42, '06/11', 2, 6, 'Leões Porto Salvo', 'Nun´Álvares', 216, 6, NULL);
INSERT INTO Jogo (idJogo, data, golosMarcadosVisitante, golosMarcadosVisitada, nomeEquipaVisitada, nomeEquipaVisitante, arbitro, numeroJornada, fasePlayOff) VALUES (43, '10/11', 6, 4, 'Portimonense', 'AD Fundão/Hotel Alambique', 213, 7, NULL);
INSERT INTO Jogo (idJogo, data, golosMarcadosVisitante, golosMarcadosVisitada, nomeEquipaVisitada, nomeEquipaVisitante, arbitro, numeroJornada, fasePlayOff) VALUES (44, '10/11', 6, 2, 'Quinta dos Lombos', 'FC Azeméis by Noxae', 211, 7, NULL);
INSERT INTO Jogo (idJogo, data, golosMarcadosVisitante, golosMarcadosVisitada, nomeEquipaVisitada, nomeEquipaVisitante, arbitro, numeroJornada, fasePlayOff) VALUES (45, '10/11', 5, 4, 'Modicus Cartest', 'Leões Porto Salvo', 216, 7, NULL);
INSERT INTO Jogo (idJogo, data, golosMarcadosVisitante, golosMarcadosVisitada, nomeEquipaVisitada, nomeEquipaVisitante, arbitro, numeroJornada, fasePlayOff) VALUES (46, '10/11', 0, 2, 'CR Candoso/Natcal', 'Viseu 2001/Palácio do Gelo', 223, 7, NULL);
INSERT INTO Jogo (idJogo, data, golosMarcadosVisitante, golosMarcadosVisitada, nomeEquipaVisitada, nomeEquipaVisitante, arbitro, numeroJornada, fasePlayOff) VALUES (47, '10/11', 5, 2, 'Nun´Álvares', 'Eléctrico', 209, 7, NULL);
INSERT INTO Jogo (idJogo, data, golosMarcadosVisitante, golosMarcadosVisitada, nomeEquipaVisitada, nomeEquipaVisitante, arbitro, numeroJornada, fasePlayOff) VALUES (48, '10/11', 1, 2, 'Sporting', 'SC Braga/AAUM', 213, 7, NULL);
INSERT INTO Jogo (idJogo, data, golosMarcadosVisitante, golosMarcadosVisitada, nomeEquipaVisitada, nomeEquipaVisitante, arbitro, numeroJornada, fasePlayOff) VALUES (49, '10/11', 3, 0, 'Torreense', 'Benfica', 221, 7, NULL);
INSERT INTO Jogo (idJogo, data, golosMarcadosVisitante, golosMarcadosVisitada, nomeEquipaVisitada, nomeEquipaVisitante, arbitro, numeroJornada, fasePlayOff) VALUES (50, '13/11', 5, 4, 'AD Fundão/Hotel Alambique', 'Quinta dos Lombos', 219, 8, NULL);
INSERT INTO Jogo (idJogo, data, golosMarcadosVisitante, golosMarcadosVisitada, nomeEquipaVisitada, nomeEquipaVisitante, arbitro, numeroJornada, fasePlayOff) VALUES (51, '13/11', 2, 3, 'Eléctrico', 'Modicus Cartest', 220, 8, NULL);
INSERT INTO Jogo (idJogo, data, golosMarcadosVisitante, golosMarcadosVisitada, nomeEquipaVisitada, nomeEquipaVisitante, arbitro, numeroJornada, fasePlayOff) VALUES (52, '13/11', 1, 3, 'FC Azeméis by Noxae', 'Torreense', 220, 8, NULL);
INSERT INTO Jogo (idJogo, data, golosMarcadosVisitante, golosMarcadosVisitada, nomeEquipaVisitada, nomeEquipaVisitante, arbitro, numeroJornada, fasePlayOff) VALUES (53, '13/11', 6, 3, 'Viseu 2001/Palácio do Gelo', 'Sporting', 223, 8, NULL);
INSERT INTO Jogo (idJogo, data, golosMarcadosVisitante, golosMarcadosVisitada, nomeEquipaVisitada, nomeEquipaVisitante, arbitro, numeroJornada, fasePlayOff) VALUES (54, '13/11', 1, 9, 'SC Braga/AAUM', 'Nun´Álvares', 217, 8, NULL);
INSERT INTO Jogo (idJogo, data, golosMarcadosVisitante, golosMarcadosVisitada, nomeEquipaVisitada, nomeEquipaVisitante, arbitro, numeroJornada, fasePlayOff) VALUES (55, '13/11', 1, 5, 'Benfica', 'CR Candoso/Natcal', 222, 8, NULL);
INSERT INTO Jogo (idJogo, data, golosMarcadosVisitante, golosMarcadosVisitada, nomeEquipaVisitada, nomeEquipaVisitante, arbitro, numeroJornada, fasePlayOff) VALUES (56, '13/11', 1, 4, 'Leões Porto Salvo', 'Portimonense', 215, 8, NULL);
INSERT INTO Jogo (idJogo, data, golosMarcadosVisitante, golosMarcadosVisitada, nomeEquipaVisitada, nomeEquipaVisitante, arbitro, numeroJornada, fasePlayOff) VALUES (57, '20/11', 2, 3, 'Nun´Álvares', 'Viseu 2001/Palácio do Gelo', 217, 9, NULL);
INSERT INTO Jogo (idJogo, data, golosMarcadosVisitante, golosMarcadosVisitada, nomeEquipaVisitada, nomeEquipaVisitante, arbitro, numeroJornada, fasePlayOff) VALUES (58, '20/11', 4, 5, 'CR Candoso/Natcal', 'FC Azeméis by Noxae', 219, 9, NULL);
INSERT INTO Jogo (idJogo, data, golosMarcadosVisitante, golosMarcadosVisitada, nomeEquipaVisitada, nomeEquipaVisitante, arbitro, numeroJornada, fasePlayOff) VALUES (59, '20/11', 5, 3, 'Portimonense', 'Eléctrico', 216, 9, NULL);
INSERT INTO Jogo (idJogo, data, golosMarcadosVisitante, golosMarcadosVisitada, nomeEquipaVisitada, nomeEquipaVisitante, arbitro, numeroJornada, fasePlayOff) VALUES (60, '20/11', 3, 3, 'AD Fundão/Hotel Alambique', 'Leões Porto Salvo', 218, 9, NULL);
INSERT INTO Jogo (idJogo, data, golosMarcadosVisitante, golosMarcadosVisitada, nomeEquipaVisitada, nomeEquipaVisitante, arbitro, numeroJornada, fasePlayOff) VALUES (61, '20/11', 1, 7, 'Quinta dos Lombos', 'Torreense', 215, 9, NULL);
INSERT INTO Jogo (idJogo, data, golosMarcadosVisitante, golosMarcadosVisitada, nomeEquipaVisitada, nomeEquipaVisitante, arbitro, numeroJornada, fasePlayOff) VALUES (62, '21/11', 4, 0, 'Modicus Cartest', 'SC Braga/AAUM', 215, 9, NULL);
INSERT INTO Jogo (idJogo, data, golosMarcadosVisitante, golosMarcadosVisitada, nomeEquipaVisitada, nomeEquipaVisitante, arbitro, numeroJornada, fasePlayOff) VALUES (63, '21/11', 2, 5, 'Sporting', 'Benfica', 210, 9, NULL);
INSERT INTO Jogo (idJogo, data, golosMarcadosVisitante, golosMarcadosVisitada, nomeEquipaVisitada, nomeEquipaVisitante, arbitro, numeroJornada, fasePlayOff) VALUES (64, '27/11', 8, 1, 'FC Azeméis by Noxae', 'Sporting', 222, 10, NULL);
INSERT INTO Jogo (idJogo, data, golosMarcadosVisitante, golosMarcadosVisitada, nomeEquipaVisitada, nomeEquipaVisitante, arbitro, numeroJornada, fasePlayOff) VALUES (65, '27/11', 6, 6, 'SC Braga/AAUM', 'Portimonense', 213, 10, NULL);
INSERT INTO Jogo (idJogo, data, golosMarcadosVisitante, golosMarcadosVisitada, nomeEquipaVisitada, nomeEquipaVisitante, arbitro, numeroJornada, fasePlayOff) VALUES (66, '27/11', 2, 3, 'Eléctrico', 'AD Fundão/Hotel Alambique', 224, 10, NULL);
INSERT INTO Jogo (idJogo, data, golosMarcadosVisitante, golosMarcadosVisitada, nomeEquipaVisitada, nomeEquipaVisitante, arbitro, numeroJornada, fasePlayOff) VALUES (67, '27/11', 1, 7, 'Benfica', 'Nun´Álvares', 212, 10, NULL);
INSERT INTO Jogo (idJogo, data, golosMarcadosVisitante, golosMarcadosVisitada, nomeEquipaVisitada, nomeEquipaVisitante, arbitro, numeroJornada, fasePlayOff) VALUES (68, '27/11', 2, 2, 'Torreense', 'CR Candoso/Natcal', 221, 10, NULL);
INSERT INTO Jogo (idJogo, data, golosMarcadosVisitante, golosMarcadosVisitada, nomeEquipaVisitada, nomeEquipaVisitante, arbitro, numeroJornada, fasePlayOff) VALUES (69, '28/11', 3, 4, 'Viseu 2001/Palácio do Gelo', 'Modicus Cartest', 214, 10, NULL);
INSERT INTO Jogo (idJogo, data, golosMarcadosVisitante, golosMarcadosVisitada, nomeEquipaVisitada, nomeEquipaVisitante, arbitro, numeroJornada, fasePlayOff) VALUES (70, '29/11', 5, 3, 'Leões Porto Salvo', 'Quinta dos Lombos', 219, 10, NULL);
INSERT INTO Jogo (idJogo, data, golosMarcadosVisitante, golosMarcadosVisitada, nomeEquipaVisitada, nomeEquipaVisitante, arbitro, numeroJornada, fasePlayOff) VALUES (71, '24/11', 2, 9, 'Sporting', 'Torreense', 222, 11, NULL);
INSERT INTO Jogo (idJogo, data, golosMarcadosVisitante, golosMarcadosVisitada, nomeEquipaVisitada, nomeEquipaVisitante, arbitro, numeroJornada, fasePlayOff) VALUES (72, '04/12', 3, 3, 'Quinta dos Lombos', 'CR Candoso/Natcal', 214, 11, NULL);
INSERT INTO Jogo (idJogo, data, golosMarcadosVisitante, golosMarcadosVisitada, nomeEquipaVisitada, nomeEquipaVisitante, arbitro, numeroJornada, fasePlayOff) VALUES (73, '04/12', 5, 2, 'Nun´Álvares', 'FC Azeméis by Noxae', 217, 11, NULL);
INSERT INTO Jogo (idJogo, data, golosMarcadosVisitante, golosMarcadosVisitada, nomeEquipaVisitada, nomeEquipaVisitante, arbitro, numeroJornada, fasePlayOff) VALUES (74, '04/12', 7, 3, 'Portimonense', 'Viseu 2001/Palácio do Gelo', 219, 11, NULL);
INSERT INTO Jogo (idJogo, data, golosMarcadosVisitante, golosMarcadosVisitada, nomeEquipaVisitada, nomeEquipaVisitante, arbitro, numeroJornada, fasePlayOff) VALUES (75, '04/12', 5, 7, 'AD Fundão/Hotel Alambique', 'SC Braga/AAUM', 213, 11, NULL);
INSERT INTO Jogo (idJogo, data, golosMarcadosVisitante, golosMarcadosVisitada, nomeEquipaVisitada, nomeEquipaVisitante, arbitro, numeroJornada, fasePlayOff) VALUES (76, '22/12', 2, 5, 'Leões Porto Salvo', 'Eléctrico', 212, 11, NULL);
INSERT INTO Jogo (idJogo, data, golosMarcadosVisitante, golosMarcadosVisitada, nomeEquipaVisitada, nomeEquipaVisitante, arbitro, numeroJornada, fasePlayOff) VALUES (77, '22/12', 2, 1, 'Modicus Cartest', 'Benfica', 216, 11, NULL);
INSERT INTO Jogo (idJogo, data, golosMarcadosVisitante, golosMarcadosVisitada, nomeEquipaVisitada, nomeEquipaVisitante, arbitro, numeroJornada, fasePlayOff) VALUES (78, '08/12', 3, 6, 'Quinta dos Lombos', 'Eléctrico', 209, 12, NULL);
INSERT INTO Jogo (idJogo, data, golosMarcadosVisitante, golosMarcadosVisitada, nomeEquipaVisitada, nomeEquipaVisitante, arbitro, numeroJornada, fasePlayOff) VALUES (79, '08/12', 3, 2, 'CR Candoso/Natcal', 'Sporting', 212, 12, NULL);
INSERT INTO Jogo (idJogo, data, golosMarcadosVisitante, golosMarcadosVisitada, nomeEquipaVisitada, nomeEquipaVisitante, arbitro, numeroJornada, fasePlayOff) VALUES (80, '08/12', 2, 4, 'Viseu 2001/Palácio do Gelo', 'AD Fundão/Hotel Alambique', 212, 12, NULL);
INSERT INTO Jogo (idJogo, data, golosMarcadosVisitante, golosMarcadosVisitada, nomeEquipaVisitada, nomeEquipaVisitante, arbitro, numeroJornada, fasePlayOff) VALUES (81, '08/12', 5, 5, 'Benfica', 'Portimonense', 209, 12, NULL);
INSERT INTO Jogo (idJogo, data, golosMarcadosVisitante, golosMarcadosVisitada, nomeEquipaVisitada, nomeEquipaVisitante, arbitro, numeroJornada, fasePlayOff) VALUES (82, '08/12', 3, 6, 'SC Braga/AAUM', 'Leões Porto Salvo', 212, 12, NULL);
INSERT INTO Jogo (idJogo, data, golosMarcadosVisitante, golosMarcadosVisitada, nomeEquipaVisitada, nomeEquipaVisitante, arbitro, numeroJornada, fasePlayOff) VALUES (83, '08/12', 0, 1, 'Torreense', 'Nun´Álvares', 217, 12, NULL);
INSERT INTO Jogo (idJogo, data, golosMarcadosVisitante, golosMarcadosVisitada, nomeEquipaVisitada, nomeEquipaVisitante, arbitro, numeroJornada, fasePlayOff) VALUES (84, '08/12', 1, 3, 'FC Azeméis by Noxae', 'Modicus Cartest', 219, 12, NULL);
INSERT INTO Jogo (idJogo, data, golosMarcadosVisitante, golosMarcadosVisitada, nomeEquipaVisitada, nomeEquipaVisitante, arbitro, numeroJornada, fasePlayOff) VALUES (85, '12/12', 3, 1, 'AD Fundão/Hotel Alambique', 'Benfica', 213, 13, NULL);
INSERT INTO Jogo (idJogo, data, golosMarcadosVisitante, golosMarcadosVisitada, nomeEquipaVisitada, nomeEquipaVisitante, arbitro, numeroJornada, fasePlayOff) VALUES (86, '12/12', 1, 2, 'Sporting', 'Quinta dos Lombos', 222, 13, NULL);
INSERT INTO Jogo (idJogo, data, golosMarcadosVisitante, golosMarcadosVisitada, nomeEquipaVisitada, nomeEquipaVisitante, arbitro, numeroJornada, fasePlayOff) VALUES (87, '12/12', 2, 2, 'Nun´Álvares', 'CR Candoso/Natcal', 210, 13, NULL);
INSERT INTO Jogo (idJogo, data, golosMarcadosVisitante, golosMarcadosVisitada, nomeEquipaVisitada, nomeEquipaVisitante, arbitro, numeroJornada, fasePlayOff) VALUES (88, '12/12', 4, 4, 'Leões Porto Salvo', 'Viseu 2001/Palácio do Gelo', 214, 13, NULL);
INSERT INTO Jogo (idJogo, data, golosMarcadosVisitante, golosMarcadosVisitada, nomeEquipaVisitada, nomeEquipaVisitante, arbitro, numeroJornada, fasePlayOff) VALUES (89, '12/12', 4, 3, 'Eléctrico', 'SC Braga/AAUM', 220, 13, NULL);
INSERT INTO Jogo (idJogo, data, golosMarcadosVisitante, golosMarcadosVisitada, nomeEquipaVisitada, nomeEquipaVisitante, arbitro, numeroJornada, fasePlayOff) VALUES (90, '12/12', 2, 4, 'Modicus Cartest', 'Torreense', 217, 13, NULL);
INSERT INTO Jogo (idJogo, data, golosMarcadosVisitante, golosMarcadosVisitada, nomeEquipaVisitada, nomeEquipaVisitante, arbitro, numeroJornada, fasePlayOff) VALUES (91, '12/12', 2, 6, 'Portimonense', 'FC Azeméis by Noxae', 217, 13, NULL);
INSERT INTO Jogo (idJogo, data, golosMarcadosVisitante, golosMarcadosVisitada, nomeEquipaVisitada, nomeEquipaVisitante, arbitro, numeroJornada, fasePlayOff) VALUES (92, '18/12', 1, 4, 'Eléctrico', 'Viseu 2001/Palácio do Gelo', 217, 14, NULL);
INSERT INTO Jogo (idJogo, data, golosMarcadosVisitante, golosMarcadosVisitada, nomeEquipaVisitada, nomeEquipaVisitante, arbitro, numeroJornada, fasePlayOff) VALUES (93, '22/12', 1, 2, 'AD Fundão/Hotel Alambique', 'FC Azeméis by Noxae', 212, 14, NULL);
INSERT INTO Jogo (idJogo, data, golosMarcadosVisitante, golosMarcadosVisitada, nomeEquipaVisitada, nomeEquipaVisitante, arbitro, numeroJornada, fasePlayOff) VALUES (94, '23/12', 5, 1, 'Nun´Álvares', 'Sporting', 219, 14, NULL);
INSERT INTO Jogo (idJogo, data, golosMarcadosVisitante, golosMarcadosVisitada, nomeEquipaVisitada, nomeEquipaVisitante, arbitro, numeroJornada, fasePlayOff) VALUES (95, '26/12', 2, 3, 'Portimonense', 'Torreense', 223, 14, NULL);
INSERT INTO Jogo (idJogo, data, golosMarcadosVisitante, golosMarcadosVisitada, nomeEquipaVisitada, nomeEquipaVisitante, arbitro, numeroJornada, fasePlayOff) VALUES (96, '27/12', 3, 1, 'Modicus Cartest', 'CR Candoso/Natcal', 220, 14, NULL);
INSERT INTO Jogo (idJogo, data, golosMarcadosVisitante, golosMarcadosVisitada, nomeEquipaVisitada, nomeEquipaVisitante, arbitro, numeroJornada, fasePlayOff) VALUES (97, '15/02', 3, 3, 'Leões Porto Salvo', 'Benfica', 210, 14, NULL);
INSERT INTO Jogo (idJogo, data, golosMarcadosVisitante, golosMarcadosVisitada, nomeEquipaVisitada, nomeEquipaVisitante, arbitro, numeroJornada, fasePlayOff) VALUES (98, '16/02', 3, 2, 'SC Braga/AAUM', 'Quinta dos Lombos', 213, 14, NULL);
INSERT INTO Jogo (idJogo, data, golosMarcadosVisitante, golosMarcadosVisitada, nomeEquipaVisitada, nomeEquipaVisitante, arbitro, numeroJornada, fasePlayOff) VALUES (99, '02/01', 3, 3, 'CR Candoso/Natcal', 'Portimonense', 212, 15, NULL);
INSERT INTO Jogo (idJogo, data, golosMarcadosVisitante, golosMarcadosVisitada, nomeEquipaVisitada, nomeEquipaVisitante, arbitro, numeroJornada, fasePlayOff) VALUES (100, '02/01', 4, 3, 'FC Azeméis by Noxae', 'Leões Porto Salvo', 222, 15, NULL);
INSERT INTO Jogo (idJogo, data, golosMarcadosVisitante, golosMarcadosVisitada, nomeEquipaVisitada, nomeEquipaVisitante, arbitro, numeroJornada, fasePlayOff) VALUES (101, '02/01', 0, 6, 'Sporting', 'Modicus Cartest', 219, 15, NULL);
INSERT INTO Jogo (idJogo, data, golosMarcadosVisitante, golosMarcadosVisitada, nomeEquipaVisitada, nomeEquipaVisitante, arbitro, numeroJornada, fasePlayOff) VALUES (102, '02/01', 3, 5, 'Benfica', 'Eléctrico', 216, 15, NULL);
INSERT INTO Jogo (idJogo, data, golosMarcadosVisitante, golosMarcadosVisitada, nomeEquipaVisitada, nomeEquipaVisitante, arbitro, numeroJornada, fasePlayOff) VALUES (103, '05/02', 5, 2, 'Quinta dos Lombos', 'Nun´Álvares', 218, 15, NULL);
INSERT INTO Jogo (idJogo, data, golosMarcadosVisitante, golosMarcadosVisitada, nomeEquipaVisitada, nomeEquipaVisitante, arbitro, numeroJornada, fasePlayOff) VALUES (104, '05/02', 7, 4, 'Torreense', 'AD Fundão/Hotel Alambique', 218, 15, NULL);
INSERT INTO Jogo (idJogo, data, golosMarcadosVisitante, golosMarcadosVisitada, nomeEquipaVisitada, nomeEquipaVisitante, arbitro, numeroJornada, fasePlayOff) VALUES (105, '23/03', 4, 2, 'Viseu 2001/Palácio do Gelo', 'SC Braga/AAUM', 217, 15, NULL);
INSERT INTO Jogo (idJogo, data, golosMarcadosVisitante, golosMarcadosVisitada, nomeEquipaVisitada, nomeEquipaVisitante, arbitro, numeroJornada, fasePlayOff) VALUES (106, '19/02', 2, 1, 'Portimonense', 'Sporting', 212, 16, NULL);
INSERT INTO Jogo (idJogo, data, golosMarcadosVisitante, golosMarcadosVisitada, nomeEquipaVisitada, nomeEquipaVisitante, arbitro, numeroJornada, fasePlayOff) VALUES (107, '19/02', 1, 3, 'Viseu 2001/Palácio do Gelo', 'Quinta dos Lombos', 219, 16, NULL);
INSERT INTO Jogo (idJogo, data, golosMarcadosVisitante, golosMarcadosVisitada, nomeEquipaVisitada, nomeEquipaVisitante, arbitro, numeroJornada, fasePlayOff) VALUES (108, '19/02', 1, 8, 'Eléctrico', 'FC Azeméis by Noxae', 216, 16, NULL);
INSERT INTO Jogo (idJogo, data, golosMarcadosVisitante, golosMarcadosVisitada, nomeEquipaVisitada, nomeEquipaVisitante, arbitro, numeroJornada, fasePlayOff) VALUES (109, '19/02', 4, 6, 'AD Fundão/Hotel Alambique', 'CR Candoso/Natcal', 217, 16, NULL);
INSERT INTO Jogo (idJogo, data, golosMarcadosVisitante, golosMarcadosVisitada, nomeEquipaVisitada, nomeEquipaVisitante, arbitro, numeroJornada, fasePlayOff) VALUES (110, '19/02', 5, 2, 'SC Braga/AAUM', 'Benfica', 217, 16, NULL);
INSERT INTO Jogo (idJogo, data, golosMarcadosVisitante, golosMarcadosVisitada, nomeEquipaVisitada, nomeEquipaVisitante, arbitro, numeroJornada, fasePlayOff) VALUES (111, '19/02', 0, 1, 'Modicus Cartest', 'Nun´Álvares', 223, 16, NULL);
INSERT INTO Jogo (idJogo, data, golosMarcadosVisitante, golosMarcadosVisitada, nomeEquipaVisitada, nomeEquipaVisitante, arbitro, numeroJornada, fasePlayOff) VALUES (112, '19/02', 4, 2, 'Leões Porto Salvo', 'Torreense', 213, 16, NULL);
INSERT INTO Jogo (idJogo, data, golosMarcadosVisitante, golosMarcadosVisitada, nomeEquipaVisitada, nomeEquipaVisitante, arbitro, numeroJornada, fasePlayOff) VALUES (113, '05/03', 2, 4, 'Nun´Álvares', 'Portimonense', 220, 17, NULL);
INSERT INTO Jogo (idJogo, data, golosMarcadosVisitante, golosMarcadosVisitada, nomeEquipaVisitada, nomeEquipaVisitante, arbitro, numeroJornada, fasePlayOff) VALUES (114, '05/03', 2, 2, 'CR Candoso/Natcal', 'Leões Porto Salvo', 212, 17, NULL);
INSERT INTO Jogo (idJogo, data, golosMarcadosVisitante, golosMarcadosVisitada, nomeEquipaVisitada, nomeEquipaVisitante, arbitro, numeroJornada, fasePlayOff) VALUES (115, '05/03', 6, 3, 'Quinta dos Lombos', 'Modicus Cartest', 211, 17, NULL);
INSERT INTO Jogo (idJogo, data, golosMarcadosVisitante, golosMarcadosVisitada, nomeEquipaVisitada, nomeEquipaVisitante, arbitro, numeroJornada, fasePlayOff) VALUES (116, '05/03', 3, 6, 'Sporting', 'AD Fundão/Hotel Alambique', 213, 17, NULL);
INSERT INTO Jogo (idJogo, data, golosMarcadosVisitante, golosMarcadosVisitada, nomeEquipaVisitada, nomeEquipaVisitante, arbitro, numeroJornada, fasePlayOff) VALUES (117, '05/03', 1, 6, 'Benfica', 'Viseu 2001/Palácio do Gelo', 216, 17, NULL);
INSERT INTO Jogo (idJogo, data, golosMarcadosVisitante, golosMarcadosVisitada, nomeEquipaVisitada, nomeEquipaVisitante, arbitro, numeroJornada, fasePlayOff) VALUES (118, '06/03', 3, 1, 'Torreense', 'Eléctrico', 210, 17, NULL);
INSERT INTO Jogo (idJogo, data, golosMarcadosVisitante, golosMarcadosVisitada, nomeEquipaVisitada, nomeEquipaVisitante, arbitro, numeroJornada, fasePlayOff) VALUES (119, '30/03', 3, 2, 'FC Azeméis by Noxae', 'SC Braga/AAUM', 223, 17, NULL);
INSERT INTO Jogo (idJogo, data, golosMarcadosVisitante, golosMarcadosVisitada, nomeEquipaVisitada, nomeEquipaVisitante, arbitro, numeroJornada, fasePlayOff) VALUES (120, '03/11', 5, 1, 'Leões Porto Salvo', 'Sporting', 219, 18, NULL);
INSERT INTO Jogo (idJogo, data, golosMarcadosVisitante, golosMarcadosVisitada, nomeEquipaVisitada, nomeEquipaVisitante, arbitro, numeroJornada, fasePlayOff) VALUES (121, '09/03', 0, 2, 'Portimonense', 'Modicus Cartest', 219, 18, NULL);
INSERT INTO Jogo (idJogo, data, golosMarcadosVisitante, golosMarcadosVisitada, nomeEquipaVisitada, nomeEquipaVisitante, arbitro, numeroJornada, fasePlayOff) VALUES (122, '09/03', 2, 3, 'SC Braga/AAUM', 'Torreense', 218, 18, NULL);
INSERT INTO Jogo (idJogo, data, golosMarcadosVisitante, golosMarcadosVisitada, nomeEquipaVisitada, nomeEquipaVisitante, arbitro, numeroJornada, fasePlayOff) VALUES (123, '09/03', 2, 4, 'Benfica', 'Quinta dos Lombos', 221, 18, NULL);
INSERT INTO Jogo (idJogo, data, golosMarcadosVisitante, golosMarcadosVisitada, nomeEquipaVisitada, nomeEquipaVisitante, arbitro, numeroJornada, fasePlayOff) VALUES (124, '09/03', 1, 6, 'Eléctrico', 'CR Candoso/Natcal', 217, 18, NULL);
INSERT INTO Jogo (idJogo, data, golosMarcadosVisitante, golosMarcadosVisitada, nomeEquipaVisitada, nomeEquipaVisitante, arbitro, numeroJornada, fasePlayOff) VALUES (125, '09/03', 1, 1, 'AD Fundão/Hotel Alambique', 'Nun´Álvares', 211, 18, NULL);
INSERT INTO Jogo (idJogo, data, golosMarcadosVisitante, golosMarcadosVisitada, nomeEquipaVisitada, nomeEquipaVisitante, arbitro, numeroJornada, fasePlayOff) VALUES (126, '09/03', 5, 1, 'Viseu 2001/Palácio do Gelo', 'FC Azeméis by Noxae', 217, 18, NULL);
INSERT INTO Jogo (idJogo, data, golosMarcadosVisitante, golosMarcadosVisitada, nomeEquipaVisitada, nomeEquipaVisitante, arbitro, numeroJornada, fasePlayOff) VALUES (127, '12/03', 2, 3, 'Quinta dos Lombos', 'Portimonense', 213, 19, NULL);
INSERT INTO Jogo (idJogo, data, golosMarcadosVisitante, golosMarcadosVisitada, nomeEquipaVisitada, nomeEquipaVisitante, arbitro, numeroJornada, fasePlayOff) VALUES (128, '13/03', 5, 1, 'FC Azeméis by Noxae', 'Benfica', 223, 19, NULL);
INSERT INTO Jogo (idJogo, data, golosMarcadosVisitante, golosMarcadosVisitada, nomeEquipaVisitada, nomeEquipaVisitante, arbitro, numeroJornada, fasePlayOff) VALUES (129, '13/03', 1, 5, 'Nun´Álvares', 'Leões Porto Salvo', 222, 19, NULL);
INSERT INTO Jogo (idJogo, data, golosMarcadosVisitante, golosMarcadosVisitada, nomeEquipaVisitada, nomeEquipaVisitante, arbitro, numeroJornada, fasePlayOff) VALUES (130, '13/03', 5, 3, 'Torreense', 'Viseu 2001/Palácio do Gelo', 220, 19, NULL);
INSERT INTO Jogo (idJogo, data, golosMarcadosVisitante, golosMarcadosVisitada, nomeEquipaVisitada, nomeEquipaVisitante, arbitro, numeroJornada, fasePlayOff) VALUES (131, '13/03', 6, 1, 'CR Candoso/Natcal', 'SC Braga/AAUM', 222, 19, NULL);
INSERT INTO Jogo (idJogo, data, golosMarcadosVisitante, golosMarcadosVisitada, nomeEquipaVisitada, nomeEquipaVisitante, arbitro, numeroJornada, fasePlayOff) VALUES (132, '13/03', 0, 5, 'Sporting', 'Eléctrico', 221, 19, NULL);
INSERT INTO Jogo (idJogo, data, golosMarcadosVisitante, golosMarcadosVisitada, nomeEquipaVisitada, nomeEquipaVisitante, arbitro, numeroJornada, fasePlayOff) VALUES (133, '23/03', 5, 1, 'Modicus Cartest', 'AD Fundão/Hotel Alambique', 214, 19, NULL);
INSERT INTO Jogo (idJogo, data, golosMarcadosVisitante, golosMarcadosVisitada, nomeEquipaVisitada, nomeEquipaVisitante, arbitro, numeroJornada, fasePlayOff) VALUES (134, '26/03', 2, 6, 'Eléctrico', 'Nun´Álvares', 220, 20, NULL);
INSERT INTO Jogo (idJogo, data, golosMarcadosVisitante, golosMarcadosVisitada, nomeEquipaVisitada, nomeEquipaVisitante, arbitro, numeroJornada, fasePlayOff) VALUES (135, '26/03', 8, 1, 'SC Braga/AAUM', 'Sporting', 215, 20, NULL);
INSERT INTO Jogo (idJogo, data, golosMarcadosVisitante, golosMarcadosVisitada, nomeEquipaVisitada, nomeEquipaVisitante, arbitro, numeroJornada, fasePlayOff) VALUES (136, '26/03', 3, 0, 'FC Azeméis by Noxae', 'Quinta dos Lombos', 211, 20, NULL);
INSERT INTO Jogo (idJogo, data, golosMarcadosVisitante, golosMarcadosVisitada, nomeEquipaVisitada, nomeEquipaVisitante, arbitro, numeroJornada, fasePlayOff) VALUES (137, '26/03', 4, 3, 'AD Fundão/Hotel Alambique', 'Portimonense', 214, 20, NULL);
INSERT INTO Jogo (idJogo, data, golosMarcadosVisitante, golosMarcadosVisitada, nomeEquipaVisitada, nomeEquipaVisitante, arbitro, numeroJornada, fasePlayOff) VALUES (138, '26/03', 1, 1, 'Leões Porto Salvo', 'Modicus Cartest', 217, 20, NULL);
INSERT INTO Jogo (idJogo, data, golosMarcadosVisitante, golosMarcadosVisitada, nomeEquipaVisitada, nomeEquipaVisitante, arbitro, numeroJornada, fasePlayOff) VALUES (139, '26/03', 1, 2, 'Benfica', 'Torreense', 222, 20, NULL);
INSERT INTO Jogo (idJogo, data, golosMarcadosVisitante, golosMarcadosVisitada, nomeEquipaVisitada, nomeEquipaVisitante, arbitro, numeroJornada, fasePlayOff) VALUES (140, '27/03', 2, 2, 'Viseu 2001/Palácio do Gelo', 'CR Candoso/Natcal', 219, 20, NULL);
INSERT INTO Jogo (idJogo, data, golosMarcadosVisitante, golosMarcadosVisitada, nomeEquipaVisitada, nomeEquipaVisitante, arbitro, numeroJornada, fasePlayOff) VALUES (141, '02/04', 6, 3, 'CR Candoso/Natcal', 'Benfica', 221, 21, NULL);
INSERT INTO Jogo (idJogo, data, golosMarcadosVisitante, golosMarcadosVisitada, nomeEquipaVisitada, nomeEquipaVisitante, arbitro, numeroJornada, fasePlayOff) VALUES (142, '02/04', 6, 0, 'Modicus Cartest', 'Eléctrico', 220, 21, NULL);
INSERT INTO Jogo (idJogo, data, golosMarcadosVisitante, golosMarcadosVisitada, nomeEquipaVisitada, nomeEquipaVisitante, arbitro, numeroJornada, fasePlayOff) VALUES (143, '02/04', 4, 1, 'Portimonense', 'Leões Porto Salvo', 224, 21, NULL);
INSERT INTO Jogo (idJogo, data, golosMarcadosVisitante, golosMarcadosVisitada, nomeEquipaVisitada, nomeEquipaVisitante, arbitro, numeroJornada, fasePlayOff) VALUES (144, '02/04', 1, 8, 'Sporting', 'Viseu 2001/Palácio do Gelo', 222, 21, NULL);
INSERT INTO Jogo (idJogo, data, golosMarcadosVisitante, golosMarcadosVisitada, nomeEquipaVisitada, nomeEquipaVisitante, arbitro, numeroJornada, fasePlayOff) VALUES (145, '02/04', 4, 3, 'Quinta dos Lombos', 'AD Fundão/Hotel Alambique', 220, 21, NULL);
INSERT INTO Jogo (idJogo, data, golosMarcadosVisitante, golosMarcadosVisitada, nomeEquipaVisitada, nomeEquipaVisitante, arbitro, numeroJornada, fasePlayOff) VALUES (146, '02/04', 4, 4, 'Nun´Álvares', 'SC Braga/AAUM', 211, 21, NULL);
INSERT INTO Jogo (idJogo, data, golosMarcadosVisitante, golosMarcadosVisitada, nomeEquipaVisitada, nomeEquipaVisitante, arbitro, numeroJornada, fasePlayOff) VALUES (147, '03/04', 3, 7, 'Torreense', 'FC Azeméis by Noxae', 213, 21, NULL);
INSERT INTO Jogo (idJogo, data, golosMarcadosVisitante, golosMarcadosVisitada, nomeEquipaVisitada, nomeEquipaVisitante, arbitro, numeroJornada, fasePlayOff) VALUES (148, '16/04', 2, 3, 'SC Braga/AAUM', 'Modicus Cartest', 221, 22, NULL);
INSERT INTO Jogo (idJogo, data, golosMarcadosVisitante, golosMarcadosVisitada, nomeEquipaVisitada, nomeEquipaVisitante, arbitro, numeroJornada, fasePlayOff) VALUES (149, '16/04', 3, 3, 'Leões Porto Salvo', 'AD Fundão/Hotel Alambique', 209, 22, NULL);
INSERT INTO Jogo (idJogo, data, golosMarcadosVisitante, golosMarcadosVisitada, nomeEquipaVisitada, nomeEquipaVisitante, arbitro, numeroJornada, fasePlayOff) VALUES (150, '16/04', 1, 3, 'FC Azeméis by Noxae', 'CR Candoso/Natcal', 209, 22, NULL);
INSERT INTO Jogo (idJogo, data, golosMarcadosVisitante, golosMarcadosVisitada, nomeEquipaVisitada, nomeEquipaVisitante, arbitro, numeroJornada, fasePlayOff) VALUES (151, '16/04', 4, 1, 'Eléctrico', 'Portimonense', 223, 22, NULL);
INSERT INTO Jogo (idJogo, data, golosMarcadosVisitante, golosMarcadosVisitada, nomeEquipaVisitada, nomeEquipaVisitante, arbitro, numeroJornada, fasePlayOff) VALUES (152, '16/04', 4, 4, 'Viseu 2001/Palácio do Gelo', 'Nun´Álvares', 213, 22, NULL);
INSERT INTO Jogo (idJogo, data, golosMarcadosVisitante, golosMarcadosVisitada, nomeEquipaVisitada, nomeEquipaVisitante, arbitro, numeroJornada, fasePlayOff) VALUES (153, '16/04', 2, 1, 'Torreense', 'Quinta dos Lombos', 218, 22, NULL);
INSERT INTO Jogo (idJogo, data, golosMarcadosVisitante, golosMarcadosVisitada, nomeEquipaVisitada, nomeEquipaVisitante, arbitro, numeroJornada, fasePlayOff) VALUES (154, '19/04', 2, 3, 'Benfica', 'Sporting', 213, 22, NULL);
INSERT INTO Jogo (idJogo, data, golosMarcadosVisitante, golosMarcadosVisitada, nomeEquipaVisitada, nomeEquipaVisitante, arbitro, numeroJornada, fasePlayOff) VALUES (155, '23/04', 3, 2, 'Nun´Álvares', 'Benfica', 224, 23, NULL);
INSERT INTO Jogo (idJogo, data, golosMarcadosVisitante, golosMarcadosVisitada, nomeEquipaVisitada, nomeEquipaVisitante, arbitro, numeroJornada, fasePlayOff) VALUES (156, '23/04', 0, 5, 'Sporting', 'FC Azeméis by Noxae', 217, 23, NULL);
INSERT INTO Jogo (idJogo, data, golosMarcadosVisitante, golosMarcadosVisitada, nomeEquipaVisitada, nomeEquipaVisitante, arbitro, numeroJornada, fasePlayOff) VALUES (157, '23/04', 1, 1, 'CR Candoso/Natcal', 'Torreense', 216, 23, NULL);
INSERT INTO Jogo (idJogo, data, golosMarcadosVisitante, golosMarcadosVisitada, nomeEquipaVisitada, nomeEquipaVisitante, arbitro, numeroJornada, fasePlayOff) VALUES (158, '23/04', 4, 4, 'Portimonense', 'SC Braga/AAUM', 215, 23, NULL);
INSERT INTO Jogo (idJogo, data, golosMarcadosVisitante, golosMarcadosVisitada, nomeEquipaVisitada, nomeEquipaVisitante, arbitro, numeroJornada, fasePlayOff) VALUES (159, '23/04', 2, 2, 'AD Fundão/Hotel Alambique', 'Eléctrico', 217, 23, NULL);
INSERT INTO Jogo (idJogo, data, golosMarcadosVisitante, golosMarcadosVisitada, nomeEquipaVisitada, nomeEquipaVisitante, arbitro, numeroJornada, fasePlayOff) VALUES (160, '23/04', 2, 2, 'Modicus Cartest', 'Viseu 2001/Palácio do Gelo', 220, 23, NULL);
INSERT INTO Jogo (idJogo, data, golosMarcadosVisitante, golosMarcadosVisitada, nomeEquipaVisitada, nomeEquipaVisitante, arbitro, numeroJornada, fasePlayOff) VALUES (161, '25/04', 2, 2, 'Quinta dos Lombos', 'Leões Porto Salvo', 211, 23, NULL);
INSERT INTO Jogo (idJogo, data, golosMarcadosVisitante, golosMarcadosVisitada, nomeEquipaVisitada, nomeEquipaVisitante, arbitro, numeroJornada, fasePlayOff) VALUES (162, '30/03', 2, 6, 'Benfica', 'Modicus Cartest', 221, 24, NULL);
INSERT INTO Jogo (idJogo, data, golosMarcadosVisitante, golosMarcadosVisitada, nomeEquipaVisitada, nomeEquipaVisitante, arbitro, numeroJornada, fasePlayOff) VALUES (163, '30/03', 3, 1, 'Torreense', 'Sporting', 217, 24, NULL);
INSERT INTO Jogo (idJogo, data, golosMarcadosVisitante, golosMarcadosVisitada, nomeEquipaVisitada, nomeEquipaVisitante, arbitro, numeroJornada, fasePlayOff) VALUES (164, '30/04', 2, 2, 'CR Candoso/Natcal', 'Quinta dos Lombos', 223, 24, NULL);
INSERT INTO Jogo (idJogo, data, golosMarcadosVisitante, golosMarcadosVisitada, nomeEquipaVisitada, nomeEquipaVisitante, arbitro, numeroJornada, fasePlayOff) VALUES (165, '30/04', 4, 4, 'SC Braga/AAUM', 'AD Fundão/Hotel Alambique', 218, 24, NULL);
INSERT INTO Jogo (idJogo, data, golosMarcadosVisitante, golosMarcadosVisitada, nomeEquipaVisitada, nomeEquipaVisitante, arbitro, numeroJornada, fasePlayOff) VALUES (166, '30/04', 4, 0, 'Eléctrico', 'Leões Porto Salvo', 212, 24, NULL);
INSERT INTO Jogo (idJogo, data, golosMarcadosVisitante, golosMarcadosVisitada, nomeEquipaVisitada, nomeEquipaVisitante, arbitro, numeroJornada, fasePlayOff) VALUES (167, '30/04', 0, 2, 'FC Azeméis by Noxae', 'Nun´Álvares', 219, 24, NULL);
INSERT INTO Jogo (idJogo, data, golosMarcadosVisitante, golosMarcadosVisitada, nomeEquipaVisitada, nomeEquipaVisitante, arbitro, numeroJornada, fasePlayOff) VALUES (168, '01/05', 3, 4, 'Viseu 2001/Palácio do Gelo', 'Portimonense', 219, 24, NULL);
INSERT INTO Jogo (idJogo, data, golosMarcadosVisitante, golosMarcadosVisitada, nomeEquipaVisitada, nomeEquipaVisitante, arbitro, numeroJornada, fasePlayOff) VALUES (169, '07/05', 2, 3, 'Nun´Álvares', 'Torreense', 215, 25, NULL);
INSERT INTO Jogo (idJogo, data, golosMarcadosVisitante, golosMarcadosVisitada, nomeEquipaVisitada, nomeEquipaVisitante, arbitro, numeroJornada, fasePlayOff) VALUES (170, '07/05', 0, 5, 'Sporting', 'CR Candoso/Natcal', 221, 25, NULL);
INSERT INTO Jogo (idJogo, data, golosMarcadosVisitante, golosMarcadosVisitada, nomeEquipaVisitada, nomeEquipaVisitante, arbitro, numeroJornada, fasePlayOff) VALUES (171, '07/05', 4, 6, 'Modicus Cartest', 'FC Azeméis by Noxae', 218, 25, NULL);
INSERT INTO Jogo (idJogo, data, golosMarcadosVisitante, golosMarcadosVisitada, nomeEquipaVisitada, nomeEquipaVisitante, arbitro, numeroJornada, fasePlayOff) VALUES (172, '07/05', 1, 3, 'AD Fundão/Hotel Alambique', 'Viseu 2001/Palácio do Gelo', 223, 25, NULL);
INSERT INTO Jogo (idJogo, data, golosMarcadosVisitante, golosMarcadosVisitada, nomeEquipaVisitada, nomeEquipaVisitante, arbitro, numeroJornada, fasePlayOff) VALUES (173, '07/05', 2, 3, 'Eléctrico', 'Quinta dos Lombos', 210, 25, NULL);
INSERT INTO Jogo (idJogo, data, golosMarcadosVisitante, golosMarcadosVisitada, nomeEquipaVisitada, nomeEquipaVisitante, arbitro, numeroJornada, fasePlayOff) VALUES (174, '07/05', 8, 1, 'Portimonense', 'Benfica', 212, 25, NULL);
INSERT INTO Jogo (idJogo, data, golosMarcadosVisitante, golosMarcadosVisitada, nomeEquipaVisitada, nomeEquipaVisitante, arbitro, numeroJornada, fasePlayOff) VALUES (175, '07/05', 2, 4, 'Leões Porto Salvo', 'SC Braga/AAUM', 220, 25, NULL);
INSERT INTO Jogo (idJogo, data, golosMarcadosVisitante, golosMarcadosVisitada, nomeEquipaVisitada, nomeEquipaVisitante, arbitro, numeroJornada, fasePlayOff) VALUES (176, '13/05', 5, 6, 'Quinta dos Lombos', 'Sporting', 213, 25, NULL);
INSERT INTO Jogo (idJogo, data, golosMarcadosVisitante, golosMarcadosVisitada, nomeEquipaVisitada, nomeEquipaVisitante, arbitro, numeroJornada, fasePlayOff) VALUES (177, '14/05', 1, 1, 'CR Candoso/Natcal', 'Nun´Álvares', 216, 25, NULL);
INSERT INTO Jogo (idJogo, data, golosMarcadosVisitante, golosMarcadosVisitada, nomeEquipaVisitada, nomeEquipaVisitante, arbitro, numeroJornada, fasePlayOff) VALUES (178, '14/05', 3, 2, 'FC Azeméis by Noxae', 'Portimonense', 210, 25, NULL);
INSERT INTO Jogo (idJogo, data, golosMarcadosVisitante, golosMarcadosVisitada, nomeEquipaVisitada, nomeEquipaVisitante, arbitro, numeroJornada, fasePlayOff) VALUES (179, '14/05', 4, 6, 'Benfica', 'AD Fundão/Hotel Alambique', 222, 25, NULL);
INSERT INTO Jogo (idJogo, data, golosMarcadosVisitante, golosMarcadosVisitada, nomeEquipaVisitada, nomeEquipaVisitante, arbitro, numeroJornada, fasePlayOff) VALUES (180, '14/05', 4, 2, 'SC Braga/AAUM', 'Eléctrico', 211, 25, NULL);
INSERT INTO Jogo (idJogo, data, golosMarcadosVisitante, golosMarcadosVisitada, nomeEquipaVisitada, nomeEquipaVisitante, arbitro, numeroJornada, fasePlayOff) VALUES (181, '14/05', 5, 4, 'Viseu 2001/Palácio do Gelo', 'Leões Porto Salvo', 218, 25, NULL);
INSERT INTO Jogo (idJogo, data, golosMarcadosVisitante, golosMarcadosVisitada, nomeEquipaVisitada, nomeEquipaVisitante, arbitro, numeroJornada, fasePlayOff) VALUES (182, '15/05', 2, 3, 'Torreense', 'Modicus Cartest', 220, 25, NULL);
INSERT INTO Jogo (idJogo, data, golosMarcadosVisitante, golosMarcadosVisitada, nomeEquipaVisitada, nomeEquipaVisitante, arbitro, numeroJornada, fasePlayOff) VALUES (183, '27/05', 3, 0, 'FC Azeméis by Noxae', 'Sporting', 215, NULL, 'QUARTOS-DE-FINAL');
INSERT INTO Jogo (idJogo, data, golosMarcadosVisitante, golosMarcadosVisitada, nomeEquipaVisitada, nomeEquipaVisitante, arbitro, numeroJornada, fasePlayOff) VALUES (184, '04/06', 0, 1, 'Sporting', 'FC Azeméis by Noxae', 216, NULL, 'QUARTOS-DE-FINAL');
INSERT INTO Jogo (idJogo, data, golosMarcadosVisitante, golosMarcadosVisitada, nomeEquipaVisitada, nomeEquipaVisitante, arbitro, numeroJornada, fasePlayOff) VALUES (185, '26/05', 3, 1, 'Leões Porto Salvo', 'Benfica', 217, NULL, 'QUARTOS-DE-FINAL');
INSERT INTO Jogo (idJogo, data, golosMarcadosVisitante, golosMarcadosVisitada, nomeEquipaVisitada, nomeEquipaVisitante, arbitro, numeroJornada, fasePlayOff) VALUES (186, '03/06', 0, 3, 'Benfica', 'Leões Porto Salvo', 218, NULL, 'QUARTOS-DE-FINAL');
INSERT INTO Jogo (idJogo, data, golosMarcadosVisitante, golosMarcadosVisitada, nomeEquipaVisitada, nomeEquipaVisitante, arbitro, numeroJornada, fasePlayOff) VALUES (187, '25/05', 1, 2, 'SC Braga/AAUM', 'Eléctrico', 219, NULL, 'QUARTOS-DE-FINAL');
INSERT INTO Jogo (idJogo, data, golosMarcadosVisitante, golosMarcadosVisitada, nomeEquipaVisitada, nomeEquipaVisitante, arbitro, numeroJornada, fasePlayOff) VALUES (188, '03/06', 1, 4, 'Eléctrico', 'SC Braga/AAUM', 220, NULL, 'QUARTOS-DE-FINAL');
INSERT INTO Jogo (idJogo, data, golosMarcadosVisitante, golosMarcadosVisitada, nomeEquipaVisitada, nomeEquipaVisitante, arbitro, numeroJornada, fasePlayOff) VALUES (189, '05/06', 4, 5, 'Eléctrico', 'SC Braga/AAUM', 221, NULL, 'QUARTOS-DE-FINAL');
INSERT INTO Jogo (idJogo, data, golosMarcadosVisitante, golosMarcadosVisitada, nomeEquipaVisitada, nomeEquipaVisitante, arbitro, numeroJornada, fasePlayOff) VALUES (190, '27/05', 1, 3, 'Quinta dos Lombos', 'AD Fundão/Hotel Alambique', 221, NULL, 'QUARTOS-DE-FINAL');
INSERT INTO Jogo (idJogo, data, golosMarcadosVisitante, golosMarcadosVisitada, nomeEquipaVisitada, nomeEquipaVisitante, arbitro, numeroJornada, fasePlayOff) VALUES (191, '04/06', 2, 4, 'AD Fundão/Hotel Alambique', 'Quinta dos Lombos', 223, NULL, 'QUARTOS-DE-FINAL');
INSERT INTO Jogo (idJogo, data, golosMarcadosVisitante, golosMarcadosVisitada, nomeEquipaVisitada, nomeEquipaVisitante, arbitro, numeroJornada, fasePlayOff) VALUES (192, '06/06', 1, 2, 'AD Fundão/Hotel Alambique', 'Quinta dos Lombos', 224, NULL, 'QUARTOS-DE-FINAL');
INSERT INTO Jogo (idJogo, data, golosMarcadosVisitante, golosMarcadosVisitada, nomeEquipaVisitada, nomeEquipaVisitante, arbitro, numeroJornada, fasePlayOff) VALUES (193, '10/06', 6, 4, 'AD Fundão/Hotel Alambique', 'Sporting', 209, NULL, 'MEIAS-FINAIS');
INSERT INTO Jogo (idJogo, data, golosMarcadosVisitante, golosMarcadosVisitada, nomeEquipaVisitada, nomeEquipaVisitante, arbitro, numeroJornada, fasePlayOff) VALUES (194, '12/06', 2, 5, 'Sporting', 'AD Fundão/Hotel Alambique', 210, NULL, 'MEIAS-FINAIS');
INSERT INTO Jogo (idJogo, data, golosMarcadosVisitante, golosMarcadosVisitada, nomeEquipaVisitada, nomeEquipaVisitante, arbitro, numeroJornada, fasePlayOff) VALUES (195, '10/06', 2, 1, 'Eléctrico', 'Benfica', 211, NULL, 'MEIAS-FINAIS');
INSERT INTO Jogo (idJogo, data, golosMarcadosVisitante, golosMarcadosVisitada, nomeEquipaVisitada, nomeEquipaVisitante, arbitro, numeroJornada, fasePlayOff) VALUES (196, '12/06', 1, 2, 'Benfica', 'Eléctrico', 212, NULL, 'MEIAS-FINAIS');
INSERT INTO Jogo (idJogo, data, golosMarcadosVisitante, golosMarcadosVisitada, nomeEquipaVisitada, nomeEquipaVisitante, arbitro, numeroJornada, fasePlayOff) VALUES (197, '18/06', 5, 4, 'Sporting', 'Benfica', 213, NULL, 'FINAL');
INSERT INTO Jogo (idJogo, data, golosMarcadosVisitante, golosMarcadosVisitada, nomeEquipaVisitada, nomeEquipaVisitante, arbitro, numeroJornada, fasePlayOff) VALUES (198, '22/06', 3, 4, 'Benfica', 'Sporting', 214, NULL, 'FINAL');
INSERT INTO Jogo (idJogo, data, golosMarcadosVisitante, golosMarcadosVisitada, nomeEquipaVisitada, nomeEquipaVisitante, arbitro, numeroJornada, fasePlayOff) VALUES (199, '25/06', 4, 3, 'Sporting', 'Benfica', 215, NULL, 'FINAL');

-- Table: Jornada
DROP TABLE IF EXISTS Jornada;
CREATE TABLE Jornada (numero INTEGER PRIMARY KEY, dataInicio VARCHAR (75) NOT NULL, dataFim VARCHAR (75) NOT NULL);
INSERT INTO Jornada (numero, dataInicio, dataFim) VALUES (1, '9/10', '14/10');
INSERT INTO Jornada (numero, dataInicio, dataFim) VALUES (2, '15/10', '19/10');
INSERT INTO Jornada (numero, dataInicio, dataFim) VALUES (3, '20/10', '22/10');
INSERT INTO Jornada (numero, dataInicio, dataFim) VALUES (4, '23/10', '29/10');
INSERT INTO Jornada (numero, dataInicio, dataFim) VALUES (5, '30/10', '03/11');
INSERT INTO Jornada (numero, dataInicio, dataFim) VALUES (6, '06/11', '09/11');
INSERT INTO Jornada (numero, dataInicio, dataFim) VALUES (7, '10/11', '12/11');
INSERT INTO Jornada (numero, dataInicio, dataFim) VALUES (8, '13/11', '19/11');
INSERT INTO Jornada (numero, dataInicio, dataFim) VALUES (9, '20/11', '26/11');
INSERT INTO Jornada (numero, dataInicio, dataFim) VALUES (10, '27/11', '23/11');
INSERT INTO Jornada (numero, dataInicio, dataFim) VALUES (11, '24/11', '07/12');
INSERT INTO Jornada (numero, dataInicio, dataFim) VALUES (12, '08/12', '11/12');
INSERT INTO Jornada (numero, dataInicio, dataFim) VALUES (13, '12/12', '17/12');
INSERT INTO Jornada (numero, dataInicio, dataFim) VALUES (14, '18/12', '01/01');
INSERT INTO Jornada (numero, dataInicio, dataFim) VALUES (15, '02/01', '18/02');
INSERT INTO Jornada (numero, dataInicio, dataFim) VALUES (16, '19/02', '04/03');
INSERT INTO Jornada (numero, dataInicio, dataFim) VALUES (17, '05/03', '02/11');
INSERT INTO Jornada (numero, dataInicio, dataFim) VALUES (18, '03/11', '25/03');
INSERT INTO Jornada (numero, dataInicio, dataFim) VALUES (19, '26/03', '01/04');
INSERT INTO Jornada (numero, dataInicio, dataFim) VALUES (20, '02/04', '15/04');
INSERT INTO Jornada (numero, dataInicio, dataFim) VALUES (21, '16/04', '22/04');
INSERT INTO Jornada (numero, dataInicio, dataFim) VALUES (22, '23/04', '29/03');
INSERT INTO Jornada (numero, dataInicio, dataFim) VALUES (23, '30/03', '06/05');
INSERT INTO Jornada (numero, dataInicio, dataFim) VALUES (24, '07/05', '12/05');
INSERT INTO Jornada (numero, dataInicio, dataFim) VALUES (25, '13/05', '15/05');

-- Table: Pavilhao
DROP TABLE IF EXISTS Pavilhao;
CREATE TABLE Pavilhao (idPavilhao INTEGER PRIMARY KEY, nome VARCHAR (75) NOT NULL, cidade VARCHAR (75) NOT NULL, lotacao INTEGER NOT NULL, equipa VARCHAR (75) REFERENCES Equipa (nome) ON DELETE CASCADE ON UPDATE CASCADE);
INSERT INTO Pavilhao (idPavilhao, nome, cidade, lotacao, equipa) VALUES (1, 'Pavilhao Joao Rocha', 'Lisboa', 3000, 'Sporting');
INSERT INTO Pavilhao (idPavilhao, nome, cidade, lotacao, equipa) VALUES (2, 'Pavilhao Gimnodesportivo de Ponte de Sor', 'Ponte de Sor', 720, 'Eléctrico');
INSERT INTO Pavilhao (idPavilhao, nome, cidade, lotacao, equipa) VALUES (3, 'Pavilhao Fidelidade', 'Lisboa', 2400, 'Benfica');
INSERT INTO Pavilhao (idPavilhao, nome, cidade, lotacao, equipa) VALUES (4, 'Pavilhao dos Leoes de Porto Salvo', 'Oeiras', 700, 'Leões Porto Salvo');
INSERT INTO Pavilhao (idPavilhao, nome, cidade, lotacao, equipa) VALUES (5, 'Pavilhao Desportivo dos Lombos', 'Cascais', 650, 'Quinta dos Lombos');
INSERT INTO Pavilhao (idPavilhao, nome, cidade, lotacao, equipa) VALUES (6, 'Pavilhao Desporivo Universitario de Gualtar', 'Braga', 1000, 'SC Braga/AAUM');
INSERT INTO Pavilhao (idPavilhao, nome, cidade, lotacao, equipa) VALUES (7, 'Pavilhao Municipal do Fundao', 'Fundao', 1056, 'AD Fundão/Hotel Alambique');
INSERT INTO Pavilhao (idPavilhao, nome, cidade, lotacao, equipa) VALUES (8, 'Pavilhao Desporivo da Boavista', 'Portimao', 480, 'Portimonense');
INSERT INTO Pavilhao (idPavilhao, nome, cidade, lotacao, equipa) VALUES (9, 'Pavilhao Desportivo do CR Candoso', 'Guimaraes', 700, 'CR Candoso/Natcal');
INSERT INTO Pavilhao (idPavilhao, nome, cidade, lotacao, equipa) VALUES (10, 'Pavilhao Municipal Prof.Antonio Costeira', 'Oliveira de  Azeméis', 250, 'FC Azeméis by Noxae');
INSERT INTO Pavilhao (idPavilhao, nome, cidade, lotacao, equipa) VALUES (11, 'Pavilhão do Modicus', 'Gaia', 700, 'Modicus Cartest');
INSERT INTO Pavilhao (idPavilhao, nome, cidade, lotacao, equipa) VALUES (12, 'Pavilhão Fisica de Torres Vedras', 'Torres Vedras', 1000, 'Torreense');
INSERT INTO Pavilhao (idPavilhao, nome, cidade, lotacao, equipa) VALUES (13, 'Pavilhão do Nun´Álvares', 'Fafe', 1500, 'Nun´Álvares');
INSERT INTO Pavilhao (idPavilhao, nome, cidade, lotacao, equipa) VALUES (14, 'Pavilhão Desportivo Cidade de Viseu', 'Viseu', 1200, 'Viseu 2001/Palácio do Gelo');

-- Table: Pessoa
DROP TABLE IF EXISTS Pessoa;
CREATE TABLE Pessoa (idPessoa INTEGER PRIMARY KEY, primeiroNome VARCHAR (75) NOT NULL, segundoNome VARCHAR (75), idade INTEGER (75) NOT NULL, pais VARCHAR (75) NOT NULL);
INSERT INTO Pessoa (idPessoa, primeiroNome, segundoNome, idade, pais) VALUES (1, 'Nuno', 'Dias', 49, 'Portugal');
INSERT INTO Pessoa (idPessoa, primeiroNome, segundoNome, idade, pais) VALUES (2, 'João', 'Pinto', 53, 'Portugal');
INSERT INTO Pessoa (idPessoa, primeiroNome, segundoNome, idade, pais) VALUES (3, 'Paulo', 'Fernandes', 57, 'Portugal');
INSERT INTO Pessoa (idPessoa, primeiroNome, segundoNome, idade, pais) VALUES (4, 'José', 'Méndez', 48, 'Espanha');
INSERT INTO Pessoa (idPessoa, primeiroNome, segundoNome, idade, pais) VALUES (5, 'Mário', 'Silva', 41, 'Portugal');
INSERT INTO Pessoa (idPessoa, primeiroNome, segundoNome, idade, pais) VALUES (6, 'Jorge', 'Monteiro', 51, 'Portugal');
INSERT INTO Pessoa (idPessoa, primeiroNome, segundoNome, idade, pais) VALUES (7, 'Joel', 'Rocha', 41, 'Portugal');
INSERT INTO Pessoa (idPessoa, primeiroNome, segundoNome, idade, pais) VALUES (8, 'Ricardo', 'Ferreira', 44, 'Portugal');
INSERT INTO Pessoa (idPessoa, primeiroNome, segundoNome, idade, pais) VALUES (9, 'Nuno', 'Couto', 38, 'Portugal');
INSERT INTO Pessoa (idPessoa, primeiroNome, segundoNome, idade, pais) VALUES (10, 'Pedro', 'Moreira', 44, 'Portugal');
INSERT INTO Pessoa (idPessoa, primeiroNome, segundoNome, idade, pais) VALUES (11, 'Henrique', 'Passos', 60, 'Portugal');
INSERT INTO Pessoa (idPessoa, primeiroNome, segundoNome, idade, pais) VALUES (12, 'André', 'Martins', 40, 'Portugal');
INSERT INTO Pessoa (idPessoa, primeiroNome, segundoNome, idade, pais) VALUES (13, 'Gonçalo', 'Portugal', 30, 'Portugal');
INSERT INTO Pessoa (idPessoa, primeiroNome, segundoNome, idade, pais) VALUES (14, 'Guita', ' ', 35, 'Portugal');
INSERT INTO Pessoa (idPessoa, primeiroNome, segundoNome, idade, pais) VALUES (15, 'Bernardo', 'Paçó', 22, 'Portugal');
INSERT INTO Pessoa (idPessoa, primeiroNome, segundoNome, idade, pais) VALUES (16, 'Tomás', 'Paçó', 22, 'Portugal');
INSERT INTO Pessoa (idPessoa, primeiroNome, segundoNome, idade, pais) VALUES (17, 'Erick', 'Mendonça', 27, 'Portugal');
INSERT INTO Pessoa (idPessoa, primeiroNome, segundoNome, idade, pais) VALUES (18, 'João', 'Matos', 35, 'Portugal');
INSERT INTO Pessoa (idPessoa, primeiroNome, segundoNome, idade, pais) VALUES (19, 'Anton', 'Sokolov', 23, 'Russia');
INSERT INTO Pessoa (idPessoa, primeiroNome, segundoNome, idade, pais) VALUES (20, 'Diogo', 'Santos', 20, 'Portugal');
INSERT INTO Pessoa (idPessoa, primeiroNome, segundoNome, idade, pais) VALUES (21, 'Pauleta', ' ', 28, 'Portugal');
INSERT INTO Pessoa (idPessoa, primeiroNome, segundoNome, idade, pais) VALUES (22, 'Diego', 'Cavinato', 37, 'Itália');
INSERT INTO Pessoa (idPessoa, primeiroNome, segundoNome, idade, pais) VALUES (23, 'Pany', 'Varela', 33, 'Portugal');
INSERT INTO Pessoa (idPessoa, primeiroNome, segundoNome, idade, pais) VALUES (24, 'Miguel', 'Ângelo', 28, 'Portugal');
INSERT INTO Pessoa (idPessoa, primeiroNome, segundoNome, idade, pais) VALUES (25, 'Alex', 'Merlim', 36, 'Itália');
INSERT INTO Pessoa (idPessoa, primeiroNome, segundoNome, idade, pais) VALUES (26, 'Zicky', 'Té', 21, 'Portugal');
INSERT INTO Pessoa (idPessoa, primeiroNome, segundoNome, idade, pais) VALUES (27, 'Hugo', 'Neves', 22, 'Portugal');
INSERT INTO Pessoa (idPessoa, primeiroNome, segundoNome, idade, pais) VALUES (28, 'Esteban', 'Guerrero', 27, 'Espanha');
INSERT INTO Pessoa (idPessoa, primeiroNome, segundoNome, idade, pais) VALUES (29, 'João', 'Silva', 30, 'Portugal');
INSERT INTO Pessoa (idPessoa, primeiroNome, segundoNome, idade, pais) VALUES (30, 'Diogo', 'Basílio', 26, 'Portugal');
INSERT INTO Pessoa (idPessoa, primeiroNome, segundoNome, idade, pais) VALUES (31, 'Ferrugem', ' ', 34, 'Brasil');
INSERT INTO Pessoa (idPessoa, primeiroNome, segundoNome, idade, pais) VALUES (32, 'Peixinho', ' ', 21, 'Portugal');
INSERT INTO Pessoa (idPessoa, primeiroNome, segundoNome, idade, pais) VALUES (33, 'Diogo', 'Soares', 20, 'Portugal');
INSERT INTO Pessoa (idPessoa, primeiroNome, segundoNome, idade, pais) VALUES (34, 'Ygor', 'Mota', 26, 'Brasil');
INSERT INTO Pessoa (idPessoa, primeiroNome, segundoNome, idade, pais) VALUES (35, 'Rúben', 'Freire', 24, 'Portugal');
INSERT INTO Pessoa (idPessoa, primeiroNome, segundoNome, idade, pais) VALUES (36, 'Telmo', 'Lourenço', 19, 'Portugal');
INSERT INTO Pessoa (idPessoa, primeiroNome, segundoNome, idade, pais) VALUES (37, 'André', 'Cardoso', 23, 'Portugal');
INSERT INTO Pessoa (idPessoa, primeiroNome, segundoNome, idade, pais) VALUES (38, 'Célio', 'Coque', 22, 'Portugal');
INSERT INTO Pessoa (idPessoa, primeiroNome, segundoNome, idade, pais) VALUES (39, 'Daniel', 'Airoso', 23, 'Brasil');
INSERT INTO Pessoa (idPessoa, primeiroNome, segundoNome, idade, pais) VALUES (40, 'Thiago', 'Cruz', 27, 'Portugal');
INSERT INTO Pessoa (idPessoa, primeiroNome, segundoNome, idade, pais) VALUES (41, 'John', 'Lennon', 28, 'Brasil');
INSERT INTO Pessoa (idPessoa, primeiroNome, segundoNome, idade, pais) VALUES (42, 'Simi', 'Saiotti', 35, 'Geórgia');
INSERT INTO Pessoa (idPessoa, primeiroNome, segundoNome, idade, pais) VALUES (43, 'Jorge', 'Mata', 20, 'Portugal');
INSERT INTO Pessoa (idPessoa, primeiroNome, segundoNome, idade, pais) VALUES (44, 'Nilton', ' ', 24, 'São Tomé e Príncipe');
INSERT INTO Pessoa (idPessoa, primeiroNome, segundoNome, idade, pais) VALUES (45, 'Guilherme', 'Oliveira', 22, 'Brasil');
INSERT INTO Pessoa (idPessoa, primeiroNome, segundoNome, idade, pais) VALUES (46, 'Alexis', 'Silva', 31, 'Portugal');
INSERT INTO Pessoa (idPessoa, primeiroNome, segundoNome, idade, pais) VALUES (47, 'Nicolas', 'Tomé', 27, 'Brasil');
INSERT INTO Pessoa (idPessoa, primeiroNome, segundoNome, idade, pais) VALUES (48, 'Buzuzu', ' ', 26, 'Portugal');
INSERT INTO Pessoa (idPessoa, primeiroNome, segundoNome, idade, pais) VALUES (49, 'Diogo', 'Simões', 27, 'Portugal');
INSERT INTO Pessoa (idPessoa, primeiroNome, segundoNome, idade, pais) VALUES (50, 'Tiago', 'Pereira', 23, 'Portugal');
INSERT INTO Pessoa (idPessoa, primeiroNome, segundoNome, idade, pais) VALUES (51, 'Rui', 'Fortes', 28, 'Cabo Verde');
INSERT INTO Pessoa (idPessoa, primeiroNome, segundoNome, idade, pais) VALUES (52, 'Costelinha', ' ', 28, 'Brasil');
INSERT INTO Pessoa (idPessoa, primeiroNome, segundoNome, idade, pais) VALUES (53, 'João', 'Baptista', 30, 'Portugal');
INSERT INTO Pessoa (idPessoa, primeiroNome, segundoNome, idade, pais) VALUES (54, 'David', 'Costa', 24, 'Portugal');
INSERT INTO Pessoa (idPessoa, primeiroNome, segundoNome, idade, pais) VALUES (55, 'Fábio', 'Mota', 25, 'Portugal');
INSERT INTO Pessoa (idPessoa, primeiroNome, segundoNome, idade, pais) VALUES (56, 'Romário', ' ', 33, 'Brasil');
INSERT INTO Pessoa (idPessoa, primeiroNome, segundoNome, idade, pais) VALUES (57, 'Xisto', ' ', 30, 'Brasil');
INSERT INTO Pessoa (idPessoa, primeiroNome, segundoNome, idade, pais) VALUES (58, 'Martim', 'Figueira', 22, 'Portugal');
INSERT INTO Pessoa (idPessoa, primeiroNome, segundoNome, idade, pais) VALUES (59, 'André', 'Sousa', 36, 'Portugal');
INSERT INTO Pessoa (idPessoa, primeiroNome, segundoNome, idade, pais) VALUES (60, 'Léo', 'Gugiel', 26, 'Brasil');
INSERT INTO Pessoa (idPessoa, primeiroNome, segundoNome, idade, pais) VALUES (61, 'Rômulo', ' ', 26, 'Russia');
INSERT INTO Pessoa (idPessoa, primeiroNome, segundoNome, idade, pais) VALUES (62, 'Afonso', 'Jesus', 24, 'Portugal');
INSERT INTO Pessoa (idPessoa, primeiroNome, segundoNome, idade, pais) VALUES (63, 'Gonçalo', 'Sobral', 26, 'Portugal');
INSERT INTO Pessoa (idPessoa, primeiroNome, segundoNome, idade, pais) VALUES (64, 'Nilson', 'Miguel', 30, 'Portugal');
INSERT INTO Pessoa (idPessoa, primeiroNome, segundoNome, idade, pais) VALUES (65, 'Silvestre', 'Ferreira', 23, 'Portugal');
INSERT INTO Pessoa (idPessoa, primeiroNome, segundoNome, idade, pais) VALUES (66, 'Bruno', 'Coelho', 35, 'Portugal');
INSERT INTO Pessoa (idPessoa, primeiroNome, segundoNome, idade, pais) VALUES (67, 'Arthur', ' ', 28, 'Brasil');
INSERT INTO Pessoa (idPessoa, primeiroNome, segundoNome, idade, pais) VALUES (68, 'Ivan', 'Chishkala', 27, 'Russia');
INSERT INTO Pessoa (idPessoa, primeiroNome, segundoNome, idade, pais) VALUES (69, 'Bruno', 'Cintra', 29, 'Brasil');
INSERT INTO Pessoa (idPessoa, primeiroNome, segundoNome, idade, pais) VALUES (70, 'Carlos', 'Monteiro', 20, 'Portugal');
INSERT INTO Pessoa (idPessoa, primeiroNome, segundoNome, idade, pais) VALUES (71, 'Diego', 'Nunes', 28, 'Brasil');
INSERT INTO Pessoa (idPessoa, primeiroNome, segundoNome, idade, pais) VALUES (72, 'Lúcio', 'Rocha', 18, 'Portugal');
INSERT INTO Pessoa (idPessoa, primeiroNome, segundoNome, idade, pais) VALUES (73, 'Tomás', 'Colaço', 18, 'Portugal');
INSERT INTO Pessoa (idPessoa, primeiroNome, segundoNome, idade, pais) VALUES (74, 'Higor', 'de Souza', 24, 'Brasil');
INSERT INTO Pessoa (idPessoa, primeiroNome, segundoNome, idade, pais) VALUES (75, 'Rocha', ' ', 27, 'Brasil');
INSERT INTO Pessoa (idPessoa, primeiroNome, segundoNome, idade, pais) VALUES (76, 'Jacaré', ' ', 23, 'Brasil');
INSERT INTO Pessoa (idPessoa, primeiroNome, segundoNome, idade, pais) VALUES (77, 'André', 'Correia', 24, 'Portugal');
INSERT INTO Pessoa (idPessoa, primeiroNome, segundoNome, idade, pais) VALUES (78, 'Pedro', 'Martinho', 21, 'Portugal');
INSERT INTO Pessoa (idPessoa, primeiroNome, segundoNome, idade, pais) VALUES (79, 'Tiago', 'Ferreira', 18, 'Portugal');
INSERT INTO Pessoa (idPessoa, primeiroNome, segundoNome, idade, pais) VALUES (80, 'Djaelson', ' ', 30, 'Brasil');
INSERT INTO Pessoa (idPessoa, primeiroNome, segundoNome, idade, pais) VALUES (81, 'Pedro', 'Cary', 38, 'Portugal');
INSERT INTO Pessoa (idPessoa, primeiroNome, segundoNome, idade, pais) VALUES (82, 'Wesley', 'Reinaldo', 22, 'Brasil');
INSERT INTO Pessoa (idPessoa, primeiroNome, segundoNome, idade, pais) VALUES (83, 'Rodrigo', 'Hiroshi', 30, 'Brasil');
INSERT INTO Pessoa (idPessoa, primeiroNome, segundoNome, idade, pais) VALUES (84, 'Mamadú', 'Ture', 24, 'Portugal');
INSERT INTO Pessoa (idPessoa, primeiroNome, segundoNome, idade, pais) VALUES (85, 'Ruan', 'Silvestre', 26, 'Brasil');
INSERT INTO Pessoa (idPessoa, primeiroNome, segundoNome, idade, pais) VALUES (86, 'Bruno', 'Pinto', 29, 'Portugal');
INSERT INTO Pessoa (idPessoa, primeiroNome, segundoNome, idade, pais) VALUES (87, 'Ré', ' ', 37, 'Portugal');
INSERT INTO Pessoa (idPessoa, primeiroNome, segundoNome, idade, pais) VALUES (88, 'Wendell', ' ', 27, 'Brasil');
INSERT INTO Pessoa (idPessoa, primeiroNome, segundoNome, idade, pais) VALUES (89, 'Rúben', 'Basílio', 17, 'Portugal');
INSERT INTO Pessoa (idPessoa, primeiroNome, segundoNome, idade, pais) VALUES (90, 'Francisco', 'Oliveira', 21, 'Portugal');
INSERT INTO Pessoa (idPessoa, primeiroNome, segundoNome, idade, pais) VALUES (91, 'Rúben', 'Carrilho', 17, 'Portugal');
INSERT INTO Pessoa (idPessoa, primeiroNome, segundoNome, idade, pais) VALUES (92, 'Andŕe', 'Galvão', 30, 'Portugal');
INSERT INTO Pessoa (idPessoa, primeiroNome, segundoNome, idade, pais) VALUES (93, 'Tiago', 'Tavares', 19, 'Portugal');
INSERT INTO Pessoa (idPessoa, primeiroNome, segundoNome, idade, pais) VALUES (94, 'Tiago', 'Pinto', 21, 'Portugal');
INSERT INTO Pessoa (idPessoa, primeiroNome, segundoNome, idade, pais) VALUES (95, 'Schutt', ' ', 24, 'Brasil');
INSERT INTO Pessoa (idPessoa, primeiroNome, segundoNome, idade, pais) VALUES (96, 'Gonçalo', 'Moreira', 18, 'Portugal');
INSERT INTO Pessoa (idPessoa, primeiroNome, segundoNome, idade, pais) VALUES (97, 'Rafael', 'Silva', 6, 'Portugal');
INSERT INTO Pessoa (idPessoa, primeiroNome, segundoNome, idade, pais) VALUES (98, 'Eddy', ' ', 33, 'Cabo Verde');
INSERT INTO Pessoa (idPessoa, primeiroNome, segundoNome, idade, pais) VALUES (99, 'Murilo', 'Duarte', 29, 'Brasil');
INSERT INTO Pessoa (idPessoa, primeiroNome, segundoNome, idade, pais) VALUES (100, 'Telmo', 'Sousa', 22, 'Portugal');
INSERT INTO Pessoa (idPessoa, primeiroNome, segundoNome, idade, pais) VALUES (101, 'Paulo', 'Babau', 22, 'Portugal');
INSERT INTO Pessoa (idPessoa, primeiroNome, segundoNome, idade, pais) VALUES (102, 'Tomás', 'Réis', 22, 'Portugal');
INSERT INTO Pessoa (idPessoa, primeiroNome, segundoNome, idade, pais) VALUES (103, 'Rodriguinho', ' ', 35, 'Quatar');
INSERT INTO Pessoa (idPessoa, primeiroNome, segundoNome, idade, pais) VALUES (104, 'Kaká', ' ', 27, 'Brasil');
INSERT INTO Pessoa (idPessoa, primeiroNome, segundoNome, idade, pais) VALUES (105, 'Tiago', 'Fernandes', 24, 'Portugal');
INSERT INTO Pessoa (idPessoa, primeiroNome, segundoNome, idade, pais) VALUES (106, 'Henrique', 'Vicente', 24, 'Portugal');
INSERT INTO Pessoa (idPessoa, primeiroNome, segundoNome, idade, pais) VALUES (107, 'Willian', 'Carioca', 32, 'Brasil');
INSERT INTO Pessoa (idPessoa, primeiroNome, segundoNome, idade, pais) VALUES (108, 'Milton', 'Dias', 22, 'Portugal');
INSERT INTO Pessoa (idPessoa, primeiroNome, segundoNome, idade, pais) VALUES (109, 'Miguel', 'Conceição', 19, 'Portugal');
INSERT INTO Pessoa (idPessoa, primeiroNome, segundoNome, idade, pais) VALUES (110, 'Pedro', 'Nunes', 19, 'Portugal');
INSERT INTO Pessoa (idPessoa, primeiroNome, segundoNome, idade, pais) VALUES (111, 'Leandro', 'COsta', 23, 'Portugal');
INSERT INTO Pessoa (idPessoa, primeiroNome, segundoNome, idade, pais) VALUES (112, 'Deivd', ' ', 33, 'Brasil');
INSERT INTO Pessoa (idPessoa, primeiroNome, segundoNome, idade, pais) VALUES (113, 'Tiago', 'Sousa', 25, 'Portugal');
INSERT INTO Pessoa (idPessoa, primeiroNome, segundoNome, idade, pais) VALUES (114, 'Ricardo', 'Lopes', 21, 'Portugal');
INSERT INTO Pessoa (idPessoa, primeiroNome, segundoNome, idade, pais) VALUES (115, 'Fábio', 'Coelho', 29, 'Universal');
INSERT INTO Pessoa (idPessoa, primeiroNome, segundoNome, idade, pais) VALUES (116, 'Tiago', 'Brito', 31, 'Portugal');
INSERT INTO Pessoa (idPessoa, primeiroNome, segundoNome, idade, pais) VALUES (117, 'Rudi', ' ', 27, 'Brasil');
INSERT INTO Pessoa (idPessoa, primeiroNome, segundoNome, idade, pais) VALUES (118, 'Robinho', ' ', 39, 'Russia');
INSERT INTO Pessoa (idPessoa, primeiroNome, segundoNome, idade, pais) VALUES (119, 'Tiago', 'Correia', 23, 'Portugal');
INSERT INTO Pessoa (idPessoa, primeiroNome, segundoNome, idade, pais) VALUES (120, 'Rúben', 'Santos', 28, 'Portugal');
INSERT INTO Pessoa (idPessoa, primeiroNome, segundoNome, idade, pais) VALUES (121, 'Samuel', 'Marques', 21, 'Portugal');
INSERT INTO Pessoa (idPessoa, primeiroNome, segundoNome, idade, pais) VALUES (122, 'Bruno', 'Soares', 18, 'Portugal');
INSERT INTO Pessoa (idPessoa, primeiroNome, segundoNome, idade, pais) VALUES (123, 'Júnior', ' ', 24, 'Portugal');
INSERT INTO Pessoa (idPessoa, primeiroNome, segundoNome, idade, pais) VALUES (124, 'Allan', 'Guilherme', 23, 'Brasil');
INSERT INTO Pessoa (idPessoa, primeiroNome, segundoNome, idade, pais) VALUES (125, 'Rodrigo', 'Rego', 19, 'Portugal');
INSERT INTO Pessoa (idPessoa, primeiroNome, segundoNome, idade, pais) VALUES (126, 'Jean', 'Gaúcho', 27, 'Brasil');
INSERT INTO Pessoa (idPessoa, primeiroNome, segundoNome, idade, pais) VALUES (127, 'Thiago', 'Soares', 32, 'Brasil');
INSERT INTO Pessoa (idPessoa, primeiroNome, segundoNome, idade, pais) VALUES (128, 'Marcelo', 'Ferreira', 21, 'Portugal');
INSERT INTO Pessoa (idPessoa, primeiroNome, segundoNome, idade, pais) VALUES (129, 'Daniel', 'Ramos', 34, 'Guiné-Bissau');
INSERT INTO Pessoa (idPessoa, primeiroNome, segundoNome, idade, pais) VALUES (130, 'Pelé', '', 33, 'Brasil');
INSERT INTO Pessoa (idPessoa, primeiroNome, segundoNome, idade, pais) VALUES (131, 'Júlio', 'César', 22, 'Portugal');
INSERT INTO Pessoa (idPessoa, primeiroNome, segundoNome, idade, pais) VALUES (132, 'Ciro', 'Pereira', 32, 'Brasil');
INSERT INTO Pessoa (idPessoa, primeiroNome, segundoNome, idade, pais) VALUES (133, 'Douglas', 'Moraes', 27, 'Brasil');
INSERT INTO Pessoa (idPessoa, primeiroNome, segundoNome, idade, pais) VALUES (134, 'Muskito', '', 30, 'Brasil');
INSERT INTO Pessoa (idPessoa, primeiroNome, segundoNome, idade, pais) VALUES (135, 'Fábio', 'Nunes', 19, 'Portugal');
INSERT INTO Pessoa (idPessoa, primeiroNome, segundoNome, idade, pais) VALUES (136, 'Mamadú', 'Ture', 23, 'São Tomé e Princípe');
INSERT INTO Pessoa (idPessoa, primeiroNome, segundoNome, idade, pais) VALUES (137, 'Rafael', 'Marques', 22, 'Portugal');
INSERT INTO Pessoa (idPessoa, primeiroNome, segundoNome, idade, pais) VALUES (138, 'Dudu', '', 29, 'Brasil');
INSERT INTO Pessoa (idPessoa, primeiroNome, segundoNome, idade, pais) VALUES (139, 'Digão', '', 32, 'Brasil');
INSERT INTO Pessoa (idPessoa, primeiroNome, segundoNome, idade, pais) VALUES (140, 'Amândio', 'Ferreira', 20, 'Portugal');
INSERT INTO Pessoa (idPessoa, primeiroNome, segundoNome, idade, pais) VALUES (141, 'Kiko', '', 28, 'Brasil');
INSERT INTO Pessoa (idPessoa, primeiroNome, segundoNome, idade, pais) VALUES (142, 'Rafa', 'Stocker', 24, 'Brasil');
INSERT INTO Pessoa (idPessoa, primeiroNome, segundoNome, idade, pais) VALUES (143, 'Alexandre', 'Lopes', 21, 'Portugal');
INSERT INTO Pessoa (idPessoa, primeiroNome, segundoNome, idade, pais) VALUES (144, 'Juan', 'Pinheiro', 22, 'Brasil');
INSERT INTO Pessoa (idPessoa, primeiroNome, segundoNome, idade, pais) VALUES (145, 'Alexandre', 'Rodrigues', 18, 'Portugal');
INSERT INTO Pessoa (idPessoa, primeiroNome, segundoNome, idade, pais) VALUES (146, 'Deividi', 'Bassani', 32, 'Brasil');
INSERT INTO Pessoa (idPessoa, primeiroNome, segundoNome, idade, pais) VALUES (147, 'Uesler', 'Schäfer', 29, 'Brasil');
INSERT INTO Pessoa (idPessoa, primeiroNome, segundoNome, idade, pais) VALUES (148, 'Thalles', 'Flauzino', 23, 'Brasil');
INSERT INTO Pessoa (idPessoa, primeiroNome, segundoNome, idade, pais) VALUES (149, 'Zezinho', 'Domingos', 19, 'Portugal');
INSERT INTO Pessoa (idPessoa, primeiroNome, segundoNome, idade, pais) VALUES (150, 'Rui', 'Moreira', 21, 'Portugal');
INSERT INTO Pessoa (idPessoa, primeiroNome, segundoNome, idade, pais) VALUES (151, 'Rafael', 'Freire', 19, 'Portugal');
INSERT INTO Pessoa (idPessoa, primeiroNome, segundoNome, idade, pais) VALUES (152, 'Edmilson', 'Kutchy', 20, 'Portugal');
INSERT INTO Pessoa (idPessoa, primeiroNome, segundoNome, idade, pais) VALUES (153, 'Bebé', 'Cunha', 24, 'Portugal');
INSERT INTO Pessoa (idPessoa, primeiroNome, segundoNome, idade, pais) VALUES (154, 'Mário', 'Freitas', 32, 'Portugal');
INSERT INTO Pessoa (idPessoa, primeiroNome, segundoNome, idade, pais) VALUES (155, 'Rafael', 'Semedo', 20, 'Portugal');
INSERT INTO Pessoa (idPessoa, primeiroNome, segundoNome, idade, pais) VALUES (156, 'Israel', 'Neto', 23, 'Brasil');
INSERT INTO Pessoa (idPessoa, primeiroNome, segundoNome, idade, pais) VALUES (157, 'Iury', 'Bahia', 24, 'Portugal');
INSERT INTO Pessoa (idPessoa, primeiroNome, segundoNome, idade, pais) VALUES (158, 'Bruno', 'Marques', 26, 'Portugal');
INSERT INTO Pessoa (idPessoa, primeiroNome, segundoNome, idade, pais) VALUES (159, 'Pedro', 'Bifana', 18, 'Portugal');
INSERT INTO Pessoa (idPessoa, primeiroNome, segundoNome, idade, pais) VALUES (160, 'Alê', 'Falcone', 32, 'Brasil');
INSERT INTO Pessoa (idPessoa, primeiroNome, segundoNome, idade, pais) VALUES (161, 'Coelho', 'Marins', 34, 'Portugal');
INSERT INTO Pessoa (idPessoa, primeiroNome, segundoNome, idade, pais) VALUES (162, 'Paulinho', 'Rocha', 32, 'Portugal');
INSERT INTO Pessoa (idPessoa, primeiroNome, segundoNome, idade, pais) VALUES (163, 'Renan', 'Fuzo', 34, 'Brasil');
INSERT INTO Pessoa (idPessoa, primeiroNome, segundoNome, idade, pais) VALUES (164, 'Davide', 'Almeida', 24, 'Portugal');
INSERT INTO Pessoa (idPessoa, primeiroNome, segundoNome, idade, pais) VALUES (165, 'Ruben', 'Santos', 18, 'Portugal');
INSERT INTO Pessoa (idPessoa, primeiroNome, segundoNome, idade, pais) VALUES (166, 'Alexandre', 'Velhinho', 23, 'Portugal');
INSERT INTO Pessoa (idPessoa, primeiroNome, segundoNome, idade, pais) VALUES (167, 'Sérgio', 'Ribeiro', 20, 'Portugal');
INSERT INTO Pessoa (idPessoa, primeiroNome, segundoNome, idade, pais) VALUES (168, 'Alan', 'Gitahy', 26, 'Brasil');
INSERT INTO Pessoa (idPessoa, primeiroNome, segundoNome, idade, pais) VALUES (169, 'Fábio', 'Semedo', 25, 'Portugal');
INSERT INTO Pessoa (idPessoa, primeiroNome, segundoNome, idade, pais) VALUES (170, 'André', 'Sasse', 25, 'Brasil');
INSERT INTO Pessoa (idPessoa, primeiroNome, segundoNome, idade, pais) VALUES (171, 'Alesandro', 'Almeida', 26, 'Portugal');
INSERT INTO Pessoa (idPessoa, primeiroNome, segundoNome, idade, pais) VALUES (172, 'Rafa', 'Stocker', 25, 'Brasil');
INSERT INTO Pessoa (idPessoa, primeiroNome, segundoNome, idade, pais) VALUES (173, 'Ludgero', 'Lopes', 25, 'Portugal');
INSERT INTO Pessoa (idPessoa, primeiroNome, segundoNome, idade, pais) VALUES (174, 'Sandro', 'Barradas', 43, 'Portugal');
INSERT INTO Pessoa (idPessoa, primeiroNome, segundoNome, idade, pais) VALUES (175, 'João', 'Freitas', 21, 'Portugal');
INSERT INTO Pessoa (idPessoa, primeiroNome, segundoNome, idade, pais) VALUES (176, 'Luciano', 'Silva', 44, 'Portugal');
INSERT INTO Pessoa (idPessoa, primeiroNome, segundoNome, idade, pais) VALUES (177, 'Henrique', 'Antunes', 30, 'Portugal');
INSERT INTO Pessoa (idPessoa, primeiroNome, segundoNome, idade, pais) VALUES (178, 'Vítor', 'Hugo', 34, 'Brasil');
INSERT INTO Pessoa (idPessoa, primeiroNome, segundoNome, idade, pais) VALUES (179, 'Diogo', 'Teixeira', 20, 'Portugal');
INSERT INTO Pessoa (idPessoa, primeiroNome, segundoNome, idade, pais) VALUES (180, 'Pedro', 'Filipe', 21, 'Portugal');
INSERT INTO Pessoa (idPessoa, primeiroNome, segundoNome, idade, pais) VALUES (181, 'Óscar', 'Santos', 29, 'Portugal');
INSERT INTO Pessoa (idPessoa, primeiroNome, segundoNome, idade, pais) VALUES (182, 'Luís', 'Peixoto', 20, 'Portugal');
INSERT INTO Pessoa (idPessoa, primeiroNome, segundoNome, idade, pais) VALUES (183, 'Rui', 'Oliveira', 17, 'Portugal');
INSERT INTO Pessoa (idPessoa, primeiroNome, segundoNome, idade, pais) VALUES (184, 'João', 'Lopes', 28, 'Portugal');
INSERT INTO Pessoa (idPessoa, primeiroNome, segundoNome, idade, pais) VALUES (185, 'Márcio', 'Moreira', 32, 'Portugal');
INSERT INTO Pessoa (idPessoa, primeiroNome, segundoNome, idade, pais) VALUES (186, 'Hélder', 'Cristiano', 34, 'Portugal');
INSERT INTO Pessoa (idPessoa, primeiroNome, segundoNome, idade, pais) VALUES (187, 'César', 'Abreu', 32, 'Portugal');
INSERT INTO Pessoa (idPessoa, primeiroNome, segundoNome, idade, pais) VALUES (188, 'Rui', 'Pereira', 19, 'Portugal');
INSERT INTO Pessoa (idPessoa, primeiroNome, segundoNome, idade, pais) VALUES (189, 'João', 'Rodrigues', 20, 'Portugal');
INSERT INTO Pessoa (idPessoa, primeiroNome, segundoNome, idade, pais) VALUES (190, 'Amílcar', 'Gomes', 36, 'Portugal');
INSERT INTO Pessoa (idPessoa, primeiroNome, segundoNome, idade, pais) VALUES (191, 'Vini', 'Flores', 37, 'Brasil');
INSERT INTO Pessoa (idPessoa, primeiroNome, segundoNome, idade, pais) VALUES (192, 'João', 'Vigário', 32, 'Portugal');
INSERT INTO Pessoa (idPessoa, primeiroNome, segundoNome, idade, pais) VALUES (193, 'Rafael', 'Santos', 21, 'Brasil');
INSERT INTO Pessoa (idPessoa, primeiroNome, segundoNome, idade, pais) VALUES (194, 'Rufus', 'Costa', 22, 'Portugal');
INSERT INTO Pessoa (idPessoa, primeiroNome, segundoNome, idade, pais) VALUES (195, 'Rodrigo', 'Almeida', 17, 'Portugal');
INSERT INTO Pessoa (idPessoa, primeiroNome, segundoNome, idade, pais) VALUES (196, 'Leandro', 'Rodrigues', 20, 'Portugal');
INSERT INTO Pessoa (idPessoa, primeiroNome, segundoNome, idade, pais) VALUES (197, 'João', 'Morais', 21, 'Portugal');
INSERT INTO Pessoa (idPessoa, primeiroNome, segundoNome, idade, pais) VALUES (198, 'Hugo', 'Silva', 36, 'Portugal');
INSERT INTO Pessoa (idPessoa, primeiroNome, segundoNome, idade, pais) VALUES (199, 'Fábio', 'Pires', 18, 'Portugal');
INSERT INTO Pessoa (idPessoa, primeiroNome, segundoNome, idade, pais) VALUES (200, 'Leandro', 'Ribeiro', 16, 'Portugal');
INSERT INTO Pessoa (idPessoa, primeiroNome, segundoNome, idade, pais) VALUES (201, 'João', 'Couto', 23, 'Portugal');
INSERT INTO Pessoa (idPessoa, primeiroNome, segundoNome, idade, pais) VALUES (202, 'Agustín', 'Pais', 22, 'Argentina');
INSERT INTO Pessoa (idPessoa, primeiroNome, segundoNome, idade, pais) VALUES (203, 'Nuno', 'Fernandes', 18, 'Portugal');
INSERT INTO Pessoa (idPessoa, primeiroNome, segundoNome, idade, pais) VALUES (204, 'Miguel', 'Leal', 24, 'Portugal');
INSERT INTO Pessoa (idPessoa, primeiroNome, segundoNome, idade, pais) VALUES (205, 'Ariel', 'Pais', 22, 'Argentina');
INSERT INTO Pessoa (idPessoa, primeiroNome, segundoNome, idade, pais) VALUES (206, 'Miguel', 'Costa', 19, 'Portugal');
INSERT INTO Pessoa (idPessoa, primeiroNome, segundoNome, idade, pais) VALUES (207, 'Ricardo', 'Costa', 20, 'Portugal');
INSERT INTO Pessoa (idPessoa, primeiroNome, segundoNome, idade, pais) VALUES (208, 'Sílvio', 'Moreira', 26, 'Portugal');
INSERT INTO Pessoa (idPessoa, primeiroNome, segundoNome, idade, pais) VALUES (209, 'Alexandre', 'Costa', 34, 'Portugal');
INSERT INTO Pessoa (idPessoa, primeiroNome, segundoNome, idade, pais) VALUES (210, 'Andre', 'Franco', 36, 'Portugal');
INSERT INTO Pessoa (idPessoa, primeiroNome, segundoNome, idade, pais) VALUES (211, 'Bruno', 'Araújo', 29, 'Portugal');
INSERT INTO Pessoa (idPessoa, primeiroNome, segundoNome, idade, pais) VALUES (212, 'Cristiano', 'Santos', 35, 'Portugal');
INSERT INTO Pessoa (idPessoa, primeiroNome, segundoNome, idade, pais) VALUES (213, 'David', 'Martins', 36, 'Portugal');
INSERT INTO Pessoa (idPessoa, primeiroNome, segundoNome, idade, pais) VALUES (214, 'Eduardo', 'Coelho', 33, 'Portugal');
INSERT INTO Pessoa (idPessoa, primeiroNome, segundoNome, idade, pais) VALUES (215, 'Filipe', 'Duarte', 36, 'Portugal');
INSERT INTO Pessoa (idPessoa, primeiroNome, segundoNome, idade, pais) VALUES (216, 'João', 'Sinval', 32, 'Portugal');
INSERT INTO Pessoa (idPessoa, primeiroNome, segundoNome, idade, pais) VALUES (217, 'José', 'Gomes', 37, 'Portugal');
INSERT INTO Pessoa (idPessoa, primeiroNome, segundoNome, idade, pais) VALUES (218, 'José', 'Moreira', 34, 'Portugal');
INSERT INTO Pessoa (idPessoa, primeiroNome, segundoNome, idade, pais) VALUES (219, 'Mauricio', 'Couto', 39, 'Portugal');
INSERT INTO Pessoa (idPessoa, primeiroNome, segundoNome, idade, pais) VALUES (220, 'Pedro', 'Costa', 35, 'Portugal');
INSERT INTO Pessoa (idPessoa, primeiroNome, segundoNome, idade, pais) VALUES (221, 'Ricardo', 'Fernandes', 29, 'Portugal');
INSERT INTO Pessoa (idPessoa, primeiroNome, segundoNome, idade, pais) VALUES (222, 'Ruben', 'Santos', 36, 'Portugal');
INSERT INTO Pessoa (idPessoa, primeiroNome, segundoNome, idade, pais) VALUES (223, 'Rui', 'Ventura', 35, 'Portugal');
INSERT INTO Pessoa (idPessoa, primeiroNome, segundoNome, idade, pais) VALUES (224, 'Toni', 'Pereira', 30, 'Portugal');
INSERT INTO Pessoa (idPessoa, primeiroNome, segundoNome, idade, pais) VALUES (225, 'Gerson', 'Pinho', 30, 'Portugal');
INSERT INTO Pessoa (idPessoa, primeiroNome, segundoNome, idade, pais) VALUES (226, 'Rui', 'Pedro', 28, 'Portugal');
INSERT INTO Pessoa (idPessoa, primeiroNome, segundoNome, idade, pais) VALUES (227, 'Tiago', 'Velho', 20, 'Portugal');
INSERT INTO Pessoa (idPessoa, primeiroNome, segundoNome, idade, pais) VALUES (228, 'Hugo', 'Oliveira', 17, 'Portugal');
INSERT INTO Pessoa (idPessoa, primeiroNome, segundoNome, idade, pais) VALUES (229, 'Rafa', 'Fonseca', 23, 'Portugal');
INSERT INTO Pessoa (idPessoa, primeiroNome, segundoNome, idade, pais) VALUES (230, 'Pedro', 'Vieira', 17, 'Portugal');
INSERT INTO Pessoa (idPessoa, primeiroNome, segundoNome, idade, pais) VALUES (231, 'Uesler', '', 29, 'Brasil');
INSERT INTO Pessoa (idPessoa, primeiroNome, segundoNome, idade, pais) VALUES (232, 'Óscar', 'Santos', 28, 'Portugal');
INSERT INTO Pessoa (idPessoa, primeiroNome, segundoNome, idade, pais) VALUES (233, 'Fernandinho', '', 33, 'Brasil');
INSERT INTO Pessoa (idPessoa, primeiroNome, segundoNome, idade, pais) VALUES (234, 'Pedrinho', '', 31, 'Portugal');
INSERT INTO Pessoa (idPessoa, primeiroNome, segundoNome, idade, pais) VALUES (235, 'Diogo', 'Tavares', 25, 'Portugal');
INSERT INTO Pessoa (idPessoa, primeiroNome, segundoNome, idade, pais) VALUES (236, 'Márcio', 'Moreira', 32, 'Portugal');
INSERT INTO Pessoa (idPessoa, primeiroNome, segundoNome, idade, pais) VALUES (237, 'Fábio', 'Lima', 33, 'Portugal');
INSERT INTO Pessoa (idPessoa, primeiroNome, segundoNome, idade, pais) VALUES (238, 'Ricardinho', '', '30 anos', 'Portugal');
INSERT INTO Pessoa (idPessoa, primeiroNome, segundoNome, idade, pais) VALUES (239, 'Gonçalo', 'Dapão', 19, 'Portugal');
INSERT INTO Pessoa (idPessoa, primeiroNome, segundoNome, idade, pais) VALUES (240, 'Renato', 'Silva', 20, 'Portugal');
INSERT INTO Pessoa (idPessoa, primeiroNome, segundoNome, idade, pais) VALUES (241, 'Diogo', 'Velho', 20, 'Portugal');
INSERT INTO Pessoa (idPessoa, primeiroNome, segundoNome, idade, pais) VALUES (242, 'Quaresma', '', 22, 'Portugal');
INSERT INTO Pessoa (idPessoa, primeiroNome, segundoNome, idade, pais) VALUES (243, 'Bruninho', '', 25, 'Brasil');
INSERT INTO Pessoa (idPessoa, primeiroNome, segundoNome, idade, pais) VALUES (244, 'Erickson', 'Sviech', 36, 'Brasil');
INSERT INTO Pessoa (idPessoa, primeiroNome, segundoNome, idade, pais) VALUES (245, 'Ludgero', 'Lopes', 24, 'Portugal');
INSERT INTO Pessoa (idPessoa, primeiroNome, segundoNome, idade, pais) VALUES (246, 'Kaíque', 'Melo', 28, 'Brasil');
INSERT INTO Pessoa (idPessoa, primeiroNome, segundoNome, idade, pais) VALUES (247, 'Ricardo', 'Sousa', 24, 'Brasil');
INSERT INTO Pessoa (idPessoa, primeiroNome, segundoNome, idade, pais) VALUES (248, 'Cristiano', '', 42, 'Portugal');
INSERT INTO Pessoa (idPessoa, primeiroNome, segundoNome, idade, pais) VALUES (249, 'Francisco', 'Rodrigues', 19, 'Portugal');
INSERT INTO Pessoa (idPessoa, primeiroNome, segundoNome, idade, pais) VALUES (250, 'João', 'Silva', 30, 'Portugal');
INSERT INTO Pessoa (idPessoa, primeiroNome, segundoNome, idade, pais) VALUES (251, 'Deivd', '', 33, 'Brasil');
INSERT INTO Pessoa (idPessoa, primeiroNome, segundoNome, idade, pais) VALUES (252, 'João', 'Veloso', 26, 'Portugal');
INSERT INTO Pessoa (idPessoa, primeiroNome, segundoNome, idade, pais) VALUES (253, 'Rafa', 'Lopes', 27, 'Portugal');
INSERT INTO Pessoa (idPessoa, primeiroNome, segundoNome, idade, pais) VALUES (254, 'Rafa', 'Félix', 24, 'Brasil');
INSERT INTO Pessoa (idPessoa, primeiroNome, segundoNome, idade, pais) VALUES (255, 'Djaelson', '', 29, 'Brasil');
INSERT INTO Pessoa (idPessoa, primeiroNome, segundoNome, idade, pais) VALUES (256, 'Sévio', 'Marcelo', 21, 'Portugal');
INSERT INTO Pessoa (idPessoa, primeiroNome, segundoNome, idade, pais) VALUES (257, 'Bruno', 'Correia', 24, 'Portugal');
INSERT INTO Pessoa (idPessoa, primeiroNome, segundoNome, idade, pais) VALUES (258, 'Tiago', 'Costa', 27, 'Portugal');
INSERT INTO Pessoa (idPessoa, primeiroNome, segundoNome, idade, pais) VALUES (259, 'Ivo', 'Oliveira', 28, 'Portugal');
INSERT INTO Pessoa (idPessoa, primeiroNome, segundoNome, idade, pais) VALUES (260, 'Geovani', 'Santos', 29, 'Brasil');
INSERT INTO Pessoa (idPessoa, primeiroNome, segundoNome, idade, pais) VALUES (261, 'Adaílton', 'Souza', 24, 'Brasil');
INSERT INTO Pessoa (idPessoa, primeiroNome, segundoNome, idade, pais) VALUES (262, 'Alesandro', 'Almeida', 25, 'Portugal');
INSERT INTO Pessoa (idPessoa, primeiroNome, segundoNome, idade, pais) VALUES (263, 'Ilídio', 'Pina', 33, 'Portugal');
INSERT INTO Pessoa (idPessoa, primeiroNome, segundoNome, idade, pais) VALUES (264, 'João', 'Costa', 22, 'Portugal');
INSERT INTO Pessoa (idPessoa, primeiroNome, segundoNome, idade, pais) VALUES (265, 'Hugo', 'Alves', 26, 'Brasil');
INSERT INTO Pessoa (idPessoa, primeiroNome, segundoNome, idade, pais) VALUES (266, 'Tunha', '', 37, 'Portugal');
INSERT INTO Pessoa (idPessoa, primeiroNome, segundoNome, idade, pais) VALUES (267, 'Vasco', 'Ribeiro', 27, 'Portugal');
INSERT INTO Pessoa (idPessoa, primeiroNome, segundoNome, idade, pais) VALUES (268, 'Kelvin', 'Siqueira', 24, 'Brasil');
INSERT INTO Pessoa (idPessoa, primeiroNome, segundoNome, idade, pais) VALUES (269, 'David', 'Garcez', 22, 'Portugal');
INSERT INTO Pessoa (idPessoa, primeiroNome, segundoNome, idade, pais) VALUES (270, 'Zé', 'Pedro Ribeiro', 30, 'Portugal');
INSERT INTO Pessoa (idPessoa, primeiroNome, segundoNome, idade, pais) VALUES (271, 'Dudu', '', 33, 'Brasil');
INSERT INTO Pessoa (idPessoa, primeiroNome, segundoNome, idade, pais) VALUES (272, 'Ricardo', 'Cunha', 20, 'Portugal');
INSERT INTO Pessoa (idPessoa, primeiroNome, segundoNome, idade, pais) VALUES (273, 'Caio', 'Santos', 27, 'Brasil');
INSERT INTO Pessoa (idPessoa, primeiroNome, segundoNome, idade, pais) VALUES (274, 'Libânio', '', 28, 'Brasil');
INSERT INTO Pessoa (idPessoa, primeiroNome, segundoNome, idade, pais) VALUES (275, 'Zé', 'Carlos', 18, 'Portugal');
INSERT INTO Pessoa (idPessoa, primeiroNome, segundoNome, idade, pais) VALUES (276, 'Paulo', 'Silva', 18, 'Portugal');
INSERT INTO Pessoa (idPessoa, primeiroNome, segundoNome, idade, pais) VALUES (277, 'Jorge', 'Oliveira', 18, 'Portugal');
INSERT INTO Pessoa (idPessoa, primeiroNome, segundoNome, idade, pais) VALUES (278, 'Ismael', 'Ferreira', 27, 'Portugal');
INSERT INTO Pessoa (idPessoa, primeiroNome, segundoNome, idade, pais) VALUES (279, 'Luís', 'Paulo', 27, 'Portugal');
INSERT INTO Pessoa (idPessoa, primeiroNome, segundoNome, idade, pais) VALUES (280, 'Rafael', 'Lopes', 29, 'Portugal');
INSERT INTO Pessoa (idPessoa, primeiroNome, segundoNome, idade, pais) VALUES (281, 'Mano', 'Sele', 25, 'Angola');
INSERT INTO Pessoa (idPessoa, primeiroNome, segundoNome, idade, pais) VALUES (282, 'Alex', 'Ribeiro', 28, 'Portugal');
INSERT INTO Pessoa (idPessoa, primeiroNome, segundoNome, idade, pais) VALUES (283, 'Pedro', 'Silva', 23, 'Portugal');
INSERT INTO Pessoa (idPessoa, primeiroNome, segundoNome, idade, pais) VALUES (284, 'Jô', 'Cambangula', 24, 'Angola');
INSERT INTO Pessoa (idPessoa, primeiroNome, segundoNome, idade, pais) VALUES (285, 'Sérgio', 'Ribeiro', 19, 'Portugal');
INSERT INTO Pessoa (idPessoa, primeiroNome, segundoNome, idade, pais) VALUES (286, 'Diogo', 'Dias', 22, 'Portugal');
INSERT INTO Pessoa (idPessoa, primeiroNome, segundoNome, idade, pais) VALUES (287, 'Tiago', 'Nogueira', 31, 'Portugal');
INSERT INTO Pessoa (idPessoa, primeiroNome, segundoNome, idade, pais) VALUES (288, 'Kaíque', 'Melo', 28, 'Brasil');
INSERT INTO Pessoa (idPessoa, primeiroNome, segundoNome, idade, pais) VALUES (289, 'Mário', 'Silva', 41, 'Portugal');
INSERT INTO Pessoa (idPessoa, primeiroNome, segundoNome, idade, pais) VALUES (290, 'Eugénio', 'Gonçalves', 40, 'Portugal');

-- Table: Playoff
DROP TABLE IF EXISTS Playoff;
CREATE TABLE Playoff (fase VARCHAR (75) PRIMARY KEY NOT NULL, dataInicio VARCHAR (75) NOT NULL, dataFim VARCHAR (75) NOT NULL);
INSERT INTO Playoff (fase, dataInicio, dataFim) VALUES ('QUARTOS-DE-FINAL', '27/05', '06/06');
INSERT INTO Playoff (fase, dataInicio, dataFim) VALUES ('MEIAS-FINAIS', '10/06', '12/06');
INSERT INTO Playoff (fase, dataInicio, dataFim) VALUES ('FINAL', '18/06', '25/06');

-- Table: Treinador
DROP TABLE IF EXISTS Treinador;
CREATE TABLE Treinador (idTreinador INTEGER PRIMARY KEY REFERENCES Pessoa (idPessoa) ON DELETE CASCADE ON UPDATE CASCADE, equipa VARCHAR (75) REFERENCES Equipa (nome) ON DELETE CASCADE ON UPDATE CASCADE);
INSERT INTO Treinador (idTreinador, equipa) VALUES (1, 'Sporting');
INSERT INTO Treinador (idTreinador, equipa) VALUES (2, 'Eléctrico');
INSERT INTO Treinador (idTreinador, equipa) VALUES (3, 'Viseu 2001/Palácio do Gelo');
INSERT INTO Treinador (idTreinador, equipa) VALUES (4, 'Benfica');
INSERT INTO Treinador (idTreinador, equipa) VALUES (5, 'Leões Porto Salvo');
INSERT INTO Treinador (idTreinador, equipa) VALUES (6, 'Quinta dos Lombos');
INSERT INTO Treinador (idTreinador, equipa) VALUES (7, 'SC Braga/AAUM');
INSERT INTO Treinador (idTreinador, equipa) VALUES (8, 'Modicus Cartest');
INSERT INTO Treinador (idTreinador, equipa) VALUES (9, 'AD Fundão/Hotel Alambique');
INSERT INTO Treinador (idTreinador, equipa) VALUES (10, 'Portimonense');
INSERT INTO Treinador (idTreinador, equipa) VALUES (11, 'CR Candoso/Natcal');
INSERT INTO Treinador (idTreinador, equipa) VALUES (12, 'FC Azeméis by Noxae');
INSERT INTO Treinador (idTreinador, equipa) VALUES (289, 'Torreense');
INSERT INTO Treinador (idTreinador, equipa) VALUES (290, 'Nun´Álvares');

COMMIT TRANSACTION;
PRAGMA foreign_keys = on;
