--
-- File generated with SQLiteStudio v3.3.3 on quarta nov. 16 16:39:55 2022
--
-- Text encoding used: UTF-8
--
PRAGMA foreign_keys = off;
BEGIN TRANSACTION;

-- Table: Arbitro
DROP TABLE IF EXISTS Arbitro;
CREATE TABLE Arbitro (idArbitro INTEGER PRIMARY KEY REFERENCES Pessoa (idPessoa) ON DELETE CASCADE ON UPDATE CASCADE, distrito VARCHAR);
INSERT INTO Arbitro (idArbitro, distrito) VALUES (209, 'Aveiro');
INSERT INTO Arbitro (idArbitro, distrito) VALUES (210, 'Leiria');
INSERT INTO Arbitro (idArbitro, distrito) VALUES (211, 'Viana do Castelo');
INSERT INTO Arbitro (idArbitro, distrito) VALUES (212, 'Porto');
INSERT INTO Arbitro (idArbitro, distrito) VALUES (213, 'Viseu');
INSERT INTO Arbitro (idArbitro, distrito) VALUES (214, 'Aveiro');
INSERT INTO Arbitro (idArbitro, distrito) VALUES (215, 'Lisboa');
INSERT INTO Arbitro (idArbitro, distrito) VALUES (216, 'Braga');
INSERT INTO Arbitro (idArbitro, distrito) VALUES (217, 'Coimbra');
INSERT INTO Arbitro (idArbitro, distrito) VALUES (218, 'Santarém');
INSERT INTO Arbitro (idArbitro, distrito) VALUES (219, 'Guarda');
INSERT INTO Arbitro (idArbitro, distrito) VALUES (220, 'Aveiro');
INSERT INTO Arbitro (idArbitro, distrito) VALUES (221, 'Porto');
INSERT INTO Arbitro (idArbitro, distrito) VALUES (224, 'Lisboa');

-- Table: Equipa
DROP TABLE IF EXISTS Equipa;
CREATE TABLE Equipa (nome VARCHAR PRIMARY KEY ON CONFLICT IGNORE, email VARCHAR UNIQUE NOT NULL, telefone VARCHAR NOT NULL UNIQUE, morada VARCHAR NOT NULL UNIQUE, pontuacaoTotal INTEGER DEFAULT (0), golosMarcados INTEGER DEFAULT (0), golosSofridos INTEGER DEFAULT (0), diferencaGolos INTEGER AS (golosMarcados - golosSofridos), jogosGanhos INTEGER DEFAULT (0), jogosEmpatados INTEGER DEFAULT (0));
INSERT INTO Equipa (nome, email, telefone, morada, pontuacaoTotal, golosMarcados, golosSofridos, jogosGanhos, jogosEmpatados) VALUES ('Eléctrico', 'electricofutebolcl@sapo.pt', '242202420', 'Avenida General Humberto Delgado 7400-259 Ponte de Sor', 0, 0, 0, 0, 0);
INSERT INTO Equipa (nome, email, telefone, morada, pontuacaoTotal, golosMarcados, golosSofridos, jogosGanhos, jogosEmpatados) VALUES ('FC Azeméis by Noxae', 'futsalcazemeis@gmail.com', '255495901', 'Av. Eusébio da Silva Ferreira Apartado 4100 1501-805 Lisboa', 0, 0, 0, 0, 0);
INSERT INTO Equipa (nome, email, telefone, morada, pontuacaoTotal, golosMarcados, golosSofridos, jogosGanhos, jogosEmpatados) VALUES ('Sporting', 'geral@futsalsporting.com', '246374654', 'Rua Ferreira do Alentejo-Centro Municipal de Coletividades 2240-808 Ferreira do Zezere', 0, 0, 0, 0, 0);
INSERT INTO Equipa (nome, email, telefone, morada, pontuacaoTotal, golosMarcados, golosSofridos, jogosGanhos, jogosEmpatados) VALUES ('Quinta dos Lombos', 'geral@crcquintalombos.net', '249394123', 'Rua Basílio Teles 2740-025 Porto Salvo', 0, 0, 0, 0, 0);
INSERT INTO Equipa (nome, email, telefone, morada, pontuacaoTotal, golosMarcados, golosSofridos, jogosGanhos, jogosEmpatados) VALUES ('Benfica', 'geral@futsalbenfica.net', '214587667', 'Rua das Túlipas 2775-690 Carcavelos Cascais', 0, 0, 0, 0, 0);
INSERT INTO Equipa (nome, email, telefone, morada, pontuacaoTotal, golosMarcados, golosSofridos, jogosGanhos, jogosEmpatados) VALUES ('Torreense', 'geral@torreense.com', '214957362', 'Estádio Municipal de Braga 4711-909 Braga', 0, 0, 0, 0, 0);
INSERT INTO Equipa (nome, email, telefone, morada, pontuacaoTotal, golosMarcados, golosSofridos, jogosGanhos, jogosEmpatados) VALUES ('Modicus Cartest', 'modicus-sandim@sapo.pt', '253728765', 'Av. Dr.António Bento Martins Júnior 4480-802 Vila do Conde', 0, 0, 0, 0, 0);
INSERT INTO Equipa (nome, email, telefone, morada, pontuacaoTotal, golosMarcados, golosSofridos, jogosGanhos, jogosEmpatados) VALUES ('Portimonense', 'secretaria@portimonense.pt', '223848263', 'Rua João Franco 6230-363 Fundão', 0, 0, 0, 0, 0);
INSERT INTO Equipa (nome, email, telefone, morada, pontuacaoTotal, golosMarcados, golosSofridos, jogosGanhos, jogosEmpatados) VALUES ('CR Candoso/Natcal', 'cluberecreativocandoso@gmail.com', '218273627', 'Rua São Martinho de Candoso 4835 - Guimarães', 0, 0, 0, 0, 0);
INSERT INTO Equipa (nome, email, telefone, morada, pontuacaoTotal, golosMarcados, golosSofridos, jogosGanhos, jogosEmpatados) VALUES ('SC Braga/AAUM', 'geral@scbaaumfutsal.com', '247382736', 'Praça Manuel Teixeira Gomes 8500-542 Portimão', 0, 0, 0, 0, 0);
INSERT INTO Equipa (nome, email, telefone, morada, pontuacaoTotal, golosMarcados, golosSofridos, jogosGanhos, jogosEmpatados) VALUES ('Leões Porto Salvo', 'crlps@sapo.pt', '218965045', 'Rua José Moreira Dias 3720-263 rgrggdrg', 0, 0, 0, 0, 0);
INSERT INTO Equipa (nome, email, telefone, morada, pontuacaoTotal, golosMarcados, golosSofridos, jogosGanhos, jogosEmpatados) VALUES ('Viseu 2001/Palácio do Gelo', 'marketing@viseu2001.com', '235893759', 'Rua José Moreira Dias 3720-263 dfdfweew', 0, 0, 0, 0, 0);
INSERT INTO Equipa (nome, email, telefone, morada, pontuacaoTotal, golosMarcados, golosSofridos, jogosGanhos, jogosEmpatados) VALUES ('Nun´Álvares', 'gruponunalvares@gruponunalvares.pt', '229583905', 'Rua José Moreira Dias 3720-263 dfdf', 0, 0, 0, 0, 0);
INSERT INTO Equipa (nome, email, telefone, morada, pontuacaoTotal, golosMarcados, golosSofridos, jogosGanhos, jogosEmpatados) VALUES ('AD Fundão/Hotel Alambique', 'futsaladf@gmail.com', '223475849', 'Rua João Franco, Nº 20 / 6230-363 Fundão', 0, 0, 0, 0, 0);

-- Table: GoloMarcado
DROP TABLE IF EXISTS GoloMarcado;
CREATE TABLE GoloMarcado (idGolo INTEGER PRIMARY KEY, minuto INTEGER, idJogador INTEGER REFERENCES Jogador (idJogador) ON DELETE CASCADE ON UPDATE CASCADE, idJogo);

-- Table: Jogador
DROP TABLE IF EXISTS Jogador;
CREATE TABLE Jogador (idJogador PRIMARY KEY REFERENCES Pessoa (idPessoa), numeroCamisola INTEGER CHECK (1 < numeroCamisola < 99), equipa VARCHAR REFERENCES Equipa (nome) ON DELETE CASCADE ON UPDATE CASCADE NOT NULL, posicao VARCHAR);
INSERT INTO Jogador (idJogador, numeroCamisola, equipa, posicao) VALUES ('13', 1, 'Sporting', 'Guarda-Redes');
INSERT INTO Jogador (idJogador, numeroCamisola, equipa, posicao) VALUES ('14', 14, 'Sporting', 'Guarda-Redes');
INSERT INTO Jogador (idJogador, numeroCamisola, equipa, posicao) VALUES ('15', 16, 'Sporting', 'Guarda-Redes');
INSERT INTO Jogador (idJogador, numeroCamisola, equipa, posicao) VALUES ('16', 4, 'Sporting', 'Fixo');
INSERT INTO Jogador (idJogador, numeroCamisola, equipa, posicao) VALUES ('17', 8, 'Sporting', 'Fixo');
INSERT INTO Jogador (idJogador, numeroCamisola, equipa, posicao) VALUES ('18', 9, 'Sporting', 'Fixo');
INSERT INTO Jogador (idJogador, numeroCamisola, equipa, posicao) VALUES ('19', 13, 'Sporting', 'Universal');
INSERT INTO Jogador (idJogador, numeroCamisola, equipa, posicao) VALUES ('20', 3, 'Sporting', 'Ala');
INSERT INTO Jogador (idJogador, numeroCamisola, equipa, posicao) VALUES ('21', 10, 'Sporting', 'Ala');
INSERT INTO Jogador (idJogador, numeroCamisola, equipa, posicao) VALUES ('22', 17, 'Sporting', 'Ala');
INSERT INTO Jogador (idJogador, numeroCamisola, equipa, posicao) VALUES ('23', 18, 'Sporting', 'Ala');
INSERT INTO Jogador (idJogador, numeroCamisola, equipa, posicao) VALUES ('24', 20, 'Sporting', 'Ala');
INSERT INTO Jogador (idJogador, numeroCamisola, equipa, posicao) VALUES ('25', 29, 'Sporting', 'Ala');
INSERT INTO Jogador (idJogador, numeroCamisola, equipa, posicao) VALUES ('26', 6, 'Sporting', 'Pivot');
INSERT INTO Jogador (idJogador, numeroCamisola, equipa, posicao) VALUES ('27', 7, 'Sporting', 'Pivot');
INSERT INTO Jogador (idJogador, numeroCamisola, equipa, posicao) VALUES ('28', 44, 'Sporting', 'Pivot');
INSERT INTO Jogador (idJogador, numeroCamisola, equipa, posicao) VALUES ('29', 30, 'Eléctrico', 'Guarda-Redes');
INSERT INTO Jogador (idJogador, numeroCamisola, equipa, posicao) VALUES ('31', 19, 'Eléctrico', 'Fixo');
INSERT INTO Jogador (idJogador, numeroCamisola, equipa, posicao) VALUES ('32', 29, 'Eléctrico', 'Fixo');
INSERT INTO Jogador (idJogador, numeroCamisola, equipa, posicao) VALUES ('33', 96, 'Eléctrico', 'Fixo');
INSERT INTO Jogador (idJogador, numeroCamisola, equipa, posicao) VALUES ('34', 2, 'Eléctrico', 'Ala');
INSERT INTO Jogador (idJogador, numeroCamisola, equipa, posicao) VALUES ('35', 6, 'Eléctrico', 'Ala');
INSERT INTO Jogador (idJogador, numeroCamisola, equipa, posicao) VALUES ('36', 7, 'Eléctrico', 'Ala');
INSERT INTO Jogador (idJogador, numeroCamisola, equipa, posicao) VALUES ('38', 10, 'Eléctrico', 'Ala');
INSERT INTO Jogador (idJogador, numeroCamisola, equipa, posicao) VALUES ('39', 90, 'Eléctrico', 'Ala');
INSERT INTO Jogador (idJogador, numeroCamisola, equipa, posicao) VALUES ('40', 20, 'Eléctrico', 'Ala');
INSERT INTO Jogador (idJogador, numeroCamisola, equipa, posicao) VALUES ('41', 9, 'Eléctrico', 'Pivot');
INSERT INTO Jogador (idJogador, numeroCamisola, equipa, posicao) VALUES ('42', 77, 'Eléctrico', 'Pivot');
INSERT INTO Jogador (idJogador, numeroCamisola, equipa, posicao) VALUES ('59', 12, 'Benfica', 'Guarda-Redes');
INSERT INTO Jogador (idJogador, numeroCamisola, equipa, posicao) VALUES ('60', 22, 'Benfica', 'Guarda-Redes');
INSERT INTO Jogador (idJogador, numeroCamisola, equipa, posicao) VALUES ('61', 3, 'Benfica', 'Fixo');
INSERT INTO Jogador (idJogador, numeroCamisola, equipa, posicao) VALUES ('62', 4, 'Benfica', 'Fixo');
INSERT INTO Jogador (idJogador, numeroCamisola, equipa, posicao) VALUES ('63', 8, 'Benfica', 'Fixo');
INSERT INTO Jogador (idJogador, numeroCamisola, equipa, posicao) VALUES ('64', 9, 'Benfica', 'Fixo');
INSERT INTO Jogador (idJogador, numeroCamisola, equipa, posicao) VALUES ('65', 2, 'Benfica', 'Ala');
INSERT INTO Jogador (idJogador, numeroCamisola, equipa, posicao) VALUES ('66', 7, 'Benfica', 'Ala');
INSERT INTO Jogador (idJogador, numeroCamisola, equipa, posicao) VALUES ('67', 10, 'Benfica', 'Ala');
INSERT INTO Jogador (idJogador, numeroCamisola, equipa, posicao) VALUES ('68', 11, 'Benfica', 'Ala');
INSERT INTO Jogador (idJogador, numeroCamisola, equipa, posicao) VALUES ('69', 16, 'Benfica', 'Ala');
INSERT INTO Jogador (idJogador, numeroCamisola, equipa, posicao) VALUES ('70', 17, 'Benfica', 'Ala');
INSERT INTO Jogador (idJogador, numeroCamisola, equipa, posicao) VALUES ('71', 18, 'Benfica', 'Ala');
INSERT INTO Jogador (idJogador, numeroCamisola, equipa, posicao) VALUES ('72', 19, 'Benfica', 'Ala');
INSERT INTO Jogador (idJogador, numeroCamisola, equipa, posicao) VALUES ('73', 13, 'Benfica', 'Ala');
INSERT INTO Jogador (idJogador, numeroCamisola, equipa, posicao) VALUES ('74', 20, 'Benfica', 'Pivot');
INSERT INTO Jogador (idJogador, numeroCamisola, equipa, posicao) VALUES ('75', 70, 'Benfica', 'Pivot');
INSERT INTO Jogador (idJogador, numeroCamisola, equipa, posicao) VALUES ('76', 99, 'Benfica', 'Pivot');
INSERT INTO Jogador (idJogador, numeroCamisola, equipa, posicao) VALUES ('77', 1, 'Leões Porto Salvo', 'Guarda-Redes');
INSERT INTO Jogador (idJogador, numeroCamisola, equipa, posicao) VALUES ('78', 24, 'Leões Porto Salvo', 'Guarda-Redes');
INSERT INTO Jogador (idJogador, numeroCamisola, equipa, posicao) VALUES ('79', 42, 'Leões Porto Salvo', 'Guarda-Redes');
INSERT INTO Jogador (idJogador, numeroCamisola, equipa, posicao) VALUES ('80', 92, 'Leões Porto Salvo', 'Fixo');
INSERT INTO Jogador (idJogador, numeroCamisola, equipa, posicao) VALUES ('81', 6, 'Leões Porto Salvo', 'Fixo');
INSERT INTO Jogador (idJogador, numeroCamisola, equipa, posicao) VALUES ('82', 8, 'Leões Porto Salvo', 'Fixo');
INSERT INTO Jogador (idJogador, numeroCamisola, equipa, posicao) VALUES ('83', 13, 'Leões Porto Salvo', 'Universal');
INSERT INTO Jogador (idJogador, numeroCamisola, equipa, posicao) VALUES ('84', 7, 'Leões Porto Salvo', 'Ala');
INSERT INTO Jogador (idJogador, numeroCamisola, equipa, posicao) VALUES ('85', 10, 'Leões Porto Salvo', 'Ala');
INSERT INTO Jogador (idJogador, numeroCamisola, equipa, posicao) VALUES ('86', 12, 'Leões Porto Salvo', 'Ala');
INSERT INTO Jogador (idJogador, numeroCamisola, equipa, posicao) VALUES ('87', 14, 'Leões Porto Salvo', 'Ala');
INSERT INTO Jogador (idJogador, numeroCamisola, equipa, posicao) VALUES ('88', 41, 'Leões Porto Salvo', 'Ala');
INSERT INTO Jogador (idJogador, numeroCamisola, equipa, posicao) VALUES ('89', 50, 'Leões Porto Salvo', 'Ala');
INSERT INTO Jogador (idJogador, numeroCamisola, equipa, posicao) VALUES ('90', 18, 'Leões Porto Salvo', 'Ala');
INSERT INTO Jogador (idJogador, numeroCamisola, equipa, posicao) VALUES ('91', 43, 'Leões Porto Salvo', 'Pivot');
INSERT INTO Jogador (idJogador, numeroCamisola, equipa, posicao) VALUES ('92', 27, 'Leões Porto Salvo', 'Pivot');
INSERT INTO Jogador (idJogador, numeroCamisola, equipa, posicao) VALUES ('93', 77, 'Leões Porto Salvo', 'Pivot');
INSERT INTO Jogador (idJogador, numeroCamisola, equipa, posicao) VALUES ('94', 13, 'Quinta dos Lombos', 'Guarda-Redes');
INSERT INTO Jogador (idJogador, numeroCamisola, equipa, posicao) VALUES ('95', 25, 'Quinta dos Lombos', 'Guarda-Redes');
INSERT INTO Jogador (idJogador, numeroCamisola, equipa, posicao) VALUES ('96', 22, 'Quinta dos Lombos', 'Guarda-Redes');
INSERT INTO Jogador (idJogador, numeroCamisola, equipa, posicao) VALUES ('97', 6, 'Quinta dos Lombos', 'Fixo');
INSERT INTO Jogador (idJogador, numeroCamisola, equipa, posicao) VALUES ('98', 8, 'Quinta dos Lombos', 'Fixo');
INSERT INTO Jogador (idJogador, numeroCamisola, equipa, posicao) VALUES ('99', 23, 'Quinta dos Lombos', 'Fixo');
INSERT INTO Jogador (idJogador, numeroCamisola, equipa, posicao) VALUES ('100', 33, 'Quinta dos Lombos', 'Fixo');
INSERT INTO Jogador (idJogador, numeroCamisola, equipa, posicao) VALUES ('101', 7, 'Quinta dos Lombos', 'Ala');
INSERT INTO Jogador (idJogador, numeroCamisola, equipa, posicao) VALUES ('102', 9, 'Quinta dos Lombos', 'Ala');
INSERT INTO Jogador (idJogador, numeroCamisola, equipa, posicao) VALUES ('103', 10, 'Quinta dos Lombos', 'Ala');
INSERT INTO Jogador (idJogador, numeroCamisola, equipa, posicao) VALUES ('104', 11, 'Quinta dos Lombos', 'Ala');
INSERT INTO Jogador (idJogador, numeroCamisola, equipa, posicao) VALUES ('105', 19, 'Quinta dos Lombos', 'Ala');
INSERT INTO Jogador (idJogador, numeroCamisola, equipa, posicao) VALUES ('106', 20, 'Quinta dos Lombos', 'Ala');
INSERT INTO Jogador (idJogador, numeroCamisola, equipa, posicao) VALUES ('107', 14, 'Quinta dos Lombos', 'Pivot');
INSERT INTO Jogador (idJogador, numeroCamisola, equipa, posicao) VALUES ('108', 17, 'Quinta dos Lombos', 'Pivot');
INSERT INTO Jogador (idJogador, numeroCamisola, equipa, posicao) VALUES ('109', 18, 'Quinta dos Lombos', 'Pivot');
INSERT INTO Jogador (idJogador, numeroCamisola, equipa, posicao) VALUES ('110', 1, 'SC Braga/AAUM', 'Guarda-Redes');
INSERT INTO Jogador (idJogador, numeroCamisola, equipa, posicao) VALUES ('111', 21, 'SC Braga/AAUM', 'Guarda-Redes');
INSERT INTO Jogador (idJogador, numeroCamisola, equipa, posicao) VALUES ('112', 32, 'SC Braga/AAUM', 'Guarda-Redes');
INSERT INTO Jogador (idJogador, numeroCamisola, equipa, posicao) VALUES ('113', 3, 'SC Braga/AAUM', 'Fixo');
INSERT INTO Jogador (idJogador, numeroCamisola, equipa, posicao) VALUES ('114', 9, 'SC Braga/AAUM', 'Fixo');
INSERT INTO Jogador (idJogador, numeroCamisola, equipa, posicao) VALUES ('115', 5, 'SC Braga/AAUM', 'Universal');
INSERT INTO Jogador (idJogador, numeroCamisola, equipa, posicao) VALUES ('116', 6, 'SC Braga/AAUM', 'Ala');
INSERT INTO Jogador (idJogador, numeroCamisola, equipa, posicao) VALUES ('117', 8, 'SC Braga/AAUM', 'Ala');
INSERT INTO Jogador (idJogador, numeroCamisola, equipa, posicao) VALUES ('118', 10, 'SC Braga/AAUM', 'Ala');
INSERT INTO Jogador (idJogador, numeroCamisola, equipa, posicao) VALUES ('119', 12, 'SC Braga/AAUM', 'Ala');
INSERT INTO Jogador (idJogador, numeroCamisola, equipa, posicao) VALUES ('120', 30, 'SC Braga/AAUM', 'Ala');
INSERT INTO Jogador (idJogador, numeroCamisola, equipa, posicao) VALUES ('121', 33, 'SC Braga/AAUM', 'Ala');
INSERT INTO Jogador (idJogador, numeroCamisola, equipa, posicao) VALUES ('122', 71, 'SC Braga/AAUM', 'Ala');
INSERT INTO Jogador (idJogador, numeroCamisola, equipa, posicao) VALUES ('123', 14, 'SC Braga/AAUM', 'Ala');
INSERT INTO Jogador (idJogador, numeroCamisola, equipa, posicao) VALUES ('124', 11, 'SC Braga/AAUM', 'Pivot');
INSERT INTO Jogador (idJogador, numeroCamisola, equipa, posicao) VALUES ('125', 19, 'SC Braga/AAUM', 'Pivot');
INSERT INTO Jogador (idJogador, numeroCamisola, equipa, posicao) VALUES ('126', 99, 'SC Braga/AAUM', 'Pivot');
INSERT INTO Jogador (idJogador, numeroCamisola, equipa, posicao) VALUES ('127', 20, 'Viseu 2001/Palácio do Gelo', 'Guarda-Redes');
INSERT INTO Jogador (idJogador, numeroCamisola, equipa, posicao) VALUES ('128', 12, 'Viseu 2001/Palácio do Gelo', 'Guarda-Redes');
INSERT INTO Jogador (idJogador, numeroCamisola, equipa, posicao) VALUES ('129', 30, 'Viseu 2001/Palácio do Gelo', 'Ala');
INSERT INTO Jogador (idJogador, numeroCamisola, equipa, posicao) VALUES ('130', 66, 'Viseu 2001/Palácio do Gelo', 'Ala');
INSERT INTO Jogador (idJogador, numeroCamisola, equipa, posicao) VALUES ('131', 30, 'Viseu 2001/Palácio do Gelo', 'Guarda-Redes');
INSERT INTO Jogador (idJogador, numeroCamisola, equipa, posicao) VALUES ('132', 8, 'Viseu 2001/Palácio do Gelo', 'Fixo');
INSERT INTO Jogador (idJogador, numeroCamisola, equipa, posicao) VALUES ('133', 13, 'Viseu 2001/Palácio do Gelo', 'Fixo');
INSERT INTO Jogador (idJogador, numeroCamisola, equipa, posicao) VALUES ('134', 23, 'Viseu 2001/Palácio do Gelo', 'Fixo');
INSERT INTO Jogador (idJogador, numeroCamisola, equipa, posicao) VALUES ('135', 14, 'Viseu 2001/Palácio do Gelo', 'Universal');
INSERT INTO Jogador (idJogador, numeroCamisola, equipa, posicao) VALUES ('136', 7, 'Viseu 2001/Palácio do Gelo', 'Ala');
INSERT INTO Jogador (idJogador, numeroCamisola, equipa, posicao) VALUES ('137', 15, 'Viseu 2001/Palácio do Gelo', 'Ala');
INSERT INTO Jogador (idJogador, numeroCamisola, equipa, posicao) VALUES ('138', 11, 'Viseu 2001/Palácio do Gelo', 'Ala');
INSERT INTO Jogador (idJogador, numeroCamisola, equipa, posicao) VALUES ('141', 6, 'Viseu 2001/Palácio do Gelo', 'Pivot');
INSERT INTO Jogador (idJogador, numeroCamisola, equipa, posicao) VALUES ('142', 10, 'Viseu 2001/Palácio do Gelo', 'Pivot');
INSERT INTO Jogador (idJogador, numeroCamisola, equipa, posicao) VALUES ('143', 27, 'Viseu 2001/Palácio do Gelo', 'Pivot');
INSERT INTO Jogador (idJogador, numeroCamisola, equipa, posicao) VALUES ('144', 2, 'AD Fundão/Hotel Alambique', 'Guarda-Redes');
INSERT INTO Jogador (idJogador, numeroCamisola, equipa, posicao) VALUES ('145', 31, 'AD Fundão/Hotel Alambique', 'Guarda-Redes');
INSERT INTO Jogador (idJogador, numeroCamisola, equipa, posicao) VALUES ('146', 92, 'AD Fundão/Hotel Alambique', 'Guarda-Redes');
INSERT INTO Jogador (idJogador, numeroCamisola, equipa, posicao) VALUES ('147', 6, 'AD Fundão/Hotel Alambique', 'Fixo');
INSERT INTO Jogador (idJogador, numeroCamisola, equipa, posicao) VALUES ('148', 10, 'AD Fundão/Hotel Alambique', 'Fixo');
INSERT INTO Jogador (idJogador, numeroCamisola, equipa, posicao) VALUES ('149', 14, 'AD Fundão/Hotel Alambique', 'Fixo');
INSERT INTO Jogador (idJogador, numeroCamisola, equipa, posicao) VALUES ('150', 18, 'AD Fundão/Hotel Alambique', 'Fixo');
INSERT INTO Jogador (idJogador, numeroCamisola, equipa, posicao) VALUES ('151', 8, 'AD Fundão/Hotel Alambique', 'Ala');
INSERT INTO Jogador (idJogador, numeroCamisola, equipa, posicao) VALUES ('152', 11, 'AD Fundão/Hotel Alambique', 'Ala');
INSERT INTO Jogador (idJogador, numeroCamisola, equipa, posicao) VALUES ('153', 13, 'AD Fundão/Hotel Alambique', 'Ala');
INSERT INTO Jogador (idJogador, numeroCamisola, equipa, posicao) VALUES ('154', 17, 'AD Fundão/Hotel Alambique', 'Ala');
INSERT INTO Jogador (idJogador, numeroCamisola, equipa, posicao) VALUES ('155', 80, 'AD Fundão/Hotel Alambique', 'Ala');
INSERT INTO Jogador (idJogador, numeroCamisola, equipa, posicao) VALUES ('156', 38, 'AD Fundão/Hotel Alambique', 'Pivot');
INSERT INTO Jogador (idJogador, numeroCamisola, equipa, posicao) VALUES ('157', 97, 'AD Fundão/Hotel Alambique', 'Pivot');
INSERT INTO Jogador (idJogador, numeroCamisola, equipa, posicao) VALUES ('158', 3, 'Portimonense', 'Guarda-Redes');
INSERT INTO Jogador (idJogador, numeroCamisola, equipa, posicao) VALUES ('159', 19, 'Portimonense', 'Guarda-Redes');
INSERT INTO Jogador (idJogador, numeroCamisola, equipa, posicao) VALUES ('160', 20, 'Portimonense', 'Guarda-Redes');
INSERT INTO Jogador (idJogador, numeroCamisola, equipa, posicao) VALUES ('161', 6, 'Portimonense', 'Fixo');
INSERT INTO Jogador (idJogador, numeroCamisola, equipa, posicao) VALUES ('162', 15, 'Portimonense', 'Fixo');
INSERT INTO Jogador (idJogador, numeroCamisola, equipa, posicao) VALUES ('163', 88, 'Portimonense', 'Fixo');
INSERT INTO Jogador (idJogador, numeroCamisola, equipa, posicao) VALUES ('164', 25, 'Portimonense', 'Fixo');
INSERT INTO Jogador (idJogador, numeroCamisola, equipa, posicao) VALUES ('165', 5, 'Portimonense', 'Universal');
INSERT INTO Jogador (idJogador, numeroCamisola, equipa, posicao) VALUES ('166', 55, 'Portimonense', 'Universal');
INSERT INTO Jogador (idJogador, numeroCamisola, equipa, posicao) VALUES ('167', 8, 'Portimonense', 'Ala');
INSERT INTO Jogador (idJogador, numeroCamisola, equipa, posicao) VALUES ('168', 9, 'Portimonense', 'Ala');
INSERT INTO Jogador (idJogador, numeroCamisola, equipa, posicao) VALUES ('169', 11, 'Portimonense', 'Ala');
INSERT INTO Jogador (idJogador, numeroCamisola, equipa, posicao) VALUES ('170', 12, 'Portimonense', 'Ala');
INSERT INTO Jogador (idJogador, numeroCamisola, equipa, posicao) VALUES ('171', 60, 'Portimonense', 'Ala');
INSERT INTO Jogador (idJogador, numeroCamisola, equipa, posicao) VALUES ('172', 7, 'Portimonense', 'Pivot');
INSERT INTO Jogador (idJogador, numeroCamisola, equipa, posicao) VALUES ('173', 10, 'Portimonense', 'Pivot');
INSERT INTO Jogador (idJogador, numeroCamisola, equipa, posicao) VALUES ('174', 1, 'CR Candoso/Natcal', 'Guarda-Redes');
INSERT INTO Jogador (idJogador, numeroCamisola, equipa, posicao) VALUES ('175', 15, 'CR Candoso/Natcal', 'Guarda-Redes');
INSERT INTO Jogador (idJogador, numeroCamisola, equipa, posicao) VALUES ('176', 21, 'CR Candoso/Natcal', 'Guarda-Redes');
INSERT INTO Jogador (idJogador, numeroCamisola, equipa, posicao) VALUES ('177', 24, 'CR Candoso/Natcal', 'Guarda-Redes');
INSERT INTO Jogador (idJogador, numeroCamisola, equipa, posicao) VALUES ('178', 13, 'CR Candoso/Natcal', 'Fixo');
INSERT INTO Jogador (idJogador, numeroCamisola, equipa, posicao) VALUES ('179', 19, 'CR Candoso/Natcal', 'Fixo');
INSERT INTO Jogador (idJogador, numeroCamisola, equipa, posicao) VALUES ('180', 21, 'CR Candoso/Natcal', 'Fixo');
INSERT INTO Jogador (idJogador, numeroCamisola, equipa, posicao) VALUES ('181', 58, 'CR Candoso/Natcal', 'Fixo');
INSERT INTO Jogador (idJogador, numeroCamisola, equipa, posicao) VALUES ('182', 20, 'CR Candoso/Natcal', 'Universal');
INSERT INTO Jogador (idJogador, numeroCamisola, equipa, posicao) VALUES ('183', 22, 'CR Candoso/Natcal', 'Universal');
INSERT INTO Jogador (idJogador, numeroCamisola, equipa, posicao) VALUES ('184', 8, 'CR Candoso/Natcal', 'Ala');
INSERT INTO Jogador (idJogador, numeroCamisola, equipa, posicao) VALUES ('185', 9, 'CR Candoso/Natcal', 'Ala');
INSERT INTO Jogador (idJogador, numeroCamisola, equipa, posicao) VALUES ('186', 10, 'CR Candoso/Natcal', 'Ala');
INSERT INTO Jogador (idJogador, numeroCamisola, equipa, posicao) VALUES ('187', 17, 'CR Candoso/Natcal', 'Ala');
INSERT INTO Jogador (idJogador, numeroCamisola, equipa, posicao) VALUES ('188', 18, 'CR Candoso/Natcal', 'Ala');
INSERT INTO Jogador (idJogador, numeroCamisola, equipa, posicao) VALUES ('190', 12, 'CR Candoso/Natcal', 'Ala');
INSERT INTO Jogador (idJogador, numeroCamisola, equipa, posicao) VALUES ('191', 14, 'CR Candoso/Natcal', 'Pivot');
INSERT INTO Jogador (idJogador, numeroCamisola, equipa, posicao) VALUES ('192', 25, 'CR Candoso/Natcal', 'Pivot');
INSERT INTO Jogador (idJogador, numeroCamisola, equipa, posicao) VALUES ('193', 1, 'FC Azeméis by Noxae', 'Guarda-Redes');
INSERT INTO Jogador (idJogador, numeroCamisola, equipa, posicao) VALUES ('194', 28, 'FC Azeméis by Noxae', 'Guarda-Redes');
INSERT INTO Jogador (idJogador, numeroCamisola, equipa, posicao) VALUES ('195', 13, 'FC Azeméis by Noxae', 'Guarda-Redes');
INSERT INTO Jogador (idJogador, numeroCamisola, equipa, posicao) VALUES ('196', 16, 'FC Azeméis by Noxae', 'Guarda-Redes');
INSERT INTO Jogador (idJogador, numeroCamisola, equipa, posicao) VALUES ('197', 6, 'FC Azeméis by Noxae', 'Fixo');
INSERT INTO Jogador (idJogador, numeroCamisola, equipa, posicao) VALUES ('198', 8, 'FC Azeméis by Noxae', 'Fixo');
INSERT INTO Jogador (idJogador, numeroCamisola, equipa, posicao) VALUES ('199', 14, 'FC Azeméis by Noxae', 'Universal');
INSERT INTO Jogador (idJogador, numeroCamisola, equipa, posicao) VALUES ('200', 29, 'FC Azeméis by Noxae', 'Universal');
INSERT INTO Jogador (idJogador, numeroCamisola, equipa, posicao) VALUES ('201', 2, 'FC Azeméis by Noxae', 'Ala');
INSERT INTO Jogador (idJogador, numeroCamisola, equipa, posicao) VALUES ('202', 5, 'FC Azeméis by Noxae', 'Ala');
INSERT INTO Jogador (idJogador, numeroCamisola, equipa, posicao) VALUES ('203', 11, 'FC Azeméis by Noxae', 'Ala');
INSERT INTO Jogador (idJogador, numeroCamisola, equipa, posicao) VALUES ('204', 12, 'FC Azeméis by Noxae', 'Ala');
INSERT INTO Jogador (idJogador, numeroCamisola, equipa, posicao) VALUES ('205', 14, 'FC Azeméis by Noxae', 'Ala');
INSERT INTO Jogador (idJogador, numeroCamisola, equipa, posicao) VALUES ('206', 17, 'FC Azeméis by Noxae', 'Ala');
INSERT INTO Jogador (idJogador, numeroCamisola, equipa, posicao) VALUES ('207', 9, 'FC Azeméis by Noxae', 'Pivot');
INSERT INTO Jogador (idJogador, numeroCamisola, equipa, posicao) VALUES ('208', 10, 'FC Azeméis by Noxae', 'Pivot');
INSERT INTO Jogador (idJogador, numeroCamisola, equipa, posicao) VALUES ('225', 3, 'Modicus Cartest', 'Guarda-Redes');
INSERT INTO Jogador (idJogador, numeroCamisola, equipa, posicao) VALUES ('226', 1, 'Modicus Cartest', 'Guarda-Redes');
INSERT INTO Jogador (idJogador, numeroCamisola, equipa, posicao) VALUES ('227', 12, 'Modicus Cartest', 'Guarda-Redes');
INSERT INTO Jogador (idJogador, numeroCamisola, equipa, posicao) VALUES ('228', 80, 'Modicus Cartest', 'Guarda-Redes');
INSERT INTO Jogador (idJogador, numeroCamisola, equipa, posicao) VALUES ('229', 8, 'Modicus Cartest', 'Fixo');
INSERT INTO Jogador (idJogador, numeroCamisola, equipa, posicao) VALUES ('230', 80, 'Modicus Cartest', 'Fixo');
INSERT INTO Jogador (idJogador, numeroCamisola, equipa, posicao) VALUES ('231', 6, 'Modicus Cartest', 'Fixo');
INSERT INTO Jogador (idJogador, numeroCamisola, equipa, posicao) VALUES ('232', 10, 'Modicus Cartest', 'Fixo');
INSERT INTO Jogador (idJogador, numeroCamisola, equipa, posicao) VALUES ('233', 11, 'Modicus Cartest', 'Ala');
INSERT INTO Jogador (idJogador, numeroCamisola, equipa, posicao) VALUES ('234', 13, 'Modicus Cartest', 'Ala');
INSERT INTO Jogador (idJogador, numeroCamisola, equipa, posicao) VALUES ('235', 5, 'Modicus Cartest', 'Ala');
INSERT INTO Jogador (idJogador, numeroCamisola, equipa, posicao) VALUES ('236', 8, 'Modicus Cartest', 'Ala');
INSERT INTO Jogador (idJogador, numeroCamisola, equipa, posicao) VALUES ('237', 9, 'Modicus Cartest', 'Ala');
INSERT INTO Jogador (idJogador, numeroCamisola, equipa, posicao) VALUES ('238', 20, 'Modicus Cartest', 'Ala');
INSERT INTO Jogador (idJogador, numeroCamisola, equipa, posicao) VALUES ('239', 24, 'Modicus Cartest', 'Ala');
INSERT INTO Jogador (idJogador, numeroCamisola, equipa, posicao) VALUES ('240', 27, 'Modicus Cartest', 'Ala');
INSERT INTO Jogador (idJogador, numeroCamisola, equipa, posicao) VALUES ('241', 70, 'Modicus Cartest', 'Ala');
INSERT INTO Jogador (idJogador, numeroCamisola, equipa, posicao) VALUES ('242', 77, 'Modicus Cartest', 'Ala');
INSERT INTO Jogador (idJogador, numeroCamisola, equipa, posicao) VALUES ('243', 79, 'Modicus Cartest', 'Ala');
INSERT INTO Jogador (idJogador, numeroCamisola, equipa, posicao) VALUES ('244', 7, 'Modicus Cartest', 'Pivot');
INSERT INTO Jogador (idJogador, numeroCamisola, equipa, posicao) VALUES ('245', 11, 'Modicus Cartest', 'Pivot');
INSERT INTO Jogador (idJogador, numeroCamisola, equipa, posicao) VALUES ('246', 17, 'Modicus Cartest', 'Pivot');
INSERT INTO Jogador (idJogador, numeroCamisola, equipa, posicao) VALUES ('247', 60, 'Modicus Cartest', 'Pivot');
INSERT INTO Jogador (idJogador, numeroCamisola, equipa, posicao) VALUES ('248', 1, 'Torreense', 'Guarda-Redes');
INSERT INTO Jogador (idJogador, numeroCamisola, equipa, posicao) VALUES ('249', 12, 'Torreense', 'Guarda-Redes');
INSERT INTO Jogador (idJogador, numeroCamisola, equipa, posicao) VALUES ('250', 23, 'Torreense', 'Guarda-Redes');
INSERT INTO Jogador (idJogador, numeroCamisola, equipa, posicao) VALUES ('251', 31, 'Torreense', 'Guarda-Redes');
INSERT INTO Jogador (idJogador, numeroCamisola, equipa, posicao) VALUES ('252', 2, 'Torreense', 'Fixo');
INSERT INTO Jogador (idJogador, numeroCamisola, equipa, posicao) VALUES ('253', 4, 'Torreense', 'Fixo');
INSERT INTO Jogador (idJogador, numeroCamisola, equipa, posicao) VALUES ('254', 16, 'Torreense', 'Fixo');
INSERT INTO Jogador (idJogador, numeroCamisola, equipa, posicao) VALUES ('255', 92, 'Torreense', 'Fixo');
INSERT INTO Jogador (idJogador, numeroCamisola, equipa, posicao) VALUES ('256', 26, 'Torreense', 'Ala');
INSERT INTO Jogador (idJogador, numeroCamisola, equipa, posicao) VALUES ('257', 5, 'Torreense', 'Ala');
INSERT INTO Jogador (idJogador, numeroCamisola, equipa, posicao) VALUES ('258', 9, 'Torreense', 'Ala');
INSERT INTO Jogador (idJogador, numeroCamisola, equipa, posicao) VALUES ('259', 10, 'Torreense', 'Ala');
INSERT INTO Jogador (idJogador, numeroCamisola, equipa, posicao) VALUES ('260', 27, 'Torreense', 'Ala');
INSERT INTO Jogador (idJogador, numeroCamisola, equipa, posicao) VALUES ('261', 33, 'Torreense', 'Ala');
INSERT INTO Jogador (idJogador, numeroCamisola, equipa, posicao) VALUES ('262', 60, 'Torreense', 'Ala');
INSERT INTO Jogador (idJogador, numeroCamisola, equipa, posicao) VALUES ('263', 89, 'Torreense', 'Ala');
INSERT INTO Jogador (idJogador, numeroCamisola, equipa, posicao) VALUES ('264', 7, 'Torreense', 'Pivot');
INSERT INTO Jogador (idJogador, numeroCamisola, equipa, posicao) VALUES ('265', 74, 'Torreense', 'Pivot');
INSERT INTO Jogador (idJogador, numeroCamisola, equipa, posicao) VALUES ('266', 14, 'Torreense', 'Pivot');
INSERT INTO Jogador (idJogador, numeroCamisola, equipa, posicao) VALUES ('267', 2, 'Nun´Álvares', 'Guarda-Redes');
INSERT INTO Jogador (idJogador, numeroCamisola, equipa, posicao) VALUES ('268', 98, 'Nun´Álvares', 'Guarda-Redes');
INSERT INTO Jogador (idJogador, numeroCamisola, equipa, posicao) VALUES ('269', 99, 'Nun´Álvares', 'Guarda-Redes');
INSERT INTO Jogador (idJogador, numeroCamisola, equipa, posicao) VALUES ('270', 24, 'Nun´Álvares', 'Fixo');
INSERT INTO Jogador (idJogador, numeroCamisola, equipa, posicao) VALUES ('271', 7, 'Nun´Álvares', 'Fixo');
INSERT INTO Jogador (idJogador, numeroCamisola, equipa, posicao) VALUES ('272', 18, 'Nun´Álvares', 'Fixo');
INSERT INTO Jogador (idJogador, numeroCamisola, equipa, posicao) VALUES ('273', 94, 'Nun´Álvares', 'Fixo');
INSERT INTO Jogador (idJogador, numeroCamisola, equipa, posicao) VALUES ('274', 81, 'Nun´Álvares', 'Fixo');
INSERT INTO Jogador (idJogador, numeroCamisola, equipa, posicao) VALUES ('275', 14, 'Nun´Álvares', 'Universal');
INSERT INTO Jogador (idJogador, numeroCamisola, equipa, posicao) VALUES ('276', 13, 'Nun´Álvares', 'Universal');
INSERT INTO Jogador (idJogador, numeroCamisola, equipa, posicao) VALUES ('277', 75, 'Nun´Álvares', 'Universal');
INSERT INTO Jogador (idJogador, numeroCamisola, equipa, posicao) VALUES ('278', 8, 'Nun´Álvares', 'Ala');
INSERT INTO Jogador (idJogador, numeroCamisola, equipa, posicao) VALUES ('279', 9, 'Nun´Álvares', 'Ala');
INSERT INTO Jogador (idJogador, numeroCamisola, equipa, posicao) VALUES ('280', 15, 'Nun´Álvares', 'Ala');
INSERT INTO Jogador (idJogador, numeroCamisola, equipa, posicao) VALUES ('281', 7, 'Nun´Álvares', 'Ala');
INSERT INTO Jogador (idJogador, numeroCamisola, equipa, posicao) VALUES ('282', 10, 'Nun´Álvares', 'Ala');
INSERT INTO Jogador (idJogador, numeroCamisola, equipa, posicao) VALUES ('283', 11, 'Nun´Álvares', 'Ala');
INSERT INTO Jogador (idJogador, numeroCamisola, equipa, posicao) VALUES ('284', 17, 'Nun´Álvares', 'Ala');
INSERT INTO Jogador (idJogador, numeroCamisola, equipa, posicao) VALUES ('285', 20, 'Nun´Álvares', 'Ala');
INSERT INTO Jogador (idJogador, numeroCamisola, equipa, posicao) VALUES ('286', 77, 'Nun´Álvares', 'Ala');
INSERT INTO Jogador (idJogador, numeroCamisola, equipa, posicao) VALUES ('287', 12, 'Nun´Álvares', 'Pivot');
INSERT INTO Jogador (idJogador, numeroCamisola, equipa, posicao) VALUES ('288', 14, 'Nun´Álvares', 'Pivot');

-- Table: Jogo
DROP TABLE IF EXISTS Jogo;
CREATE TABLE Jogo (idJogo INTEGER PRIMARY KEY, data DATE, nomeEquipaVisitado VARCHAR REFERENCES Equipa (nome), nomeEquipaVisitante VARCHAR REFERENCES Equipa (nome), golosMarcadosVisitado INTEGER, golosMarcadosVisitante INTEGER, resultado VARCHAR DEFAULT (0) REFERENCES Equipa (nome), arbitro INTEGER REFERENCES Pessoa (idPessoa), numeroJornada INTEGER REFERENCES Jornada (numero), fasePlayOff VARCHAR);
INSERT INTO Jogo (idJogo, data, nomeEquipaVisitado, nomeEquipaVisitante, golosMarcadosVisitado, golosMarcadosVisitante, resultado, arbitro, numeroJornada, fasePlayOff) VALUES (1, '09/10', 'Quinta dos Lombos', 'SC Braga/AAUM', 3, 1, 'Quinta dos Lombos', 223, 1, 'NULL');
INSERT INTO Jogo (idJogo, data, nomeEquipaVisitado, nomeEquipaVisitante, golosMarcadosVisitado, golosMarcadosVisitante, resultado, arbitro, numeroJornada, fasePlayOff) VALUES (2, '09/10', 'CR Candoso/Natcal', 'Modicus Cartest', 2, 0, 'CR Candoso/Natcal', 223, 1, 'NULL');
INSERT INTO Jogo (idJogo, data, nomeEquipaVisitado, nomeEquipaVisitante, golosMarcadosVisitado, golosMarcadosVisitante, resultado, arbitro, numeroJornada, fasePlayOff) VALUES (3, '09/10', 'FC Azeméis by Noxae', 'AD Fundão/Hotel Alambique', 1, 2, 'AD Fundão/Hotel Alambique', 209, 1, 'NULL');
INSERT INTO Jogo (idJogo, data, nomeEquipaVisitado, nomeEquipaVisitante, golosMarcadosVisitado, golosMarcadosVisitante, resultado, arbitro, numeroJornada, fasePlayOff) VALUES (4, '10/10', 'Viseu 2001/Palácio do Gelo', 'Eléctrico', 0, 3, 'Eléctrico', 210, 1, 'NULL');
INSERT INTO Jogo (idJogo, data, nomeEquipaVisitado, nomeEquipaVisitante, golosMarcadosVisitado, golosMarcadosVisitante, resultado, arbitro, numeroJornada, fasePlayOff) VALUES (5, '10/10', 'Sporting', 'Nun´Álvares', 4, 0, 'Sporting', 211, 1, 'NULL');
INSERT INTO Jogo (idJogo, data, nomeEquipaVisitado, nomeEquipaVisitante, golosMarcadosVisitado, golosMarcadosVisitante, resultado, arbitro, numeroJornada, fasePlayOff) VALUES (6, '10/10', 'Benfica', 'Leões Porto Salvo', 4, 0, 'Benfica', 210, 1, 'NULL');
INSERT INTO Jogo (idJogo, data, nomeEquipaVisitado, nomeEquipaVisitante, golosMarcadosVisitado, golosMarcadosVisitante, resultado, arbitro, numeroJornada, fasePlayOff) VALUES (7, '10/10', 'Torreense', 'Portimonense', 5, 3, 'Torreense', 219, 1, 'NULL');
INSERT INTO Jogo (idJogo, data, nomeEquipaVisitado, nomeEquipaVisitante, golosMarcadosVisitado, golosMarcadosVisitante, resultado, arbitro, numeroJornada, fasePlayOff) VALUES (8, '15/10', 'SC Braga/AAUM', 'Viseu 2001/Palácio do Gelo', 5, 1, 'SC Braga/AAUM', 220, 2, 'NULL');
INSERT INTO Jogo (idJogo, data, nomeEquipaVisitado, nomeEquipaVisitante, golosMarcadosVisitado, golosMarcadosVisitante, resultado, arbitro, numeroJornada, fasePlayOff) VALUES (9, '16/10', 'Eléctrico', 'Benfica', 3, 1, 'Eléctrico', 214, 2, 'NULL');
INSERT INTO Jogo (idJogo, data, nomeEquipaVisitado, nomeEquipaVisitante, golosMarcadosVisitado, golosMarcadosVisitante, resultado, arbitro, numeroJornada, fasePlayOff) VALUES (10, '16/10', 'AD Fundão/Hotel Alambique', 'Torreense', 5, 3, 'AD Fundão/Hotel Alambique', 223, 2, 'NULL');
INSERT INTO Jogo (idJogo, data, nomeEquipaVisitado, nomeEquipaVisitante, golosMarcadosVisitado, golosMarcadosVisitante, resultado, arbitro, numeroJornada, fasePlayOff) VALUES (11, '16/10', 'Portimonense', 'CR Candoso/Natcal', 5, 2, 'Portimonense', 212, 2, 'NULL');
INSERT INTO Jogo (idJogo, data, nomeEquipaVisitado, nomeEquipaVisitante, golosMarcadosVisitado, golosMarcadosVisitante, resultado, arbitro, numeroJornada, fasePlayOff) VALUES (12, '16/10', 'Nun´Álvares', 'Quinta dos Lombos', 0, 2, 'Quinta dos Lombos', 220, 2, 'NULL');
INSERT INTO Jogo (idJogo, data, nomeEquipaVisitado, nomeEquipaVisitante, golosMarcadosVisitado, golosMarcadosVisitante, resultado, arbitro, numeroJornada, fasePlayOff) VALUES (13, '16/10', 'Modicus Cartest', 'Sporting', 0, 3, 'Sporting', 224, 2, 'NULL');
INSERT INTO Jogo (idJogo, data, nomeEquipaVisitado, nomeEquipaVisitante, golosMarcadosVisitado, golosMarcadosVisitante, resultado, arbitro, numeroJornada, fasePlayOff) VALUES (14, '16/10', 'Leões Porto Salvo', 'FC Azeméis by Noxae', 1, 2, 'FC Azeméis by Noxae', 209, 2, 'NULL');
INSERT INTO Jogo (idJogo, data, nomeEquipaVisitado, nomeEquipaVisitante, golosMarcadosVisitado, golosMarcadosVisitante, resultado, arbitro, numeroJornada, fasePlayOff) VALUES (15, '20/10', 'Sporting', 'Portimonense', 4, 1, 'Sporting', 211, 3, 'NULL');
INSERT INTO Jogo (idJogo, data, nomeEquipaVisitado, nomeEquipaVisitante, golosMarcadosVisitado, golosMarcadosVisitante, resultado, arbitro, numeroJornada, fasePlayOff) VALUES (16, '20/10', 'Quinta dos Lombos', 'Viseu 2001/Palácio do Gelo', 5, 4, 'Quinta dos Lombos', 209, 3, 'NULL');
INSERT INTO Jogo (idJogo, data, nomeEquipaVisitado, nomeEquipaVisitante, golosMarcadosVisitado, golosMarcadosVisitante, resultado, arbitro, numeroJornada, fasePlayOff) VALUES (17, '20/10', 'Benfica', 'SC Braga/AAUM', 3, 1, 'Benfica', 213, 3, 'NULL');
INSERT INTO Jogo (idJogo, data, nomeEquipaVisitado, nomeEquipaVisitante, golosMarcadosVisitado, golosMarcadosVisitante, resultado, arbitro, numeroJornada, fasePlayOff) VALUES (18, '20/10', 'FC Azeméis by Noxae', 'Eléctrico', 2, 1, 'FC Azeméis by Noxae', 223, 3, 'NULL');
INSERT INTO Jogo (idJogo, data, nomeEquipaVisitado, nomeEquipaVisitante, golosMarcadosVisitado, golosMarcadosVisitante, resultado, arbitro, numeroJornada, fasePlayOff) VALUES (19, '20/10', 'CR Candoso/Natcal', 'AD Fundão/Hotel Alambique', 2, 3, 'AD Fundão/Hotel Alambique', 214, 3, 'NULL');
INSERT INTO Jogo (idJogo, data, nomeEquipaVisitado, nomeEquipaVisitante, golosMarcadosVisitado, golosMarcadosVisitante, resultado, arbitro, numeroJornada, fasePlayOff) VALUES (20, '20/10', 'Torreense', 'Leões Porto Salvo', 1, 0, 'Torreense', 215, 3, 'NULL');
INSERT INTO Jogo (idJogo, data, nomeEquipaVisitado, nomeEquipaVisitante, golosMarcadosVisitado, golosMarcadosVisitante, resultado, arbitro, numeroJornada, fasePlayOff) VALUES (21, '20/10', 'Nun´Álvares', 'Modicus Cartest', 1, 3, 'Modicus Cartest', 221, 3, 'NULL');
INSERT INTO Jogo (idJogo, data, nomeEquipaVisitado, nomeEquipaVisitante, golosMarcadosVisitado, golosMarcadosVisitante, resultado, arbitro, numeroJornada, fasePlayOff) VALUES (22, '23/10', 'AD Fundão/Hotel Alambique', 'Sporting', 4, 2, 'AD Fundão/Hotel Alambique', 215, 4, 'NULL');
INSERT INTO Jogo (idJogo, data, nomeEquipaVisitado, nomeEquipaVisitante, golosMarcadosVisitado, golosMarcadosVisitante, resultado, arbitro, numeroJornada, fasePlayOff) VALUES (23, '23/10', 'SC Braga/AAUM', 'FC Azeméis by Noxae', 2, 4, 'FC Azeméis by Noxae', 222, 4, 'NULL');
INSERT INTO Jogo (idJogo, data, nomeEquipaVisitado, nomeEquipaVisitante, golosMarcadosVisitado, golosMarcadosVisitante, resultado, arbitro, numeroJornada, fasePlayOff) VALUES (24, '23/10', 'Viseu 2001/Palácio do Gelo', 'Benfica', 0, 5, 'Benfica', 215, 4, 'NULL');
INSERT INTO Jogo (idJogo, data, nomeEquipaVisitado, nomeEquipaVisitante, golosMarcadosVisitado, golosMarcadosVisitante, resultado, arbitro, numeroJornada, fasePlayOff) VALUES (25, '23/10', 'Modicus Cartest', 'Quinta dos Lombos', 7, 4, 'Modicus Cartest', 213, 4, 'NULL');
INSERT INTO Jogo (idJogo, data, nomeEquipaVisitado, nomeEquipaVisitante, golosMarcadosVisitado, golosMarcadosVisitante, resultado, arbitro, numeroJornada, fasePlayOff) VALUES (26, '23/10', 'Leões Porto Salvo', 'CR Candoso/Natcal', 4, 4, 'empate', 214, 4, 'NULL');
INSERT INTO Jogo (idJogo, data, nomeEquipaVisitado, nomeEquipaVisitante, golosMarcadosVisitado, golosMarcadosVisitante, resultado, arbitro, numeroJornada, fasePlayOff) VALUES (27, '24/10', 'Eléctrico', 'Torreense', 4, 2, 'Eléctrico', 219, 4, 'NULL');
INSERT INTO Jogo (idJogo, data, nomeEquipaVisitado, nomeEquipaVisitante, golosMarcadosVisitado, golosMarcadosVisitante, resultado, arbitro, numeroJornada, fasePlayOff) VALUES (28, '24/10', 'Portimonense', 'Nun´Álvares', 7, 0, 'Portimonense', 211, 4, 'NULL');
INSERT INTO Jogo (idJogo, data, nomeEquipaVisitado, nomeEquipaVisitante, golosMarcadosVisitado, golosMarcadosVisitante, resultado, arbitro, numeroJornada, fasePlayOff) VALUES (29, '30/10', 'CR Candoso/Natcal', 'Eléctrico', 1, 1, 'empate', 219, 5, 'NULL');
INSERT INTO Jogo (idJogo, data, nomeEquipaVisitado, nomeEquipaVisitante, golosMarcadosVisitado, golosMarcadosVisitante, resultado, arbitro, numeroJornada, fasePlayOff) VALUES (30, '30/10', 'Torreense', 'SC Braga/AAUM', 4, 5, 'SC Braga/AAUM', 223, 5, 'NULL');
INSERT INTO Jogo (idJogo, data, nomeEquipaVisitado, nomeEquipaVisitante, golosMarcadosVisitado, golosMarcadosVisitante, resultado, arbitro, numeroJornada, fasePlayOff) VALUES (31, '30/10', 'Nun´Álvares', 'AD Fundão/Hotel Alambique', 1, 2, 'AD Fundão/Hotel Alambique', 223, 5, 'NULL');
INSERT INTO Jogo (idJogo, data, nomeEquipaVisitado, nomeEquipaVisitante, golosMarcadosVisitado, golosMarcadosVisitante, resultado, arbitro, numeroJornada, fasePlayOff) VALUES (32, '30/10', 'Modicus Cartest', 'Portimonense', 2, 2, 'empate', 218, 5, 'NULL');
INSERT INTO Jogo (idJogo, data, nomeEquipaVisitado, nomeEquipaVisitante, golosMarcadosVisitado, golosMarcadosVisitante, resultado, arbitro, numeroJornada, fasePlayOff) VALUES (33, '01/11', 'FC Azeméis by Noxae', 'Viseu 2001/Palácio do Gelo', 3, 3, 'empate', 215, 5, 'NULL');
INSERT INTO Jogo (idJogo, data, nomeEquipaVisitado, nomeEquipaVisitante, golosMarcadosVisitado, golosMarcadosVisitante, resultado, arbitro, numeroJornada, fasePlayOff) VALUES (34, '03/11', 'Quinta dos Lombos', 'Benfica', 2, 3, 'Benfica', 213, 5, 'NULL');
INSERT INTO Jogo (idJogo, data, nomeEquipaVisitado, nomeEquipaVisitante, golosMarcadosVisitado, golosMarcadosVisitante, resultado, arbitro, numeroJornada, fasePlayOff) VALUES (35, '09/03', 'Sporting', 'Leões Porto Salvo', 4, 2, 'Sporting', 222, 5, 'NULL');
INSERT INTO Jogo (idJogo, data, nomeEquipaVisitado, nomeEquipaVisitante, golosMarcadosVisitado, golosMarcadosVisitante, resultado, arbitro, numeroJornada, fasePlayOff) VALUES (36, '06/11', 'Benfica', 'FC Azeméis by Noxae', 5, 1, 'Benfica', 211, 6, 'NULL');
INSERT INTO Jogo (idJogo, data, nomeEquipaVisitado, nomeEquipaVisitante, golosMarcadosVisitado, golosMarcadosVisitante, resultado, arbitro, numeroJornada, fasePlayOff) VALUES (37, '06/11', 'AD Fundão/Hotel Alambique', 'Modicus Cartest', 3, 2, 'AD Fundão/Hotel Alambique', 220, 6, 'NULL');
INSERT INTO Jogo (idJogo, data, nomeEquipaVisitado, nomeEquipaVisitante, golosMarcadosVisitado, golosMarcadosVisitante, resultado, arbitro, numeroJornada, fasePlayOff) VALUES (38, '06/11', 'Portimonense', 'Quinta dos Lombos', 1, 1, 'empate', 213, 6, 'NULL');
INSERT INTO Jogo (idJogo, data, nomeEquipaVisitado, nomeEquipaVisitante, golosMarcadosVisitado, golosMarcadosVisitante, resultado, arbitro, numeroJornada, fasePlayOff) VALUES (39, '06/11', 'SC Braga/AAUM', 'CR Candoso/Natcal', 1, 3, 'CR Candoso/Natcal', 223, 6, 'NULL');
INSERT INTO Jogo (idJogo, data, nomeEquipaVisitado, nomeEquipaVisitante, golosMarcadosVisitado, golosMarcadosVisitante, resultado, arbitro, numeroJornada, fasePlayOff) VALUES (40, '06/11', 'Eléctrico', 'Sporting', 1, 4, 'Sporting', 215, 6, 'NULL');
INSERT INTO Jogo (idJogo, data, nomeEquipaVisitado, nomeEquipaVisitante, golosMarcadosVisitado, golosMarcadosVisitante, resultado, arbitro, numeroJornada, fasePlayOff) VALUES (41, '06/11', 'Viseu 2001/Palácio do Gelo', 'Torreense', 5, 3, 'Viseu 2001/Palácio do Gelo', 220, 6, 'NULL');
INSERT INTO Jogo (idJogo, data, nomeEquipaVisitado, nomeEquipaVisitante, golosMarcadosVisitado, golosMarcadosVisitante, resultado, arbitro, numeroJornada, fasePlayOff) VALUES (42, '06/11', 'Leões Porto Salvo', 'Nun´Álvares', 6, 2, 'Leões Porto Salvo', 216, 6, 'NULL');
INSERT INTO Jogo (idJogo, data, nomeEquipaVisitado, nomeEquipaVisitante, golosMarcadosVisitado, golosMarcadosVisitante, resultado, arbitro, numeroJornada, fasePlayOff) VALUES (43, '10/11', 'Portimonense', 'AD Fundão/Hotel Alambique', 4, 6, 'AD Fundão/Hotel Alambique', 213, 7, 'NULL');
INSERT INTO Jogo (idJogo, data, nomeEquipaVisitado, nomeEquipaVisitante, golosMarcadosVisitado, golosMarcadosVisitante, resultado, arbitro, numeroJornada, fasePlayOff) VALUES (44, '10/11', 'Quinta dos Lombos', 'FC Azeméis by Noxae', 2, 6, 'FC Azeméis by Noxae', 211, 7, 'NULL');
INSERT INTO Jogo (idJogo, data, nomeEquipaVisitado, nomeEquipaVisitante, golosMarcadosVisitado, golosMarcadosVisitante, resultado, arbitro, numeroJornada, fasePlayOff) VALUES (45, '10/11', 'Modicus Cartest', 'Leões Porto Salvo', 4, 5, 'Leões Porto Salvo', 216, 7, 'NULL');
INSERT INTO Jogo (idJogo, data, nomeEquipaVisitado, nomeEquipaVisitante, golosMarcadosVisitado, golosMarcadosVisitante, resultado, arbitro, numeroJornada, fasePlayOff) VALUES (46, '10/11', 'CR Candoso/Natcal', 'Viseu 2001/Palácio do Gelo', 2, 0, 'CR Candoso/Natcal', 223, 7, 'NULL');
INSERT INTO Jogo (idJogo, data, nomeEquipaVisitado, nomeEquipaVisitante, golosMarcadosVisitado, golosMarcadosVisitante, resultado, arbitro, numeroJornada, fasePlayOff) VALUES (47, '10/11', 'Nun´Álvares', 'Eléctrico', 2, 5, 'Eléctrico', 209, 7, 'NULL');
INSERT INTO Jogo (idJogo, data, nomeEquipaVisitado, nomeEquipaVisitante, golosMarcadosVisitado, golosMarcadosVisitante, resultado, arbitro, numeroJornada, fasePlayOff) VALUES (48, '10/11', 'Sporting', 'SC Braga/AAUM', 2, 1, 'Sporting', 213, 7, 'NULL');
INSERT INTO Jogo (idJogo, data, nomeEquipaVisitado, nomeEquipaVisitante, golosMarcadosVisitado, golosMarcadosVisitante, resultado, arbitro, numeroJornada, fasePlayOff) VALUES (49, '10/11', 'Torreense', 'Benfica', 0, 3, 'Benfica', 221, 7, 'NULL');
INSERT INTO Jogo (idJogo, data, nomeEquipaVisitado, nomeEquipaVisitante, golosMarcadosVisitado, golosMarcadosVisitante, resultado, arbitro, numeroJornada, fasePlayOff) VALUES (50, '13/11', 'AD Fundão/Hotel Alambique', 'Quinta dos Lombos', 4, 5, 'Quinta dos Lombos', 219, 8, 'NULL');
INSERT INTO Jogo (idJogo, data, nomeEquipaVisitado, nomeEquipaVisitante, golosMarcadosVisitado, golosMarcadosVisitante, resultado, arbitro, numeroJornada, fasePlayOff) VALUES (51, '13/11', 'Eléctrico', 'Modicus Cartest', 3, 2, 'Eléctrico', 220, 8, 'NULL');
INSERT INTO Jogo (idJogo, data, nomeEquipaVisitado, nomeEquipaVisitante, golosMarcadosVisitado, golosMarcadosVisitante, resultado, arbitro, numeroJornada, fasePlayOff) VALUES (52, '13/11', 'FC Azeméis by Noxae', 'Torreense', 3, 1, 'FC Azeméis by Noxae', 220, 8, 'NULL');
INSERT INTO Jogo (idJogo, data, nomeEquipaVisitado, nomeEquipaVisitante, golosMarcadosVisitado, golosMarcadosVisitante, resultado, arbitro, numeroJornada, fasePlayOff) VALUES (53, '13/11', 'Viseu 2001/Palácio do Gelo', 'Sporting', 3, 6, 'Sporting', 223, 8, 'NULL');
INSERT INTO Jogo (idJogo, data, nomeEquipaVisitado, nomeEquipaVisitante, golosMarcadosVisitado, golosMarcadosVisitante, resultado, arbitro, numeroJornada, fasePlayOff) VALUES (54, '13/11', 'SC Braga/AAUM', 'Nun´Álvares', 9, 1, 'SC Braga/AAUM', 217, 8, 'NULL');
INSERT INTO Jogo (idJogo, data, nomeEquipaVisitado, nomeEquipaVisitante, golosMarcadosVisitado, golosMarcadosVisitante, resultado, arbitro, numeroJornada, fasePlayOff) VALUES (55, '13/11', 'Benfica', 'CR Candoso/Natcal', 5, 1, 'Benfica', 222, 8, 'NULL');
INSERT INTO Jogo (idJogo, data, nomeEquipaVisitado, nomeEquipaVisitante, golosMarcadosVisitado, golosMarcadosVisitante, resultado, arbitro, numeroJornada, fasePlayOff) VALUES (56, '13/11', 'Leões Porto Salvo', 'Portimonense', 4, 1, 'Leões Porto Salvo', 215, 8, 'NULL');
INSERT INTO Jogo (idJogo, data, nomeEquipaVisitado, nomeEquipaVisitante, golosMarcadosVisitado, golosMarcadosVisitante, resultado, arbitro, numeroJornada, fasePlayOff) VALUES (57, '20/11', 'Nun´Álvares', 'Viseu 2001/Palácio do Gelo', 3, 2, 'Nun´Álvares', 217, 9, 'NULL');
INSERT INTO Jogo (idJogo, data, nomeEquipaVisitado, nomeEquipaVisitante, golosMarcadosVisitado, golosMarcadosVisitante, resultado, arbitro, numeroJornada, fasePlayOff) VALUES (58, '20/11', 'CR Candoso/Natcal', 'FC Azeméis by Noxae', 5, 4, 'CR Candoso/Natcal', 219, 9, 'NULL');
INSERT INTO Jogo (idJogo, data, nomeEquipaVisitado, nomeEquipaVisitante, golosMarcadosVisitado, golosMarcadosVisitante, resultado, arbitro, numeroJornada, fasePlayOff) VALUES (59, '20/11', 'Portimonense', 'Eléctrico', 3, 5, 'Eléctrico', 216, 9, 'NULL');
INSERT INTO Jogo (idJogo, data, nomeEquipaVisitado, nomeEquipaVisitante, golosMarcadosVisitado, golosMarcadosVisitante, resultado, arbitro, numeroJornada, fasePlayOff) VALUES (60, '20/11', 'AD Fundão/Hotel Alambique', 'Leões Porto Salvo', 3, 3, 'empate', 218, 9, 'NULL');
INSERT INTO Jogo (idJogo, data, nomeEquipaVisitado, nomeEquipaVisitante, golosMarcadosVisitado, golosMarcadosVisitante, resultado, arbitro, numeroJornada, fasePlayOff) VALUES (61, '20/11', 'Quinta dos Lombos', 'Torreense', 7, 1, 'Quinta dos Lombos', 215, 9, 'NULL');
INSERT INTO Jogo (idJogo, data, nomeEquipaVisitado, nomeEquipaVisitante, golosMarcadosVisitado, golosMarcadosVisitante, resultado, arbitro, numeroJornada, fasePlayOff) VALUES (62, '21/11', 'Modicus Cartest', 'SC Braga/AAUM', 0, 4, 'SC Braga/AAUM', 215, 9, 'NULL');
INSERT INTO Jogo (idJogo, data, nomeEquipaVisitado, nomeEquipaVisitante, golosMarcadosVisitado, golosMarcadosVisitante, resultado, arbitro, numeroJornada, fasePlayOff) VALUES (63, '21/11', 'Sporting', 'Benfica', 5, 2, 'Sporting', 210, 9, 'NULL');
INSERT INTO Jogo (idJogo, data, nomeEquipaVisitado, nomeEquipaVisitante, golosMarcadosVisitado, golosMarcadosVisitante, resultado, arbitro, numeroJornada, fasePlayOff) VALUES (64, '27/11', 'FC Azeméis by Noxae', 'Sporting', 1, 8, 'Sporting', 222, 10, 'NULL');
INSERT INTO Jogo (idJogo, data, nomeEquipaVisitado, nomeEquipaVisitante, golosMarcadosVisitado, golosMarcadosVisitante, resultado, arbitro, numeroJornada, fasePlayOff) VALUES (65, '27/11', 'SC Braga/AAUM', 'Portimonense', 6, 6, 'empate', 213, 10, 'NULL');
INSERT INTO Jogo (idJogo, data, nomeEquipaVisitado, nomeEquipaVisitante, golosMarcadosVisitado, golosMarcadosVisitante, resultado, arbitro, numeroJornada, fasePlayOff) VALUES (66, '27/11', 'Eléctrico', 'AD Fundão/Hotel Alambique', 3, 2, 'Eléctrico', 224, 10, 'NULL');
INSERT INTO Jogo (idJogo, data, nomeEquipaVisitado, nomeEquipaVisitante, golosMarcadosVisitado, golosMarcadosVisitante, resultado, arbitro, numeroJornada, fasePlayOff) VALUES (67, '27/11', 'Benfica', 'Nun´Álvares', 7, 1, 'Benfica', 212, 10, 'NULL');
INSERT INTO Jogo (idJogo, data, nomeEquipaVisitado, nomeEquipaVisitante, golosMarcadosVisitado, golosMarcadosVisitante, resultado, arbitro, numeroJornada, fasePlayOff) VALUES (68, '27/11', 'Torreense', 'CR Candoso/Natcal', 2, 2, 'empate', 221, 10, 'NULL');
INSERT INTO Jogo (idJogo, data, nomeEquipaVisitado, nomeEquipaVisitante, golosMarcadosVisitado, golosMarcadosVisitante, resultado, arbitro, numeroJornada, fasePlayOff) VALUES (69, '28/11', 'Viseu 2001/Palácio do Gelo', 'Modicus Cartest', 4, 3, 'Viseu 2001/Palácio do Gelo', 214, 10, 'NULL');
INSERT INTO Jogo (idJogo, data, nomeEquipaVisitado, nomeEquipaVisitante, golosMarcadosVisitado, golosMarcadosVisitante, resultado, arbitro, numeroJornada, fasePlayOff) VALUES (70, '29/11', 'Leões Porto Salvo', 'Quinta dos Lombos', 3, 5, 'Quinta dos Lombos', 219, 10, 'NULL');
INSERT INTO Jogo (idJogo, data, nomeEquipaVisitado, nomeEquipaVisitante, golosMarcadosVisitado, golosMarcadosVisitante, resultado, arbitro, numeroJornada, fasePlayOff) VALUES (71, '24/11', 'Sporting', 'Torreense', 9, 2, 'Sporting', 222, 11, 'NULL');
INSERT INTO Jogo (idJogo, data, nomeEquipaVisitado, nomeEquipaVisitante, golosMarcadosVisitado, golosMarcadosVisitante, resultado, arbitro, numeroJornada, fasePlayOff) VALUES (72, '04/12', 'Quinta dos Lombos', 'CR Candoso/Natcal', 3, 3, 'empate', 214, 11, 'NULL');
INSERT INTO Jogo (idJogo, data, nomeEquipaVisitado, nomeEquipaVisitante, golosMarcadosVisitado, golosMarcadosVisitante, resultado, arbitro, numeroJornada, fasePlayOff) VALUES (73, '04/12', 'Nun´Álvares', 'FC Azeméis by Noxae', 2, 5, 'FC Azeméis by Noxae', 217, 11, 'NULL');
INSERT INTO Jogo (idJogo, data, nomeEquipaVisitado, nomeEquipaVisitante, golosMarcadosVisitado, golosMarcadosVisitante, resultado, arbitro, numeroJornada, fasePlayOff) VALUES (74, '04/12', 'Portimonense', 'Viseu 2001/Palácio do Gelo', 3, 7, 'Viseu 2001/Palácio do Gelo', 219, 11, 'NULL');
INSERT INTO Jogo (idJogo, data, nomeEquipaVisitado, nomeEquipaVisitante, golosMarcadosVisitado, golosMarcadosVisitante, resultado, arbitro, numeroJornada, fasePlayOff) VALUES (75, '04/12', 'AD Fundão/Hotel Alambique', 'SC Braga/AAUM', 7, 5, 'AD Fundão/Hotel Alambique', 213, 11, 'NULL');
INSERT INTO Jogo (idJogo, data, nomeEquipaVisitado, nomeEquipaVisitante, golosMarcadosVisitado, golosMarcadosVisitante, resultado, arbitro, numeroJornada, fasePlayOff) VALUES (76, '22/12', 'Leões Porto Salvo', 'Eléctrico', 5, 2, 'Leões Porto Salvo', 212, 11, 'NULL');
INSERT INTO Jogo (idJogo, data, nomeEquipaVisitado, nomeEquipaVisitante, golosMarcadosVisitado, golosMarcadosVisitante, resultado, arbitro, numeroJornada, fasePlayOff) VALUES (77, '22/12', 'Modicus Cartest', 'Benfica', 1, 2, 'Benfica', 216, 11, 'NULL');
INSERT INTO Jogo (idJogo, data, nomeEquipaVisitado, nomeEquipaVisitante, golosMarcadosVisitado, golosMarcadosVisitante, resultado, arbitro, numeroJornada, fasePlayOff) VALUES (78, '08/12', 'Quinta dos Lombos', 'Eléctrico', 6, 3, 'Quinta dos Lombos', 209, 12, 'NULL');
INSERT INTO Jogo (idJogo, data, nomeEquipaVisitado, nomeEquipaVisitante, golosMarcadosVisitado, golosMarcadosVisitante, resultado, arbitro, numeroJornada, fasePlayOff) VALUES (79, '08/12', 'CR Candoso/Natcal', 'Sporting', 2, 3, 'Sporting', 212, 12, 'NULL');
INSERT INTO Jogo (idJogo, data, nomeEquipaVisitado, nomeEquipaVisitante, golosMarcadosVisitado, golosMarcadosVisitante, resultado, arbitro, numeroJornada, fasePlayOff) VALUES (80, '08/12', 'Viseu 2001/Palácio do Gelo', 'AD Fundão/Hotel Alambique', 4, 2, 'Viseu 2001/Palácio do Gelo', 212, 12, 'NULL');
INSERT INTO Jogo (idJogo, data, nomeEquipaVisitado, nomeEquipaVisitante, golosMarcadosVisitado, golosMarcadosVisitante, resultado, arbitro, numeroJornada, fasePlayOff) VALUES (81, '08/12', 'Benfica', 'Portimonense', 5, 5, 'empate', 209, 12, 'NULL');
INSERT INTO Jogo (idJogo, data, nomeEquipaVisitado, nomeEquipaVisitante, golosMarcadosVisitado, golosMarcadosVisitante, resultado, arbitro, numeroJornada, fasePlayOff) VALUES (82, '08/12', 'SC Braga/AAUM', 'Leões Porto Salvo', 6, 3, 'SC Braga/AAUM', 212, 12, 'NULL');
INSERT INTO Jogo (idJogo, data, nomeEquipaVisitado, nomeEquipaVisitante, golosMarcadosVisitado, golosMarcadosVisitante, resultado, arbitro, numeroJornada, fasePlayOff) VALUES (83, '08/12', 'Torreense', 'Nun´Álvares', 1, 0, 'Torreense', 217, 12, 'NULL');
INSERT INTO Jogo (idJogo, data, nomeEquipaVisitado, nomeEquipaVisitante, golosMarcadosVisitado, golosMarcadosVisitante, resultado, arbitro, numeroJornada, fasePlayOff) VALUES (84, '08/12', 'FC Azeméis by Noxae', 'Modicus Cartest', 3, 1, 'FC Azeméis by Noxae', 219, 12, 'NULL');
INSERT INTO Jogo (idJogo, data, nomeEquipaVisitado, nomeEquipaVisitante, golosMarcadosVisitado, golosMarcadosVisitante, resultado, arbitro, numeroJornada, fasePlayOff) VALUES (85, '12/12', 'AD Fundão/Hotel Alambique', 'Benfica', 1, 3, 'Benfica', 213, 13, 'NULL');
INSERT INTO Jogo (idJogo, data, nomeEquipaVisitado, nomeEquipaVisitante, golosMarcadosVisitado, golosMarcadosVisitante, resultado, arbitro, numeroJornada, fasePlayOff) VALUES (86, '12/12', 'Sporting', 'Quinta dos Lombos', 2, 1, 'Sporting', 222, 13, 'NULL');
INSERT INTO Jogo (idJogo, data, nomeEquipaVisitado, nomeEquipaVisitante, golosMarcadosVisitado, golosMarcadosVisitante, resultado, arbitro, numeroJornada, fasePlayOff) VALUES (87, '12/12', 'Nun´Álvares', 'CR Candoso/Natcal', 2, 2, 'empate', 210, 13, 'NULL');
INSERT INTO Jogo (idJogo, data, nomeEquipaVisitado, nomeEquipaVisitante, golosMarcadosVisitado, golosMarcadosVisitante, resultado, arbitro, numeroJornada, fasePlayOff) VALUES (88, '12/12', 'Leões Porto Salvo', 'Viseu 2001/Palácio do Gelo', 4, 4, 'empate', 214, 13, 'NULL');
INSERT INTO Jogo (idJogo, data, nomeEquipaVisitado, nomeEquipaVisitante, golosMarcadosVisitado, golosMarcadosVisitante, resultado, arbitro, numeroJornada, fasePlayOff) VALUES (89, '12/12', 'Eléctrico', 'SC Braga/AAUM', 3, 4, 'SC Braga/AAUM', 220, 13, 'NULL');
INSERT INTO Jogo (idJogo, data, nomeEquipaVisitado, nomeEquipaVisitante, golosMarcadosVisitado, golosMarcadosVisitante, resultado, arbitro, numeroJornada, fasePlayOff) VALUES (90, '12/12', 'Modicus Cartest', 'Torreense', 4, 2, 'Modicus Cartest', 217, 13, 'NULL');
INSERT INTO Jogo (idJogo, data, nomeEquipaVisitado, nomeEquipaVisitante, golosMarcadosVisitado, golosMarcadosVisitante, resultado, arbitro, numeroJornada, fasePlayOff) VALUES (91, '12/12', 'Portimonense', 'FC Azeméis by Noxae', 6, 2, 'Portimonense', 217, 13, 'NULL');
INSERT INTO Jogo (idJogo, data, nomeEquipaVisitado, nomeEquipaVisitante, golosMarcadosVisitado, golosMarcadosVisitante, resultado, arbitro, numeroJornada, fasePlayOff) VALUES (92, '18/12', 'Eléctrico', 'Viseu 2001/Palácio do Gelo', 4, 1, 'Eléctrico', 217, 14, 'NULL');
INSERT INTO Jogo (idJogo, data, nomeEquipaVisitado, nomeEquipaVisitante, golosMarcadosVisitado, golosMarcadosVisitante, resultado, arbitro, numeroJornada, fasePlayOff) VALUES (93, '22/12', 'AD Fundão/Hotel Alambique', 'FC Azeméis by Noxae', 2, 1, 'AD Fundão/Hotel Alambique', 212, 14, 'NULL');
INSERT INTO Jogo (idJogo, data, nomeEquipaVisitado, nomeEquipaVisitante, golosMarcadosVisitado, golosMarcadosVisitante, resultado, arbitro, numeroJornada, fasePlayOff) VALUES (94, '23/12', 'Nun´Álvares', 'Sporting', 1, 5, 'Sporting', 219, 14, 'NULL');
INSERT INTO Jogo (idJogo, data, nomeEquipaVisitado, nomeEquipaVisitante, golosMarcadosVisitado, golosMarcadosVisitante, resultado, arbitro, numeroJornada, fasePlayOff) VALUES (95, '26/12', 'Portimonense', 'Torreense', 3, 2, 'Portimonense', 223, 14, 'NULL');
INSERT INTO Jogo (idJogo, data, nomeEquipaVisitado, nomeEquipaVisitante, golosMarcadosVisitado, golosMarcadosVisitante, resultado, arbitro, numeroJornada, fasePlayOff) VALUES (96, '27/12', 'Modicus Cartest', 'CR Candoso/Natcal', 1, 3, 'CR Candoso/Natcal', 220, 14, 'NULL');
INSERT INTO Jogo (idJogo, data, nomeEquipaVisitado, nomeEquipaVisitante, golosMarcadosVisitado, golosMarcadosVisitante, resultado, arbitro, numeroJornada, fasePlayOff) VALUES (97, '15/02', 'Leões Porto Salvo', 'Benfica', 3, 3, 'empate', 210, 14, 'NULL');
INSERT INTO Jogo (idJogo, data, nomeEquipaVisitado, nomeEquipaVisitante, golosMarcadosVisitado, golosMarcadosVisitante, resultado, arbitro, numeroJornada, fasePlayOff) VALUES (98, '16/02', 'SC Braga/AAUM', 'Quinta dos Lombos', 2, 3, 'Quinta dos Lombos', 213, 14, 'NULL');
INSERT INTO Jogo (idJogo, data, nomeEquipaVisitado, nomeEquipaVisitante, golosMarcadosVisitado, golosMarcadosVisitante, resultado, arbitro, numeroJornada, fasePlayOff) VALUES (99, '02/01', 'CR Candoso/Natcal', 'Portimonense', 3, 3, 'empate', 212, 15, 'NULL');
INSERT INTO Jogo (idJogo, data, nomeEquipaVisitado, nomeEquipaVisitante, golosMarcadosVisitado, golosMarcadosVisitante, resultado, arbitro, numeroJornada, fasePlayOff) VALUES (100, '02/01', 'FC Azeméis by Noxae', 'Leões Porto Salvo', 3, 4, 'Leões Porto Salvo', 222, 15, 'NULL');
INSERT INTO Jogo (idJogo, data, nomeEquipaVisitado, nomeEquipaVisitante, golosMarcadosVisitado, golosMarcadosVisitante, resultado, arbitro, numeroJornada, fasePlayOff) VALUES (101, '02/01', 'Sporting', 'Modicus Cartest', 6, 0, 'Sporting', 219, 15, 'NULL');
INSERT INTO Jogo (idJogo, data, nomeEquipaVisitado, nomeEquipaVisitante, golosMarcadosVisitado, golosMarcadosVisitante, resultado, arbitro, numeroJornada, fasePlayOff) VALUES (102, '02/01', 'Benfica', 'Eléctrico', 5, 3, 'Benfica', 216, 15, 'NULL');
INSERT INTO Jogo (idJogo, data, nomeEquipaVisitado, nomeEquipaVisitante, golosMarcadosVisitado, golosMarcadosVisitante, resultado, arbitro, numeroJornada, fasePlayOff) VALUES (103, '05/02', 'Quinta dos Lombos', 'Nun´Álvares', 2, 5, 'Nun´Álvares', 218, 15, 'NULL');
INSERT INTO Jogo (idJogo, data, nomeEquipaVisitado, nomeEquipaVisitante, golosMarcadosVisitado, golosMarcadosVisitante, resultado, arbitro, numeroJornada, fasePlayOff) VALUES (104, '05/02', 'Torreense', 'AD Fundão/Hotel Alambique', 4, 7, 'AD Fundão/Hotel Alambique', 218, 15, 'NULL');
INSERT INTO Jogo (idJogo, data, nomeEquipaVisitado, nomeEquipaVisitante, golosMarcadosVisitado, golosMarcadosVisitante, resultado, arbitro, numeroJornada, fasePlayOff) VALUES (105, '23/03', 'Viseu 2001/Palácio do Gelo', 'SC Braga/AAUM', 2, 4, 'SC Braga/AAUM', 217, 15, 'NULL');
INSERT INTO Jogo (idJogo, data, nomeEquipaVisitado, nomeEquipaVisitante, golosMarcadosVisitado, golosMarcadosVisitante, resultado, arbitro, numeroJornada, fasePlayOff) VALUES (106, '19/02', 'Portimonense', 'Sporting', 1, 2, 'Sporting', 212, 16, 'NULL');
INSERT INTO Jogo (idJogo, data, nomeEquipaVisitado, nomeEquipaVisitante, golosMarcadosVisitado, golosMarcadosVisitante, resultado, arbitro, numeroJornada, fasePlayOff) VALUES (107, '19/02', 'Viseu 2001/Palácio do Gelo', 'Quinta dos Lombos', 3, 1, 'Viseu 2001/Palácio do Gelo', 219, 16, 'NULL');
INSERT INTO Jogo (idJogo, data, nomeEquipaVisitado, nomeEquipaVisitante, golosMarcadosVisitado, golosMarcadosVisitante, resultado, arbitro, numeroJornada, fasePlayOff) VALUES (108, '19/02', 'Eléctrico', 'FC Azeméis by Noxae', 8, 1, 'Eléctrico', 216, 16, 'NULL');
INSERT INTO Jogo (idJogo, data, nomeEquipaVisitado, nomeEquipaVisitante, golosMarcadosVisitado, golosMarcadosVisitante, resultado, arbitro, numeroJornada, fasePlayOff) VALUES (109, '19/02', 'AD Fundão/Hotel Alambique', 'CR Candoso/Natcal', 6, 4, 'AD Fundão/Hotel Alambique', 217, 16, 'NULL');
INSERT INTO Jogo (idJogo, data, nomeEquipaVisitado, nomeEquipaVisitante, golosMarcadosVisitado, golosMarcadosVisitante, resultado, arbitro, numeroJornada, fasePlayOff) VALUES (110, '19/02', 'SC Braga/AAUM', 'Benfica', 2, 5, 'Benfica', 217, 16, 'NULL');
INSERT INTO Jogo (idJogo, data, nomeEquipaVisitado, nomeEquipaVisitante, golosMarcadosVisitado, golosMarcadosVisitante, resultado, arbitro, numeroJornada, fasePlayOff) VALUES (111, '19/02', 'Modicus Cartest', 'Nun´Álvares', 1, 0, 'Modicus Cartest', 223, 16, 'NULL');
INSERT INTO Jogo (idJogo, data, nomeEquipaVisitado, nomeEquipaVisitante, golosMarcadosVisitado, golosMarcadosVisitante, resultado, arbitro, numeroJornada, fasePlayOff) VALUES (112, '19/02', 'Leões Porto Salvo', 'Torreense', 2, 4, 'Torreense', 213, 16, 'NULL');
INSERT INTO Jogo (idJogo, data, nomeEquipaVisitado, nomeEquipaVisitante, golosMarcadosVisitado, golosMarcadosVisitante, resultado, arbitro, numeroJornada, fasePlayOff) VALUES (113, '05/03', 'Nun´Álvares', 'Portimonense', 4, 2, 'Nun´Álvares', 220, 17, 'NULL');
INSERT INTO Jogo (idJogo, data, nomeEquipaVisitado, nomeEquipaVisitante, golosMarcadosVisitado, golosMarcadosVisitante, resultado, arbitro, numeroJornada, fasePlayOff) VALUES (114, '05/03', 'CR Candoso/Natcal', 'Leões Porto Salvo', 2, 2, 'empate', 212, 17, 'NULL');
INSERT INTO Jogo (idJogo, data, nomeEquipaVisitado, nomeEquipaVisitante, golosMarcadosVisitado, golosMarcadosVisitante, resultado, arbitro, numeroJornada, fasePlayOff) VALUES (115, '05/03', 'Quinta dos Lombos', 'Modicus Cartest', 3, 6, 'Modicus Cartest', 211, 17, 'NULL');
INSERT INTO Jogo (idJogo, data, nomeEquipaVisitado, nomeEquipaVisitante, golosMarcadosVisitado, golosMarcadosVisitante, resultado, arbitro, numeroJornada, fasePlayOff) VALUES (116, '05/03', 'Sporting', 'AD Fundão/Hotel Alambique', 6, 3, 'Sporting', 213, 17, 'NULL');
INSERT INTO Jogo (idJogo, data, nomeEquipaVisitado, nomeEquipaVisitante, golosMarcadosVisitado, golosMarcadosVisitante, resultado, arbitro, numeroJornada, fasePlayOff) VALUES (117, '05/03', 'Benfica', 'Viseu 2001/Palácio do Gelo', 6, 1, 'Benfica', 216, 17, 'NULL');
INSERT INTO Jogo (idJogo, data, nomeEquipaVisitado, nomeEquipaVisitante, golosMarcadosVisitado, golosMarcadosVisitante, resultado, arbitro, numeroJornada, fasePlayOff) VALUES (118, '06/03', 'Torreense', 'Eléctrico', 1, 3, 'Eléctrico', 210, 17, 'NULL');
INSERT INTO Jogo (idJogo, data, nomeEquipaVisitado, nomeEquipaVisitante, golosMarcadosVisitado, golosMarcadosVisitante, resultado, arbitro, numeroJornada, fasePlayOff) VALUES (119, '30/03', 'FC Azeméis by Noxae', 'SC Braga/AAUM', 2, 3, 'SC Braga/AAUM', 223, 17, 'NULL');
INSERT INTO Jogo (idJogo, data, nomeEquipaVisitado, nomeEquipaVisitante, golosMarcadosVisitado, golosMarcadosVisitante, resultado, arbitro, numeroJornada, fasePlayOff) VALUES (120, '03/11', 'Leões Porto Salvo', 'Sporting', 1, 5, 'Sporting', 219, 18, 'NULL');
INSERT INTO Jogo (idJogo, data, nomeEquipaVisitado, nomeEquipaVisitante, golosMarcadosVisitado, golosMarcadosVisitante, resultado, arbitro, numeroJornada, fasePlayOff) VALUES (121, '09/03', 'Portimonense', 'Modicus Cartest', 2, 0, 'Portimonense', 219, 18, 'NULL');
INSERT INTO Jogo (idJogo, data, nomeEquipaVisitado, nomeEquipaVisitante, golosMarcadosVisitado, golosMarcadosVisitante, resultado, arbitro, numeroJornada, fasePlayOff) VALUES (122, '09/03', 'SC Braga/AAUM', 'Torreense', 3, 2, 'SC Braga/AAUM', 218, 18, 'NULL');
INSERT INTO Jogo (idJogo, data, nomeEquipaVisitado, nomeEquipaVisitante, golosMarcadosVisitado, golosMarcadosVisitante, resultado, arbitro, numeroJornada, fasePlayOff) VALUES (123, '09/03', 'Benfica', 'Quinta dos Lombos', 4, 2, 'Benfica', 221, 18, 'NULL');
INSERT INTO Jogo (idJogo, data, nomeEquipaVisitado, nomeEquipaVisitante, golosMarcadosVisitado, golosMarcadosVisitante, resultado, arbitro, numeroJornada, fasePlayOff) VALUES (124, '09/03', 'Eléctrico', 'CR Candoso/Natcal', 6, 1, 'Eléctrico', 217, 18, 'NULL');
INSERT INTO Jogo (idJogo, data, nomeEquipaVisitado, nomeEquipaVisitante, golosMarcadosVisitado, golosMarcadosVisitante, resultado, arbitro, numeroJornada, fasePlayOff) VALUES (125, '09/03', 'AD Fundão/Hotel Alambique', 'Nun´Álvares', 1, 1, 'empate', 211, 18, 'NULL');
INSERT INTO Jogo (idJogo, data, nomeEquipaVisitado, nomeEquipaVisitante, golosMarcadosVisitado, golosMarcadosVisitante, resultado, arbitro, numeroJornada, fasePlayOff) VALUES (126, '09/03', 'Viseu 2001/Palácio do Gelo', 'FC Azeméis by Noxae', 1, 5, 'FC Azeméis by Noxae', 217, 18, 'NULL');
INSERT INTO Jogo (idJogo, data, nomeEquipaVisitado, nomeEquipaVisitante, golosMarcadosVisitado, golosMarcadosVisitante, resultado, arbitro, numeroJornada, fasePlayOff) VALUES (127, '12/03', 'Quinta dos Lombos', 'Portimonense', 3, 2, 'Quinta dos Lombos', 213, 19, 'NULL');
INSERT INTO Jogo (idJogo, data, nomeEquipaVisitado, nomeEquipaVisitante, golosMarcadosVisitado, golosMarcadosVisitante, resultado, arbitro, numeroJornada, fasePlayOff) VALUES (128, '13/03', 'FC Azeméis by Noxae', 'Benfica', 1, 5, 'Benfica', 223, 19, 'NULL');
INSERT INTO Jogo (idJogo, data, nomeEquipaVisitado, nomeEquipaVisitante, golosMarcadosVisitado, golosMarcadosVisitante, resultado, arbitro, numeroJornada, fasePlayOff) VALUES (129, '13/03', 'Nun´Álvares', 'Leões Porto Salvo', 5, 1, 'Nun´Álvares', 222, 19, 'NULL');
INSERT INTO Jogo (idJogo, data, nomeEquipaVisitado, nomeEquipaVisitante, golosMarcadosVisitado, golosMarcadosVisitante, resultado, arbitro, numeroJornada, fasePlayOff) VALUES (130, '13/03', 'Torreense', 'Viseu 2001/Palácio do Gelo', 3, 5, 'Viseu 2001/Palácio do Gelo', 220, 19, 'NULL');
INSERT INTO Jogo (idJogo, data, nomeEquipaVisitado, nomeEquipaVisitante, golosMarcadosVisitado, golosMarcadosVisitante, resultado, arbitro, numeroJornada, fasePlayOff) VALUES (131, '13/03', 'CR Candoso/Natcal', 'SC Braga/AAUM', 1, 6, 'SC Braga/AAUM', 222, 19, 'NULL');
INSERT INTO Jogo (idJogo, data, nomeEquipaVisitado, nomeEquipaVisitante, golosMarcadosVisitado, golosMarcadosVisitante, resultado, arbitro, numeroJornada, fasePlayOff) VALUES (132, '13/03', 'Sporting', 'Eléctrico', 5, 0, 'Sporting', 221, 19, 'NULL');
INSERT INTO Jogo (idJogo, data, nomeEquipaVisitado, nomeEquipaVisitante, golosMarcadosVisitado, golosMarcadosVisitante, resultado, arbitro, numeroJornada, fasePlayOff) VALUES (133, '23/03', 'Modicus Cartest', 'AD Fundão/Hotel Alambique', 1, 5, 'AD Fundão/Hotel Alambique', 214, 19, 'NULL');
INSERT INTO Jogo (idJogo, data, nomeEquipaVisitado, nomeEquipaVisitante, golosMarcadosVisitado, golosMarcadosVisitante, resultado, arbitro, numeroJornada, fasePlayOff) VALUES (134, '26/03', 'Eléctrico', 'Nun´Álvares', 6, 2, 'Eléctrico', 220, 20, 'NULL');
INSERT INTO Jogo (idJogo, data, nomeEquipaVisitado, nomeEquipaVisitante, golosMarcadosVisitado, golosMarcadosVisitante, resultado, arbitro, numeroJornada, fasePlayOff) VALUES (135, '26/03', 'SC Braga/AAUM', 'Sporting', 1, 8, 'Sporting', 215, 20, 'NULL');
INSERT INTO Jogo (idJogo, data, nomeEquipaVisitado, nomeEquipaVisitante, golosMarcadosVisitado, golosMarcadosVisitante, resultado, arbitro, numeroJornada, fasePlayOff) VALUES (136, '26/03', 'FC Azeméis by Noxae', 'Quinta dos Lombos', 0, 3, 'Quinta dos Lombos', 211, 20, 'NULL');
INSERT INTO Jogo (idJogo, data, nomeEquipaVisitado, nomeEquipaVisitante, golosMarcadosVisitado, golosMarcadosVisitante, resultado, arbitro, numeroJornada, fasePlayOff) VALUES (137, '26/03', 'AD Fundão/Hotel Alambique', 'Portimonense', 3, 4, 'Portimonense', 214, 20, 'NULL');
INSERT INTO Jogo (idJogo, data, nomeEquipaVisitado, nomeEquipaVisitante, golosMarcadosVisitado, golosMarcadosVisitante, resultado, arbitro, numeroJornada, fasePlayOff) VALUES (138, '26/03', 'Leões Porto Salvo', 'Modicus Cartest', 1, 1, 'empate', 217, 20, 'NULL');
INSERT INTO Jogo (idJogo, data, nomeEquipaVisitado, nomeEquipaVisitante, golosMarcadosVisitado, golosMarcadosVisitante, resultado, arbitro, numeroJornada, fasePlayOff) VALUES (139, '26/03', 'Benfica', 'Torreense', 2, 1, 'Benfica', 222, 20, 'NULL');
INSERT INTO Jogo (idJogo, data, nomeEquipaVisitado, nomeEquipaVisitante, golosMarcadosVisitado, golosMarcadosVisitante, resultado, arbitro, numeroJornada, fasePlayOff) VALUES (140, '27/03', 'Viseu 2001/Palácio do Gelo', 'CR Candoso/Natcal', 2, 2, 'empate', 219, 20, 'NULL');
INSERT INTO Jogo (idJogo, data, nomeEquipaVisitado, nomeEquipaVisitante, golosMarcadosVisitado, golosMarcadosVisitante, resultado, arbitro, numeroJornada, fasePlayOff) VALUES (141, '02/04', 'CR Candoso/Natcal', 'Benfica', 3, 6, 'Benfica', 221, 21, 'NULL');
INSERT INTO Jogo (idJogo, data, nomeEquipaVisitado, nomeEquipaVisitante, golosMarcadosVisitado, golosMarcadosVisitante, resultado, arbitro, numeroJornada, fasePlayOff) VALUES (142, '02/04', 'Modicus Cartest', 'Eléctrico', 0, 6, 'Eléctrico', 220, 21, 'NULL');
INSERT INTO Jogo (idJogo, data, nomeEquipaVisitado, nomeEquipaVisitante, golosMarcadosVisitado, golosMarcadosVisitante, resultado, arbitro, numeroJornada, fasePlayOff) VALUES (143, '02/04', 'Portimonense', 'Leões Porto Salvo', 1, 4, 'Leões Porto Salvo', 224, 21, 'NULL');
INSERT INTO Jogo (idJogo, data, nomeEquipaVisitado, nomeEquipaVisitante, golosMarcadosVisitado, golosMarcadosVisitante, resultado, arbitro, numeroJornada, fasePlayOff) VALUES (144, '02/04', 'Sporting', 'Viseu 2001/Palácio do Gelo', 8, 1, 'Sporting', 222, 21, 'NULL');
INSERT INTO Jogo (idJogo, data, nomeEquipaVisitado, nomeEquipaVisitante, golosMarcadosVisitado, golosMarcadosVisitante, resultado, arbitro, numeroJornada, fasePlayOff) VALUES (145, '02/04', 'Quinta dos Lombos', 'AD Fundão/Hotel Alambique', 3, 4, 'AD Fundão/Hotel Alambique', 220, 21, 'NULL');
INSERT INTO Jogo (idJogo, data, nomeEquipaVisitado, nomeEquipaVisitante, golosMarcadosVisitado, golosMarcadosVisitante, resultado, arbitro, numeroJornada, fasePlayOff) VALUES (146, '02/04', 'Nun´Álvares', 'SC Braga/AAUM', 4, 4, 'empate', 211, 21, 'NULL');
INSERT INTO Jogo (idJogo, data, nomeEquipaVisitado, nomeEquipaVisitante, golosMarcadosVisitado, golosMarcadosVisitante, resultado, arbitro, numeroJornada, fasePlayOff) VALUES (147, '03/04', 'Torreense', 'FC Azeméis by Noxae', 7, 3, 'Torreense', 213, 21, 'NULL');
INSERT INTO Jogo (idJogo, data, nomeEquipaVisitado, nomeEquipaVisitante, golosMarcadosVisitado, golosMarcadosVisitante, resultado, arbitro, numeroJornada, fasePlayOff) VALUES (148, '16/04', 'SC Braga/AAUM', 'Modicus Cartest', 3, 2, 'SC Braga/AAUM', 221, 22, 'NULL');
INSERT INTO Jogo (idJogo, data, nomeEquipaVisitado, nomeEquipaVisitante, golosMarcadosVisitado, golosMarcadosVisitante, resultado, arbitro, numeroJornada, fasePlayOff) VALUES (149, '16/04', 'Leões Porto Salvo', 'AD Fundão/Hotel Alambique', 3, 3, 'empate', 209, 22, 'NULL');
INSERT INTO Jogo (idJogo, data, nomeEquipaVisitado, nomeEquipaVisitante, golosMarcadosVisitado, golosMarcadosVisitante, resultado, arbitro, numeroJornada, fasePlayOff) VALUES (150, '16/04', 'FC Azeméis by Noxae', 'CR Candoso/Natcal', 3, 1, 'FC Azeméis by Noxae', 209, 22, 'NULL');
INSERT INTO Jogo (idJogo, data, nomeEquipaVisitado, nomeEquipaVisitante, golosMarcadosVisitado, golosMarcadosVisitante, resultado, arbitro, numeroJornada, fasePlayOff) VALUES (151, '16/04', 'Eléctrico', 'Portimonense', 1, 4, 'Portimonense', 223, 22, 'NULL');
INSERT INTO Jogo (idJogo, data, nomeEquipaVisitado, nomeEquipaVisitante, golosMarcadosVisitado, golosMarcadosVisitante, resultado, arbitro, numeroJornada, fasePlayOff) VALUES (152, '16/04', 'Viseu 2001/Palácio do Gelo', 'Nun´Álvares', 4, 4, 'empate', 213, 22, 'NULL');
INSERT INTO Jogo (idJogo, data, nomeEquipaVisitado, nomeEquipaVisitante, golosMarcadosVisitado, golosMarcadosVisitante, resultado, arbitro, numeroJornada, fasePlayOff) VALUES (153, '16/04', 'Torreense', 'Quinta dos Lombos', 1, 2, 'Quinta dos Lombos', 218, 22, 'NULL');
INSERT INTO Jogo (idJogo, data, nomeEquipaVisitado, nomeEquipaVisitante, golosMarcadosVisitado, golosMarcadosVisitante, resultado, arbitro, numeroJornada, fasePlayOff) VALUES (154, '19/04', 'Benfica', 'Sporting', 3, 2, 'Benfica', 213, 22, 'NULL');
INSERT INTO Jogo (idJogo, data, nomeEquipaVisitado, nomeEquipaVisitante, golosMarcadosVisitado, golosMarcadosVisitante, resultado, arbitro, numeroJornada, fasePlayOff) VALUES (155, '23/04', 'Nun´Álvares', 'Benfica', 2, 3, 'Benfica', 224, 23, 'NULL');
INSERT INTO Jogo (idJogo, data, nomeEquipaVisitado, nomeEquipaVisitante, golosMarcadosVisitado, golosMarcadosVisitante, resultado, arbitro, numeroJornada, fasePlayOff) VALUES (156, '23/04', 'Sporting', 'FC Azeméis by Noxae', 5, 0, 'Sporting', 217, 23, 'NULL');
INSERT INTO Jogo (idJogo, data, nomeEquipaVisitado, nomeEquipaVisitante, golosMarcadosVisitado, golosMarcadosVisitante, resultado, arbitro, numeroJornada, fasePlayOff) VALUES (157, '23/04', 'CR Candoso/Natcal', 'Torreense', 1, 1, 'empate', 216, 23, 'NULL');
INSERT INTO Jogo (idJogo, data, nomeEquipaVisitado, nomeEquipaVisitante, golosMarcadosVisitado, golosMarcadosVisitante, resultado, arbitro, numeroJornada, fasePlayOff) VALUES (158, '23/04', 'Portimonense', 'SC Braga/AAUM', 4, 4, 'empate', 215, 23, 'NULL');
INSERT INTO Jogo (idJogo, data, nomeEquipaVisitado, nomeEquipaVisitante, golosMarcadosVisitado, golosMarcadosVisitante, resultado, arbitro, numeroJornada, fasePlayOff) VALUES (159, '23/04', 'AD Fundão/Hotel Alambique', 'Eléctrico', 2, 2, 'empate', 217, 23, 'NULL');
INSERT INTO Jogo (idJogo, data, nomeEquipaVisitado, nomeEquipaVisitante, golosMarcadosVisitado, golosMarcadosVisitante, resultado, arbitro, numeroJornada, fasePlayOff) VALUES (160, '23/04', 'Modicus Cartest', 'Viseu 2001/Palácio do Gelo', 2, 2, 'empate', 220, 23, 'NULL');
INSERT INTO Jogo (idJogo, data, nomeEquipaVisitado, nomeEquipaVisitante, golosMarcadosVisitado, golosMarcadosVisitante, resultado, arbitro, numeroJornada, fasePlayOff) VALUES (161, '25/04', 'Quinta dos Lombos', 'Leões Porto Salvo', 2, 2, 'empate', 211, 23, 'NULL');
INSERT INTO Jogo (idJogo, data, nomeEquipaVisitado, nomeEquipaVisitante, golosMarcadosVisitado, golosMarcadosVisitante, resultado, arbitro, numeroJornada, fasePlayOff) VALUES (162, '30/03', 'Benfica', 'Modicus Cartest', 6, 2, 'Benfica', 221, 24, 'NULL');
INSERT INTO Jogo (idJogo, data, nomeEquipaVisitado, nomeEquipaVisitante, golosMarcadosVisitado, golosMarcadosVisitante, resultado, arbitro, numeroJornada, fasePlayOff) VALUES (163, '30/03', 'Torreense', 'Sporting', 1, 3, 'Sporting', 217, 24, 'NULL');
INSERT INTO Jogo (idJogo, data, nomeEquipaVisitado, nomeEquipaVisitante, golosMarcadosVisitado, golosMarcadosVisitante, resultado, arbitro, numeroJornada, fasePlayOff) VALUES (164, '30/04', 'CR Candoso/Natcal', 'Quinta dos Lombos', 2, 2, 'empate', 223, 24, 'NULL');
INSERT INTO Jogo (idJogo, data, nomeEquipaVisitado, nomeEquipaVisitante, golosMarcadosVisitado, golosMarcadosVisitante, resultado, arbitro, numeroJornada, fasePlayOff) VALUES (165, '30/04', 'SC Braga/AAUM', 'AD Fundão/Hotel Alambique', 4, 4, 'empate', 218, 24, 'NULL');
INSERT INTO Jogo (idJogo, data, nomeEquipaVisitado, nomeEquipaVisitante, golosMarcadosVisitado, golosMarcadosVisitante, resultado, arbitro, numeroJornada, fasePlayOff) VALUES (166, '30/04', 'Eléctrico', 'Leões Porto Salvo', 0, 4, 'Leões Porto Salvo', 212, 24, 'NULL');
INSERT INTO Jogo (idJogo, data, nomeEquipaVisitado, nomeEquipaVisitante, golosMarcadosVisitado, golosMarcadosVisitante, resultado, arbitro, numeroJornada, fasePlayOff) VALUES (167, '30/04', 'FC Azeméis by Noxae', 'Nun´Álvares', 2, 0, 'FC Azeméis by Noxae', 219, 24, 'NULL');
INSERT INTO Jogo (idJogo, data, nomeEquipaVisitado, nomeEquipaVisitante, golosMarcadosVisitado, golosMarcadosVisitante, resultado, arbitro, numeroJornada, fasePlayOff) VALUES (168, '01/05', 'Viseu 2001/Palácio do Gelo', 'Portimonense', 4, 3, 'Viseu 2001/Palácio do Gelo', 219, 24, 'NULL');
INSERT INTO Jogo (idJogo, data, nomeEquipaVisitado, nomeEquipaVisitante, golosMarcadosVisitado, golosMarcadosVisitante, resultado, arbitro, numeroJornada, fasePlayOff) VALUES (169, '07/05', 'Nun´Álvares', 'Torreense', 3, 2, 'Nun´Álvares', 215, 25, 'NULL');
INSERT INTO Jogo (idJogo, data, nomeEquipaVisitado, nomeEquipaVisitante, golosMarcadosVisitado, golosMarcadosVisitante, resultado, arbitro, numeroJornada, fasePlayOff) VALUES (170, '07/05', 'Sporting', 'CR Candoso/Natcal', 5, 0, 'Sporting', 221, 25, 'NULL');
INSERT INTO Jogo (idJogo, data, nomeEquipaVisitado, nomeEquipaVisitante, golosMarcadosVisitado, golosMarcadosVisitante, resultado, arbitro, numeroJornada, fasePlayOff) VALUES (171, '07/05', 'Modicus Cartest', 'FC Azeméis by Noxae', 6, 4, 'Modicus Cartest', 218, 25, 'NULL');
INSERT INTO Jogo (idJogo, data, nomeEquipaVisitado, nomeEquipaVisitante, golosMarcadosVisitado, golosMarcadosVisitante, resultado, arbitro, numeroJornada, fasePlayOff) VALUES (172, '07/05', 'AD Fundão/Hotel Alambique', 'Viseu 2001/Palácio do Gelo', 3, 1, 'AD Fundão/Hotel Alambique', 223, 25, 'NULL');
INSERT INTO Jogo (idJogo, data, nomeEquipaVisitado, nomeEquipaVisitante, golosMarcadosVisitado, golosMarcadosVisitante, resultado, arbitro, numeroJornada, fasePlayOff) VALUES (173, '07/05', 'Eléctrico', 'Quinta dos Lombos', 3, 2, 'Eléctrico', 210, 25, 'NULL');
INSERT INTO Jogo (idJogo, data, nomeEquipaVisitado, nomeEquipaVisitante, golosMarcadosVisitado, golosMarcadosVisitante, resultado, arbitro, numeroJornada, fasePlayOff) VALUES (174, '07/05', 'Portimonense', 'Benfica', 1, 8, 'Benfica', 212, 25, 'NULL');
INSERT INTO Jogo (idJogo, data, nomeEquipaVisitado, nomeEquipaVisitante, golosMarcadosVisitado, golosMarcadosVisitante, resultado, arbitro, numeroJornada, fasePlayOff) VALUES (175, '07/05', 'Leões Porto Salvo', 'SC Braga/AAUM', 4, 2, 'Leões Porto Salvo', 220, 25, 'NULL');
INSERT INTO Jogo (idJogo, data, nomeEquipaVisitado, nomeEquipaVisitante, golosMarcadosVisitado, golosMarcadosVisitante, resultado, arbitro, numeroJornada, fasePlayOff) VALUES (176, '13/05', 'Quinta dos Lombos', 'Sporting', 6, 5, 'Quinta dos Lombos', 213, 25, 'NULL');
INSERT INTO Jogo (idJogo, data, nomeEquipaVisitado, nomeEquipaVisitante, golosMarcadosVisitado, golosMarcadosVisitante, resultado, arbitro, numeroJornada, fasePlayOff) VALUES (177, '14/05', 'CR Candoso/Natcal', 'Nun´Álvares', 1, 1, 'empate', 216, 25, 'NULL');
INSERT INTO Jogo (idJogo, data, nomeEquipaVisitado, nomeEquipaVisitante, golosMarcadosVisitado, golosMarcadosVisitante, resultado, arbitro, numeroJornada, fasePlayOff) VALUES (178, '14/05', 'FC Azeméis by Noxae', 'Portimonense', 2, 3, 'Portimonense', 210, 25, 'NULL');
INSERT INTO Jogo (idJogo, data, nomeEquipaVisitado, nomeEquipaVisitante, golosMarcadosVisitado, golosMarcadosVisitante, resultado, arbitro, numeroJornada, fasePlayOff) VALUES (179, '14/05', 'Benfica', 'AD Fundão/Hotel Alambique', 6, 4, 'Benfica', 222, 25, 'NULL');
INSERT INTO Jogo (idJogo, data, nomeEquipaVisitado, nomeEquipaVisitante, golosMarcadosVisitado, golosMarcadosVisitante, resultado, arbitro, numeroJornada, fasePlayOff) VALUES (180, '14/05', 'SC Braga/AAUM', 'Eléctrico', 2, 4, 'Eléctrico', 211, 25, 'NULL');
INSERT INTO Jogo (idJogo, data, nomeEquipaVisitado, nomeEquipaVisitante, golosMarcadosVisitado, golosMarcadosVisitante, resultado, arbitro, numeroJornada, fasePlayOff) VALUES (181, '14/05', 'Viseu 2001/Palácio do Gelo', 'Leões Porto Salvo', 4, 5, 'Leões Porto Salvo', 218, 25, 'NULL');
INSERT INTO Jogo (idJogo, data, nomeEquipaVisitado, nomeEquipaVisitante, golosMarcadosVisitado, golosMarcadosVisitante, resultado, arbitro, numeroJornada, fasePlayOff) VALUES (182, '15/05', 'Torreense', 'Modicus Cartest', 3, 2, 'Torreense', 220, 25, 'NULL');
INSERT INTO Jogo (idJogo, data, nomeEquipaVisitado, nomeEquipaVisitante, golosMarcadosVisitado, golosMarcadosVisitante, resultado, arbitro, numeroJornada, fasePlayOff) VALUES (183, '27/05', 'FC Azeméis by Noxae', 'Sporting', 0, 3, 'Sporting', 215, 'NULL', 'QUARTOS-DE-FINAL');
INSERT INTO Jogo (idJogo, data, nomeEquipaVisitado, nomeEquipaVisitante, golosMarcadosVisitado, golosMarcadosVisitante, resultado, arbitro, numeroJornada, fasePlayOff) VALUES (184, '04/06', 'Sporting', 'FC Azeméis by Noxae', 1, 0, 'Sporting', 216, 'NULL', 'QUARTOS-DE-FINAL');
INSERT INTO Jogo (idJogo, data, nomeEquipaVisitado, nomeEquipaVisitante, golosMarcadosVisitado, golosMarcadosVisitante, resultado, arbitro, numeroJornada, fasePlayOff) VALUES (185, '26/05', 'Leões Porto Salvo', 'Benfica', 1, 3, 'Leões Porto Salvo', 217, 'NULL', 'QUARTOS-DE-FINAL');
INSERT INTO Jogo (idJogo, data, nomeEquipaVisitado, nomeEquipaVisitante, golosMarcadosVisitado, golosMarcadosVisitante, resultado, arbitro, numeroJornada, fasePlayOff) VALUES (186, '03/06', 'Benfica', 'Leões Porto Salvo', 3, 0, 'Benfica', 218, 'NULL', 'QUARTOS-DE-FINAL');
INSERT INTO Jogo (idJogo, data, nomeEquipaVisitado, nomeEquipaVisitante, golosMarcadosVisitado, golosMarcadosVisitante, resultado, arbitro, numeroJornada, fasePlayOff) VALUES (187, '25/05', 'SC Braga/AAUM', 'Eléctrico', 2, 1, 'SC Braga/AAUM', 219, 'NULL', 'QUARTOS-DE-FINAL');
INSERT INTO Jogo (idJogo, data, nomeEquipaVisitado, nomeEquipaVisitante, golosMarcadosVisitado, golosMarcadosVisitante, resultado, arbitro, numeroJornada, fasePlayOff) VALUES (188, '03/06', 'Eléctrico', 'SC Braga/AAUM', 4, 1, 'Eléctrico', 220, 'NULL', 'QUARTOS-DE-FINAL');
INSERT INTO Jogo (idJogo, data, nomeEquipaVisitado, nomeEquipaVisitante, golosMarcadosVisitado, golosMarcadosVisitante, resultado, arbitro, numeroJornada, fasePlayOff) VALUES (189, '05/06', 'Eléctrico', 'SC Braga/AAUM', 5, 4, 'Eléctrico', 221, 'NULL', 'QUARTOS-DE-FINAL');
INSERT INTO Jogo (idJogo, data, nomeEquipaVisitado, nomeEquipaVisitante, golosMarcadosVisitado, golosMarcadosVisitante, resultado, arbitro, numeroJornada, fasePlayOff) VALUES (190, '27/05', 'Quinta dos Lombos', 'AD Fundão/Hotel Alambique', 3, 1, 'Quinta dos Lombos', 221, 'NULL', 'QUARTOS-DE-FINAL');
INSERT INTO Jogo (idJogo, data, nomeEquipaVisitado, nomeEquipaVisitante, golosMarcadosVisitado, golosMarcadosVisitante, resultado, arbitro, numeroJornada, fasePlayOff) VALUES (191, '04/06', 'AD Fundão/Hotel Alambique', 'Quinta dos Lombos', 4, 2, 'AD Fundão/Hotel Alambique', 223, 'NULL', 'QUARTOS-DE-FINAL');
INSERT INTO Jogo (idJogo, data, nomeEquipaVisitado, nomeEquipaVisitante, golosMarcadosVisitado, golosMarcadosVisitante, resultado, arbitro, numeroJornada, fasePlayOff) VALUES (192, '06/06', 'AD Fundão/Hotel Alambique', 'Quinta dos Lombos', 2, 1, 'AD Fundão/Hotel Alambique', 224, 'NULL', 'QUARTOS-DE-FINAL');
INSERT INTO Jogo (idJogo, data, nomeEquipaVisitado, nomeEquipaVisitante, golosMarcadosVisitado, golosMarcadosVisitante, resultado, arbitro, numeroJornada, fasePlayOff) VALUES (193, '10/06', 'AD Fundão/Hotel Alambique', 'Sporting', 4, 6, 'AD Fundão/Hotel Alambique', 209, 'NULL', 'MEIAS-FINAIS');
INSERT INTO Jogo (idJogo, data, nomeEquipaVisitado, nomeEquipaVisitante, golosMarcadosVisitado, golosMarcadosVisitante, resultado, arbitro, numeroJornada, fasePlayOff) VALUES (194, '12/06', 'Sporting', 'AD Fundão/Hotel Alambique', 5, 2, 'Sporting', 210, 'NULL', 'MEIAS-FINAIS');
INSERT INTO Jogo (idJogo, data, nomeEquipaVisitado, nomeEquipaVisitante, golosMarcadosVisitado, golosMarcadosVisitante, resultado, arbitro, numeroJornada, fasePlayOff) VALUES (195, '10/06', 'Eléctrico', 'Benfica', 1, 2, 'Eléctrico', 211, 'NULL', 'MEIAS-FINAIS');
INSERT INTO Jogo (idJogo, data, nomeEquipaVisitado, nomeEquipaVisitante, golosMarcadosVisitado, golosMarcadosVisitante, resultado, arbitro, numeroJornada, fasePlayOff) VALUES (196, '12/06', 'Benfica', 'Eléctrico', 2, 1, 'Benfica', 212, 'NULL', 'MEIAS-FINAIS');
INSERT INTO Jogo (idJogo, data, nomeEquipaVisitado, nomeEquipaVisitante, golosMarcadosVisitado, golosMarcadosVisitante, resultado, arbitro, numeroJornada, fasePlayOff) VALUES (197, '18/06', 'Sporting', 'Benfica', 4, 5, 'Sporting', 213, 'NULL', 'FINAL');
INSERT INTO Jogo (idJogo, data, nomeEquipaVisitado, nomeEquipaVisitante, golosMarcadosVisitado, golosMarcadosVisitante, resultado, arbitro, numeroJornada, fasePlayOff) VALUES (198, '22/06', 'Benfica', 'Sporting', 4, 3, 'Benfica', 214, 'NULL', 'FINAL');
INSERT INTO Jogo (idJogo, data, nomeEquipaVisitado, nomeEquipaVisitante, golosMarcadosVisitado, golosMarcadosVisitante, resultado, arbitro, numeroJornada, fasePlayOff) VALUES (199, '25/06', 'Sporting', 'Benfica', 3, 4, 'FC Azeméis by Noxae', 215, 'NULL', 'FINAL');

-- Table: Jornada
DROP TABLE IF EXISTS Jornada;
CREATE TABLE Jornada (numero INTEGER PRIMARY KEY, dataInicio DATE DEFAULT (0), dataFim DATE DEFAULT (0));
INSERT INTO Jornada (numero, dataInicio, dataFim) VALUES (1, NULL, NULL);
INSERT INTO Jornada (numero, dataInicio, dataFim) VALUES (2, NULL, NULL);
INSERT INTO Jornada (numero, dataInicio, dataFim) VALUES (3, NULL, NULL);
INSERT INTO Jornada (numero, dataInicio, dataFim) VALUES (4, NULL, NULL);
INSERT INTO Jornada (numero, dataInicio, dataFim) VALUES (5, NULL, NULL);
INSERT INTO Jornada (numero, dataInicio, dataFim) VALUES (6, NULL, NULL);
INSERT INTO Jornada (numero, dataInicio, dataFim) VALUES (7, NULL, NULL);
INSERT INTO Jornada (numero, dataInicio, dataFim) VALUES (8, NULL, NULL);
INSERT INTO Jornada (numero, dataInicio, dataFim) VALUES (9, NULL, NULL);
INSERT INTO Jornada (numero, dataInicio, dataFim) VALUES (10, NULL, NULL);
INSERT INTO Jornada (numero, dataInicio, dataFim) VALUES (11, NULL, NULL);
INSERT INTO Jornada (numero, dataInicio, dataFim) VALUES (12, NULL, NULL);
INSERT INTO Jornada (numero, dataInicio, dataFim) VALUES (13, NULL, NULL);
INSERT INTO Jornada (numero, dataInicio, dataFim) VALUES (14, NULL, NULL);
INSERT INTO Jornada (numero, dataInicio, dataFim) VALUES (15, NULL, NULL);
INSERT INTO Jornada (numero, dataInicio, dataFim) VALUES (16, NULL, NULL);
INSERT INTO Jornada (numero, dataInicio, dataFim) VALUES (17, NULL, NULL);
INSERT INTO Jornada (numero, dataInicio, dataFim) VALUES (18, NULL, NULL);
INSERT INTO Jornada (numero, dataInicio, dataFim) VALUES (19, NULL, NULL);
INSERT INTO Jornada (numero, dataInicio, dataFim) VALUES (20, NULL, NULL);
INSERT INTO Jornada (numero, dataInicio, dataFim) VALUES (21, NULL, NULL);
INSERT INTO Jornada (numero, dataInicio, dataFim) VALUES (22, NULL, NULL);
INSERT INTO Jornada (numero, dataInicio, dataFim) VALUES (23, NULL, NULL);
INSERT INTO Jornada (numero, dataInicio, dataFim) VALUES (24, NULL, NULL);
INSERT INTO Jornada (numero, dataInicio, dataFim) VALUES (25, NULL, NULL);

-- Table: Pavilhao
DROP TABLE IF EXISTS Pavilhao;
CREATE TABLE Pavilhao (idEstadio INTEGER PRIMARY KEY, nome VARCHAR NOT NULL, cidade VARCHAR NOT NULL, equipa VARCHAR NOT NULL REFERENCES Equipa (nome), lotacao INTEGER);
INSERT INTO Pavilhao (idEstadio, nome, cidade, equipa, lotacao) VALUES (1, 'Pavilhao Joao Rocha', 'Lisboa', 'Sporting', 3000);
INSERT INTO Pavilhao (idEstadio, nome, cidade, equipa, lotacao) VALUES (2, 'Pavilhao Gimnodesportivo de Ponte de Sor', 'Ponte de Sor', 'Eléctrico', 720);
INSERT INTO Pavilhao (idEstadio, nome, cidade, equipa, lotacao) VALUES (3, 'Pavilhao Fidelidade', 'Lisboa', 'Benfica', 2400);
INSERT INTO Pavilhao (idEstadio, nome, cidade, equipa, lotacao) VALUES (4, 'Pavilhao dos Leoes de Porto Salvo', 'Oeiras', 'Leões Porto Salvo', 700);
INSERT INTO Pavilhao (idEstadio, nome, cidade, equipa, lotacao) VALUES (5, 'Pavilhao Desportivo dos Lombos', 'Lisboa', 'Quinta dos Lombos', 650);
INSERT INTO Pavilhao (idEstadio, nome, cidade, equipa, lotacao) VALUES (6, 'Pavilhao Desporivo Universitario de Gualtar', 'Braga', 'SC Braga/AAUM', 1000);
INSERT INTO Pavilhao (idEstadio, nome, cidade, equipa, lotacao) VALUES (7, 'Pavilhao Municipal do Fundao', 'Fundao', 'AD Fundão/Hotel Alambique', 1056);
INSERT INTO Pavilhao (idEstadio, nome, cidade, equipa, lotacao) VALUES (8, 'Pavilhao Desporivo da Boavista', 'Portimao', 'Portimonense', 480);
INSERT INTO Pavilhao (idEstadio, nome, cidade, equipa, lotacao) VALUES (9, 'Pavilhao Desportivo do CR Candoso', 'Guimaraes', 'CR Candoso/Natcal', 700);
INSERT INTO Pavilhao (idEstadio, nome, cidade, equipa, lotacao) VALUES (10, 'Pavilhao Municipal Prof.Antonio Costeira', 'Oliveira de  Azeméis', 'FC Azeméis by Noxae', 250);
INSERT INTO Pavilhao (idEstadio, nome, cidade, equipa, lotacao) VALUES (11, 'Pavilhão do Modicus', 'Gaia', 'Modicus Cartest', 700);
INSERT INTO Pavilhao (idEstadio, nome, cidade, equipa, lotacao) VALUES (12, 'Pavilhão Fisica de Torres Vedras', 'Torres Vedras', 'Torreense', 1000);
INSERT INTO Pavilhao (idEstadio, nome, cidade, equipa, lotacao) VALUES (13, 'Pavilhão do Nun´Álvares', 'Fafe', 'Nun´Álvares', 1500);
INSERT INTO Pavilhao (idEstadio, nome, cidade, equipa, lotacao) VALUES (14, 'Pavilhão Desportivo Cidade de Viseu', 'Viseu', 'Viseu 2001/Palácio do Gelo', 1200);

-- Table: Pessoa
DROP TABLE IF EXISTS Pessoa;
CREATE TABLE Pessoa (idPessoa INTEGER PRIMARY KEY, primeiroNome VARCHAR NOT NULL, segundoNome VARCHAR, idade INTEGER NOT NULL, nacionalidade VARCHAR NOT NULL);
INSERT INTO Pessoa (idPessoa, primeiroNome, segundoNome, idade, nacionalidade) VALUES (1, 'Nuno', 'Dias', 49, 'Portugal');
INSERT INTO Pessoa (idPessoa, primeiroNome, segundoNome, idade, nacionalidade) VALUES (2, 'João', 'Pinto', 53, 'Portugal');
INSERT INTO Pessoa (idPessoa, primeiroNome, segundoNome, idade, nacionalidade) VALUES (3, 'Paulo', 'Fernandes', 57, 'Portugal');
INSERT INTO Pessoa (idPessoa, primeiroNome, segundoNome, idade, nacionalidade) VALUES (4, 'José', 'Méndez', 48, 'Espanha');
INSERT INTO Pessoa (idPessoa, primeiroNome, segundoNome, idade, nacionalidade) VALUES (5, 'Mário', 'Silva', 41, 'Portugal');
INSERT INTO Pessoa (idPessoa, primeiroNome, segundoNome, idade, nacionalidade) VALUES (6, 'Jorge', 'Monteiro', 51, 'Portugal');
INSERT INTO Pessoa (idPessoa, primeiroNome, segundoNome, idade, nacionalidade) VALUES (7, 'Joel', 'Rocha', 41, 'Portugal');
INSERT INTO Pessoa (idPessoa, primeiroNome, segundoNome, idade, nacionalidade) VALUES (8, 'Ricardo', 'Ferreira', 44, 'Portugal');
INSERT INTO Pessoa (idPessoa, primeiroNome, segundoNome, idade, nacionalidade) VALUES (9, 'Nuno', 'Couto', 38, 'Portugal');
INSERT INTO Pessoa (idPessoa, primeiroNome, segundoNome, idade, nacionalidade) VALUES (10, 'Pedro', 'Moreira', 44, 'Portugal');
INSERT INTO Pessoa (idPessoa, primeiroNome, segundoNome, idade, nacionalidade) VALUES (11, 'Henrique', 'Passos', 60, 'Portugal');
INSERT INTO Pessoa (idPessoa, primeiroNome, segundoNome, idade, nacionalidade) VALUES (12, 'André', 'Martins', 40, 'Portugal');
INSERT INTO Pessoa (idPessoa, primeiroNome, segundoNome, idade, nacionalidade) VALUES (13, 'Gonçalo', 'Portugal', 30, 'Portugal');
INSERT INTO Pessoa (idPessoa, primeiroNome, segundoNome, idade, nacionalidade) VALUES (14, 'Guita', ' ', 35, 'Portugal');
INSERT INTO Pessoa (idPessoa, primeiroNome, segundoNome, idade, nacionalidade) VALUES (15, 'Bernardo', 'Paçó', 22, 'Portugal');
INSERT INTO Pessoa (idPessoa, primeiroNome, segundoNome, idade, nacionalidade) VALUES (16, 'Tomás', 'Paçó', 22, 'Portugal');
INSERT INTO Pessoa (idPessoa, primeiroNome, segundoNome, idade, nacionalidade) VALUES (17, 'Erick', 'Mendonça', 27, 'Portugal');
INSERT INTO Pessoa (idPessoa, primeiroNome, segundoNome, idade, nacionalidade) VALUES (18, 'João', 'Matos', 35, 'Portugal');
INSERT INTO Pessoa (idPessoa, primeiroNome, segundoNome, idade, nacionalidade) VALUES (19, 'Anton', 'Sokolov', 23, 'Russia');
INSERT INTO Pessoa (idPessoa, primeiroNome, segundoNome, idade, nacionalidade) VALUES (20, 'Diogo', 'Santos', 20, 'Portugal');
INSERT INTO Pessoa (idPessoa, primeiroNome, segundoNome, idade, nacionalidade) VALUES (21, 'Pauleta', ' ', 28, 'Portugal');
INSERT INTO Pessoa (idPessoa, primeiroNome, segundoNome, idade, nacionalidade) VALUES (22, 'Diego', 'Cavinato', 37, 'Itália');
INSERT INTO Pessoa (idPessoa, primeiroNome, segundoNome, idade, nacionalidade) VALUES (23, 'Pany', 'Varela', 33, 'Portugal');
INSERT INTO Pessoa (idPessoa, primeiroNome, segundoNome, idade, nacionalidade) VALUES (24, 'Miguel', 'Ângelo', 28, 'Portugal');
INSERT INTO Pessoa (idPessoa, primeiroNome, segundoNome, idade, nacionalidade) VALUES (25, 'Alex', 'Merlim', 36, 'Itália');
INSERT INTO Pessoa (idPessoa, primeiroNome, segundoNome, idade, nacionalidade) VALUES (26, 'Zicky', 'Té', 21, 'Portugal');
INSERT INTO Pessoa (idPessoa, primeiroNome, segundoNome, idade, nacionalidade) VALUES (27, 'Hugo', 'Neves', 22, 'Portugal');
INSERT INTO Pessoa (idPessoa, primeiroNome, segundoNome, idade, nacionalidade) VALUES (28, 'Esteban', 'Guerrero', 27, 'Espanha');
INSERT INTO Pessoa (idPessoa, primeiroNome, segundoNome, idade, nacionalidade) VALUES (29, 'João', 'Silva', 30, 'Portugal');
INSERT INTO Pessoa (idPessoa, primeiroNome, segundoNome, idade, nacionalidade) VALUES (30, 'Diogo', 'Basílio', 26, 'Portugal');
INSERT INTO Pessoa (idPessoa, primeiroNome, segundoNome, idade, nacionalidade) VALUES (31, 'Ferrugem', ' ', 34, 'Brasil');
INSERT INTO Pessoa (idPessoa, primeiroNome, segundoNome, idade, nacionalidade) VALUES (32, 'Peixinho', ' ', 21, 'Portugal');
INSERT INTO Pessoa (idPessoa, primeiroNome, segundoNome, idade, nacionalidade) VALUES (33, 'Diogo', 'Soares', 20, 'Portugal');
INSERT INTO Pessoa (idPessoa, primeiroNome, segundoNome, idade, nacionalidade) VALUES (34, 'Ygor', 'Mota', 26, 'Brasil');
INSERT INTO Pessoa (idPessoa, primeiroNome, segundoNome, idade, nacionalidade) VALUES (35, 'Rúben', 'Freire', 24, 'Portugal');
INSERT INTO Pessoa (idPessoa, primeiroNome, segundoNome, idade, nacionalidade) VALUES (36, 'Telmo', 'Lourenço', 19, 'Portugal');
INSERT INTO Pessoa (idPessoa, primeiroNome, segundoNome, idade, nacionalidade) VALUES (37, 'André', 'Cardoso', 23, 'Portugal');
INSERT INTO Pessoa (idPessoa, primeiroNome, segundoNome, idade, nacionalidade) VALUES (38, 'Célio', 'Coque', 22, 'Portugal');
INSERT INTO Pessoa (idPessoa, primeiroNome, segundoNome, idade, nacionalidade) VALUES (39, 'Daniel', 'Airoso', 23, 'Brasil');
INSERT INTO Pessoa (idPessoa, primeiroNome, segundoNome, idade, nacionalidade) VALUES (40, 'Thiago', 'Cruz', 27, 'Portugal');
INSERT INTO Pessoa (idPessoa, primeiroNome, segundoNome, idade, nacionalidade) VALUES (41, 'John', 'Lennon', 28, 'Brasil');
INSERT INTO Pessoa (idPessoa, primeiroNome, segundoNome, idade, nacionalidade) VALUES (42, 'Simi', 'Saiotti', 35, 'Geórgia');
INSERT INTO Pessoa (idPessoa, primeiroNome, segundoNome, idade, nacionalidade) VALUES (43, 'Jorge', 'Mata', 20, 'Portugal');
INSERT INTO Pessoa (idPessoa, primeiroNome, segundoNome, idade, nacionalidade) VALUES (44, 'Nilton', ' ', 24, 'São Tomé e Príncipe');
INSERT INTO Pessoa (idPessoa, primeiroNome, segundoNome, idade, nacionalidade) VALUES (45, 'Guilherme', 'Oliveira', 22, 'Brasil');
INSERT INTO Pessoa (idPessoa, primeiroNome, segundoNome, idade, nacionalidade) VALUES (46, 'Alexis', 'Silva', 31, 'Portugal');
INSERT INTO Pessoa (idPessoa, primeiroNome, segundoNome, idade, nacionalidade) VALUES (47, 'Nicolas', 'Tomé', 27, 'Brasil');
INSERT INTO Pessoa (idPessoa, primeiroNome, segundoNome, idade, nacionalidade) VALUES (48, 'Buzuzu', ' ', 26, 'Portugal');
INSERT INTO Pessoa (idPessoa, primeiroNome, segundoNome, idade, nacionalidade) VALUES (49, 'Diogo', 'Simões', 27, 'Portugal');
INSERT INTO Pessoa (idPessoa, primeiroNome, segundoNome, idade, nacionalidade) VALUES (50, 'Tiago', 'Pereira', 23, 'Portugal');
INSERT INTO Pessoa (idPessoa, primeiroNome, segundoNome, idade, nacionalidade) VALUES (51, 'Rui', 'Fortes', 28, 'Cabo Verde');
INSERT INTO Pessoa (idPessoa, primeiroNome, segundoNome, idade, nacionalidade) VALUES (52, 'Costelinha', ' ', 28, 'Brasil');
INSERT INTO Pessoa (idPessoa, primeiroNome, segundoNome, idade, nacionalidade) VALUES (53, 'João', 'Baptista', 30, 'Portugal');
INSERT INTO Pessoa (idPessoa, primeiroNome, segundoNome, idade, nacionalidade) VALUES (54, 'David', 'Costa', 24, 'Portugal');
INSERT INTO Pessoa (idPessoa, primeiroNome, segundoNome, idade, nacionalidade) VALUES (55, 'Fábio', 'Mota', 25, 'Portugal');
INSERT INTO Pessoa (idPessoa, primeiroNome, segundoNome, idade, nacionalidade) VALUES (56, 'Romário', ' ', 33, 'Brasil');
INSERT INTO Pessoa (idPessoa, primeiroNome, segundoNome, idade, nacionalidade) VALUES (57, 'Xisto', ' ', 30, 'Brasil');
INSERT INTO Pessoa (idPessoa, primeiroNome, segundoNome, idade, nacionalidade) VALUES (58, 'Martim', 'Figueira', 22, 'Portugal');
INSERT INTO Pessoa (idPessoa, primeiroNome, segundoNome, idade, nacionalidade) VALUES (59, 'André', 'Sousa', 36, 'Portugal');
INSERT INTO Pessoa (idPessoa, primeiroNome, segundoNome, idade, nacionalidade) VALUES (60, 'Léo', 'Gugiel', 26, 'Brasil');
INSERT INTO Pessoa (idPessoa, primeiroNome, segundoNome, idade, nacionalidade) VALUES (61, 'Rômulo', ' ', 26, 'Russia');
INSERT INTO Pessoa (idPessoa, primeiroNome, segundoNome, idade, nacionalidade) VALUES (62, 'Afonso', 'Jesus', 24, 'Portugal');
INSERT INTO Pessoa (idPessoa, primeiroNome, segundoNome, idade, nacionalidade) VALUES (63, 'Gonçalo', 'Sobral', 26, 'Portugal');
INSERT INTO Pessoa (idPessoa, primeiroNome, segundoNome, idade, nacionalidade) VALUES (64, 'Nilson', 'Miguel', 30, 'Portugal');
INSERT INTO Pessoa (idPessoa, primeiroNome, segundoNome, idade, nacionalidade) VALUES (65, 'Silvestre', 'Ferreira', 23, 'Portugal');
INSERT INTO Pessoa (idPessoa, primeiroNome, segundoNome, idade, nacionalidade) VALUES (66, 'Bruno', 'Coelho', 35, 'Portugal');
INSERT INTO Pessoa (idPessoa, primeiroNome, segundoNome, idade, nacionalidade) VALUES (67, 'Arthur', ' ', 28, 'Brasil');
INSERT INTO Pessoa (idPessoa, primeiroNome, segundoNome, idade, nacionalidade) VALUES (68, 'Ivan', 'Chishkala', 27, 'Russia');
INSERT INTO Pessoa (idPessoa, primeiroNome, segundoNome, idade, nacionalidade) VALUES (69, 'Bruno', 'Cintra', 29, 'Brasil');
INSERT INTO Pessoa (idPessoa, primeiroNome, segundoNome, idade, nacionalidade) VALUES (70, 'Carlos', 'Monteiro', 20, 'Portugal');
INSERT INTO Pessoa (idPessoa, primeiroNome, segundoNome, idade, nacionalidade) VALUES (71, 'Diego', 'Nunes', 28, 'Brasil');
INSERT INTO Pessoa (idPessoa, primeiroNome, segundoNome, idade, nacionalidade) VALUES (72, 'Lúcio', 'Rocha', 18, 'Portugal');
INSERT INTO Pessoa (idPessoa, primeiroNome, segundoNome, idade, nacionalidade) VALUES (73, 'Tomás', 'Colaço', 18, 'Portugal');
INSERT INTO Pessoa (idPessoa, primeiroNome, segundoNome, idade, nacionalidade) VALUES (74, 'Higor', 'de Souza', 24, 'Brasil');
INSERT INTO Pessoa (idPessoa, primeiroNome, segundoNome, idade, nacionalidade) VALUES (75, 'Rocha', ' ', 27, 'Brasil');
INSERT INTO Pessoa (idPessoa, primeiroNome, segundoNome, idade, nacionalidade) VALUES (76, 'Jacaré', ' ', 23, 'Brasil');
INSERT INTO Pessoa (idPessoa, primeiroNome, segundoNome, idade, nacionalidade) VALUES (77, 'André', 'Correia', 24, 'Portugal');
INSERT INTO Pessoa (idPessoa, primeiroNome, segundoNome, idade, nacionalidade) VALUES (78, 'Pedro', 'Martinho', 21, 'Portugal');
INSERT INTO Pessoa (idPessoa, primeiroNome, segundoNome, idade, nacionalidade) VALUES (79, 'Tiago', 'Ferreira', 18, 'Portugal');
INSERT INTO Pessoa (idPessoa, primeiroNome, segundoNome, idade, nacionalidade) VALUES (80, 'Djaelson', ' ', 30, 'Brasil');
INSERT INTO Pessoa (idPessoa, primeiroNome, segundoNome, idade, nacionalidade) VALUES (81, 'Pedro', 'Cary', 38, 'Portugal');
INSERT INTO Pessoa (idPessoa, primeiroNome, segundoNome, idade, nacionalidade) VALUES (82, 'Wesley', 'Reinaldo', 22, 'Brasil');
INSERT INTO Pessoa (idPessoa, primeiroNome, segundoNome, idade, nacionalidade) VALUES (83, 'Rodrigo', 'Hiroshi', 30, 'Brasil');
INSERT INTO Pessoa (idPessoa, primeiroNome, segundoNome, idade, nacionalidade) VALUES (84, 'Mamadú', 'Ture', 24, 'Portugal');
INSERT INTO Pessoa (idPessoa, primeiroNome, segundoNome, idade, nacionalidade) VALUES (85, 'Ruan', 'Silvestre', 26, 'Brasil');
INSERT INTO Pessoa (idPessoa, primeiroNome, segundoNome, idade, nacionalidade) VALUES (86, 'Bruno', 'Pinto', 29, 'Portugal');
INSERT INTO Pessoa (idPessoa, primeiroNome, segundoNome, idade, nacionalidade) VALUES (87, 'Ré', ' ', 37, 'Portugal');
INSERT INTO Pessoa (idPessoa, primeiroNome, segundoNome, idade, nacionalidade) VALUES (88, 'Wendell', ' ', 27, 'Brasil');
INSERT INTO Pessoa (idPessoa, primeiroNome, segundoNome, idade, nacionalidade) VALUES (89, 'Rúben', 'Basílio', 17, 'Portugal');
INSERT INTO Pessoa (idPessoa, primeiroNome, segundoNome, idade, nacionalidade) VALUES (90, 'Francisco', 'Oliveira', 21, 'Portugal');
INSERT INTO Pessoa (idPessoa, primeiroNome, segundoNome, idade, nacionalidade) VALUES (91, 'Rúben', 'Carrilho', 17, 'Portugal');
INSERT INTO Pessoa (idPessoa, primeiroNome, segundoNome, idade, nacionalidade) VALUES (92, 'Andŕe', 'Galvão', 30, 'Portugal');
INSERT INTO Pessoa (idPessoa, primeiroNome, segundoNome, idade, nacionalidade) VALUES (93, 'Tiago', 'Tavares', 19, 'Portugal');
INSERT INTO Pessoa (idPessoa, primeiroNome, segundoNome, idade, nacionalidade) VALUES (94, 'Tiago', 'Pinto', 21, 'Portugal');
INSERT INTO Pessoa (idPessoa, primeiroNome, segundoNome, idade, nacionalidade) VALUES (95, 'Schutt', ' ', 24, 'Brasil');
INSERT INTO Pessoa (idPessoa, primeiroNome, segundoNome, idade, nacionalidade) VALUES (96, 'Gonçalo', 'Moreira', 18, 'Portugal');
INSERT INTO Pessoa (idPessoa, primeiroNome, segundoNome, idade, nacionalidade) VALUES (97, 'Rafael', 'Silva', 6, 'Portugal');
INSERT INTO Pessoa (idPessoa, primeiroNome, segundoNome, idade, nacionalidade) VALUES (98, 'Eddy', ' ', 33, 'Cabo Verde');
INSERT INTO Pessoa (idPessoa, primeiroNome, segundoNome, idade, nacionalidade) VALUES (99, 'Murilo', 'Duarte', 29, 'Brasil');
INSERT INTO Pessoa (idPessoa, primeiroNome, segundoNome, idade, nacionalidade) VALUES (100, 'Telmo', 'Sousa', 22, 'Portugal');
INSERT INTO Pessoa (idPessoa, primeiroNome, segundoNome, idade, nacionalidade) VALUES (101, 'Paulo', 'Babau', 22, 'Portugal');
INSERT INTO Pessoa (idPessoa, primeiroNome, segundoNome, idade, nacionalidade) VALUES (102, 'Tomás', 'Réis', 22, 'Portugal');
INSERT INTO Pessoa (idPessoa, primeiroNome, segundoNome, idade, nacionalidade) VALUES (103, 'Rodriguinho', ' ', 35, 'Quatar');
INSERT INTO Pessoa (idPessoa, primeiroNome, segundoNome, idade, nacionalidade) VALUES (104, 'Kaká', ' ', 27, 'Brasil');
INSERT INTO Pessoa (idPessoa, primeiroNome, segundoNome, idade, nacionalidade) VALUES (105, 'Tiago', 'Fernandes', 24, 'Portugal');
INSERT INTO Pessoa (idPessoa, primeiroNome, segundoNome, idade, nacionalidade) VALUES (106, 'Henrique', 'Vicente', 24, 'Portugal');
INSERT INTO Pessoa (idPessoa, primeiroNome, segundoNome, idade, nacionalidade) VALUES (107, 'Willian', 'Carioca', 32, 'Brasil');
INSERT INTO Pessoa (idPessoa, primeiroNome, segundoNome, idade, nacionalidade) VALUES (108, 'Milton', 'Dias', 22, 'Portugal');
INSERT INTO Pessoa (idPessoa, primeiroNome, segundoNome, idade, nacionalidade) VALUES (109, 'Miguel', 'Conceição', 19, 'Portugal');
INSERT INTO Pessoa (idPessoa, primeiroNome, segundoNome, idade, nacionalidade) VALUES (110, 'Pedro', 'Nunes', 19, 'Portugal');
INSERT INTO Pessoa (idPessoa, primeiroNome, segundoNome, idade, nacionalidade) VALUES (111, 'Leandro', 'COsta', 23, 'Portugal');
INSERT INTO Pessoa (idPessoa, primeiroNome, segundoNome, idade, nacionalidade) VALUES (112, 'Deivd', ' ', 33, 'Brasil');
INSERT INTO Pessoa (idPessoa, primeiroNome, segundoNome, idade, nacionalidade) VALUES (113, 'Tiago', 'Sousa', 25, 'Portugal');
INSERT INTO Pessoa (idPessoa, primeiroNome, segundoNome, idade, nacionalidade) VALUES (114, 'Ricardo', 'Lopes', 21, 'Portugal');
INSERT INTO Pessoa (idPessoa, primeiroNome, segundoNome, idade, nacionalidade) VALUES (115, 'Fábio', 'Coelho', 29, 'Universal');
INSERT INTO Pessoa (idPessoa, primeiroNome, segundoNome, idade, nacionalidade) VALUES (116, 'Tiago', 'Brito', 31, 'Portugal');
INSERT INTO Pessoa (idPessoa, primeiroNome, segundoNome, idade, nacionalidade) VALUES (117, 'Rudi', ' ', 27, 'Brasil');
INSERT INTO Pessoa (idPessoa, primeiroNome, segundoNome, idade, nacionalidade) VALUES (118, 'Robinho', ' ', 39, 'Russia');
INSERT INTO Pessoa (idPessoa, primeiroNome, segundoNome, idade, nacionalidade) VALUES (119, 'Tiago', 'Correia', 23, 'Portugal');
INSERT INTO Pessoa (idPessoa, primeiroNome, segundoNome, idade, nacionalidade) VALUES (120, 'Rúben', 'Santos', 28, 'Portugal');
INSERT INTO Pessoa (idPessoa, primeiroNome, segundoNome, idade, nacionalidade) VALUES (121, 'Samuel', 'Marques', 21, 'Portugal');
INSERT INTO Pessoa (idPessoa, primeiroNome, segundoNome, idade, nacionalidade) VALUES (122, 'Bruno', 'Soares', 18, 'Portugal');
INSERT INTO Pessoa (idPessoa, primeiroNome, segundoNome, idade, nacionalidade) VALUES (123, 'Júnior', ' ', 24, 'Portugal');
INSERT INTO Pessoa (idPessoa, primeiroNome, segundoNome, idade, nacionalidade) VALUES (124, 'Allan', 'Guilherme', 23, 'Brasil');
INSERT INTO Pessoa (idPessoa, primeiroNome, segundoNome, idade, nacionalidade) VALUES (125, 'Rodrigo', 'Rego', 19, 'Portugal');
INSERT INTO Pessoa (idPessoa, primeiroNome, segundoNome, idade, nacionalidade) VALUES (126, 'Jean', 'Gaúcho', 27, 'Brasil');
INSERT INTO Pessoa (idPessoa, primeiroNome, segundoNome, idade, nacionalidade) VALUES (127, 'Thiago', 'Soares', 32, 'Brasil');
INSERT INTO Pessoa (idPessoa, primeiroNome, segundoNome, idade, nacionalidade) VALUES (128, 'Marcelo', 'Ferreira', 21, 'Portugal');
INSERT INTO Pessoa (idPessoa, primeiroNome, segundoNome, idade, nacionalidade) VALUES (129, 'Daniel', 'Ramos', 34, 'Guiné-Bissau');
INSERT INTO Pessoa (idPessoa, primeiroNome, segundoNome, idade, nacionalidade) VALUES (130, 'Pelé', '', 33, 'Brasil');
INSERT INTO Pessoa (idPessoa, primeiroNome, segundoNome, idade, nacionalidade) VALUES (131, 'Júlio', 'César', 22, 'Portugal');
INSERT INTO Pessoa (idPessoa, primeiroNome, segundoNome, idade, nacionalidade) VALUES (132, 'Ciro', 'Pereira', 32, 'Brasil');
INSERT INTO Pessoa (idPessoa, primeiroNome, segundoNome, idade, nacionalidade) VALUES (133, 'Douglas', 'Moraes', 27, 'Brasil');
INSERT INTO Pessoa (idPessoa, primeiroNome, segundoNome, idade, nacionalidade) VALUES (134, 'Muskito', '', 30, 'Brasil');
INSERT INTO Pessoa (idPessoa, primeiroNome, segundoNome, idade, nacionalidade) VALUES (135, 'Fábio', 'Nunes', 19, 'Portugal');
INSERT INTO Pessoa (idPessoa, primeiroNome, segundoNome, idade, nacionalidade) VALUES (136, 'Mamadú', 'Ture', 23, 'São Tomé e Princípe');
INSERT INTO Pessoa (idPessoa, primeiroNome, segundoNome, idade, nacionalidade) VALUES (137, 'Rafael', 'Marques', 22, 'Portugal');
INSERT INTO Pessoa (idPessoa, primeiroNome, segundoNome, idade, nacionalidade) VALUES (138, 'Dudu', '', 29, 'Brasil');
INSERT INTO Pessoa (idPessoa, primeiroNome, segundoNome, idade, nacionalidade) VALUES (139, 'Digão', '', 32, 'Brasil');
INSERT INTO Pessoa (idPessoa, primeiroNome, segundoNome, idade, nacionalidade) VALUES (140, 'Amândio', 'Ferreira', 20, 'Portugal');
INSERT INTO Pessoa (idPessoa, primeiroNome, segundoNome, idade, nacionalidade) VALUES (141, 'Kiko', '', 28, 'Brasil');
INSERT INTO Pessoa (idPessoa, primeiroNome, segundoNome, idade, nacionalidade) VALUES (142, 'Rafa', 'Stocker', 24, 'Brasil');
INSERT INTO Pessoa (idPessoa, primeiroNome, segundoNome, idade, nacionalidade) VALUES (143, 'Alexandre', 'Lopes', 21, 'Portugal');
INSERT INTO Pessoa (idPessoa, primeiroNome, segundoNome, idade, nacionalidade) VALUES (144, 'Juan', 'Pinheiro', 22, 'Brasil');
INSERT INTO Pessoa (idPessoa, primeiroNome, segundoNome, idade, nacionalidade) VALUES (145, 'Alexandre', 'Rodrigues', 18, 'Portugal');
INSERT INTO Pessoa (idPessoa, primeiroNome, segundoNome, idade, nacionalidade) VALUES (146, 'Deividi', 'Bassani', 32, 'Brasil');
INSERT INTO Pessoa (idPessoa, primeiroNome, segundoNome, idade, nacionalidade) VALUES (147, 'Uesler', 'Schäfer', 29, 'Brasil');
INSERT INTO Pessoa (idPessoa, primeiroNome, segundoNome, idade, nacionalidade) VALUES (148, 'Thalles', 'Flauzino', 23, 'Brasil');
INSERT INTO Pessoa (idPessoa, primeiroNome, segundoNome, idade, nacionalidade) VALUES (149, 'Zezinho', 'Domingos', 19, 'Portugal');
INSERT INTO Pessoa (idPessoa, primeiroNome, segundoNome, idade, nacionalidade) VALUES (150, 'Rui', 'Moreira', 21, 'Portugal');
INSERT INTO Pessoa (idPessoa, primeiroNome, segundoNome, idade, nacionalidade) VALUES (151, 'Rafael', 'Freire', 19, 'Portugal');
INSERT INTO Pessoa (idPessoa, primeiroNome, segundoNome, idade, nacionalidade) VALUES (152, 'Edmilson', 'Kutchy', 20, 'Portugal');
INSERT INTO Pessoa (idPessoa, primeiroNome, segundoNome, idade, nacionalidade) VALUES (153, 'Bebé', 'Cunha', 24, 'Portugal');
INSERT INTO Pessoa (idPessoa, primeiroNome, segundoNome, idade, nacionalidade) VALUES (154, 'Mário', 'Freitas', 32, 'Portugal');
INSERT INTO Pessoa (idPessoa, primeiroNome, segundoNome, idade, nacionalidade) VALUES (155, 'Rafael', 'Semedo', 20, 'Portugal');
INSERT INTO Pessoa (idPessoa, primeiroNome, segundoNome, idade, nacionalidade) VALUES (156, 'Israel', 'Neto', 23, 'Brasil');
INSERT INTO Pessoa (idPessoa, primeiroNome, segundoNome, idade, nacionalidade) VALUES (157, 'Iury', 'Bahia', 24, 'Portugal');
INSERT INTO Pessoa (idPessoa, primeiroNome, segundoNome, idade, nacionalidade) VALUES (158, 'Bruno', 'Marques', 26, 'Portugal');
INSERT INTO Pessoa (idPessoa, primeiroNome, segundoNome, idade, nacionalidade) VALUES (159, 'Pedro', 'Bifana', 18, 'Portugal');
INSERT INTO Pessoa (idPessoa, primeiroNome, segundoNome, idade, nacionalidade) VALUES (160, 'Alê', 'Falcone', 32, 'Brasil');
INSERT INTO Pessoa (idPessoa, primeiroNome, segundoNome, idade, nacionalidade) VALUES (161, 'Coelho', 'Marins', 34, 'Portugal');
INSERT INTO Pessoa (idPessoa, primeiroNome, segundoNome, idade, nacionalidade) VALUES (162, 'Paulinho', 'Rocha', 32, 'Portugal');
INSERT INTO Pessoa (idPessoa, primeiroNome, segundoNome, idade, nacionalidade) VALUES (163, 'Renan', 'Fuzo', 34, 'Brasil');
INSERT INTO Pessoa (idPessoa, primeiroNome, segundoNome, idade, nacionalidade) VALUES (164, 'Davide', 'Almeida', 24, 'Portugal');
INSERT INTO Pessoa (idPessoa, primeiroNome, segundoNome, idade, nacionalidade) VALUES (165, 'Ruben', 'Santos', 18, 'Portugal');
INSERT INTO Pessoa (idPessoa, primeiroNome, segundoNome, idade, nacionalidade) VALUES (166, 'Alexandre', 'Velhinho', 23, 'Portugal');
INSERT INTO Pessoa (idPessoa, primeiroNome, segundoNome, idade, nacionalidade) VALUES (167, 'Sérgio', 'Ribeiro', 20, 'Portugal');
INSERT INTO Pessoa (idPessoa, primeiroNome, segundoNome, idade, nacionalidade) VALUES (168, 'Alan', 'Gitahy', 26, 'Brasil');
INSERT INTO Pessoa (idPessoa, primeiroNome, segundoNome, idade, nacionalidade) VALUES (169, 'Fábio', 'Semedo', 25, 'Portugal');
INSERT INTO Pessoa (idPessoa, primeiroNome, segundoNome, idade, nacionalidade) VALUES (170, 'André', 'Sasse', 25, 'Brasil');
INSERT INTO Pessoa (idPessoa, primeiroNome, segundoNome, idade, nacionalidade) VALUES (171, 'Alesandro', 'Almeida', 26, 'Portugal');
INSERT INTO Pessoa (idPessoa, primeiroNome, segundoNome, idade, nacionalidade) VALUES (172, 'Rafa', 'Stocker', 25, 'Brasil');
INSERT INTO Pessoa (idPessoa, primeiroNome, segundoNome, idade, nacionalidade) VALUES (173, 'Ludgero', 'Lopes', 25, 'Portugal');
INSERT INTO Pessoa (idPessoa, primeiroNome, segundoNome, idade, nacionalidade) VALUES (174, 'Sandro', 'Barradas', 43, 'Portugal');
INSERT INTO Pessoa (idPessoa, primeiroNome, segundoNome, idade, nacionalidade) VALUES (175, 'João', 'Freitas', 21, 'Portugal');
INSERT INTO Pessoa (idPessoa, primeiroNome, segundoNome, idade, nacionalidade) VALUES (176, 'Luciano', 'Silva', 44, 'Portugal');
INSERT INTO Pessoa (idPessoa, primeiroNome, segundoNome, idade, nacionalidade) VALUES (177, 'Henrique', 'Antunes', 30, 'Portugal');
INSERT INTO Pessoa (idPessoa, primeiroNome, segundoNome, idade, nacionalidade) VALUES (178, 'Vítor', 'Hugo', 34, 'Brasil');
INSERT INTO Pessoa (idPessoa, primeiroNome, segundoNome, idade, nacionalidade) VALUES (179, 'Diogo', 'Teixeira', 20, 'Portugal');
INSERT INTO Pessoa (idPessoa, primeiroNome, segundoNome, idade, nacionalidade) VALUES (180, 'Pedro', 'Filipe', 21, 'Portugal');
INSERT INTO Pessoa (idPessoa, primeiroNome, segundoNome, idade, nacionalidade) VALUES (181, 'Óscar', 'Santos', 29, 'Portugal');
INSERT INTO Pessoa (idPessoa, primeiroNome, segundoNome, idade, nacionalidade) VALUES (182, 'Luís', 'Peixoto', 20, 'Portugal');
INSERT INTO Pessoa (idPessoa, primeiroNome, segundoNome, idade, nacionalidade) VALUES (183, 'Rui', 'Oliveira', 17, 'Portugal');
INSERT INTO Pessoa (idPessoa, primeiroNome, segundoNome, idade, nacionalidade) VALUES (184, 'João', 'Lopes', 28, 'Portugal');
INSERT INTO Pessoa (idPessoa, primeiroNome, segundoNome, idade, nacionalidade) VALUES (185, 'Márcio', 'Moreira', 32, 'Portugal');
INSERT INTO Pessoa (idPessoa, primeiroNome, segundoNome, idade, nacionalidade) VALUES (186, 'Hélder', 'Cristiano', 34, 'Portugal');
INSERT INTO Pessoa (idPessoa, primeiroNome, segundoNome, idade, nacionalidade) VALUES (187, 'César', 'Abreu', 32, 'Portugal');
INSERT INTO Pessoa (idPessoa, primeiroNome, segundoNome, idade, nacionalidade) VALUES (188, 'Rui', 'Pereira', 19, 'Portugal');
INSERT INTO Pessoa (idPessoa, primeiroNome, segundoNome, idade, nacionalidade) VALUES (189, 'João', 'Rodrigues', 20, 'Portugal');
INSERT INTO Pessoa (idPessoa, primeiroNome, segundoNome, idade, nacionalidade) VALUES (190, 'Amílcar', 'Gomes', 36, 'Portugal');
INSERT INTO Pessoa (idPessoa, primeiroNome, segundoNome, idade, nacionalidade) VALUES (191, 'Vini', 'Flores', 37, 'Brasil');
INSERT INTO Pessoa (idPessoa, primeiroNome, segundoNome, idade, nacionalidade) VALUES (192, 'João', 'Vigário', 32, 'Portugal');
INSERT INTO Pessoa (idPessoa, primeiroNome, segundoNome, idade, nacionalidade) VALUES (193, 'Rafael', 'Santos', 21, 'Brasil');
INSERT INTO Pessoa (idPessoa, primeiroNome, segundoNome, idade, nacionalidade) VALUES (194, 'Rufus', 'Costa', 22, 'Portugal');
INSERT INTO Pessoa (idPessoa, primeiroNome, segundoNome, idade, nacionalidade) VALUES (195, 'Rodrigo', 'Almeida', 17, 'Portugal');
INSERT INTO Pessoa (idPessoa, primeiroNome, segundoNome, idade, nacionalidade) VALUES (196, 'Leandro', 'Rodrigues', 20, 'Portugal');
INSERT INTO Pessoa (idPessoa, primeiroNome, segundoNome, idade, nacionalidade) VALUES (197, 'João', 'Morais', 21, 'Portugal');
INSERT INTO Pessoa (idPessoa, primeiroNome, segundoNome, idade, nacionalidade) VALUES (198, 'Hugo', 'Silva', 36, 'Portugal');
INSERT INTO Pessoa (idPessoa, primeiroNome, segundoNome, idade, nacionalidade) VALUES (199, 'Fábio', 'Pires', 18, 'Portugal');
INSERT INTO Pessoa (idPessoa, primeiroNome, segundoNome, idade, nacionalidade) VALUES (200, 'Leandro', 'Ribeiro', 16, 'Portugal');
INSERT INTO Pessoa (idPessoa, primeiroNome, segundoNome, idade, nacionalidade) VALUES (201, 'João', 'Couto', 23, 'Portugal');
INSERT INTO Pessoa (idPessoa, primeiroNome, segundoNome, idade, nacionalidade) VALUES (202, 'Agustín', 'Pais', 22, 'Argentina');
INSERT INTO Pessoa (idPessoa, primeiroNome, segundoNome, idade, nacionalidade) VALUES (203, 'Nuno', 'Fernandes', 18, 'Portugal');
INSERT INTO Pessoa (idPessoa, primeiroNome, segundoNome, idade, nacionalidade) VALUES (204, 'Miguel', 'Leal', 24, 'Portugal');
INSERT INTO Pessoa (idPessoa, primeiroNome, segundoNome, idade, nacionalidade) VALUES (205, 'Ariel', 'Pais', 22, 'Argentina');
INSERT INTO Pessoa (idPessoa, primeiroNome, segundoNome, idade, nacionalidade) VALUES (206, 'Miguel', 'Costa', 19, 'Portugal');
INSERT INTO Pessoa (idPessoa, primeiroNome, segundoNome, idade, nacionalidade) VALUES (207, 'Ricardo', 'Costa', 20, 'Portugal');
INSERT INTO Pessoa (idPessoa, primeiroNome, segundoNome, idade, nacionalidade) VALUES (208, 'Sílvio', 'Moreira', 26, 'Portugal');
INSERT INTO Pessoa (idPessoa, primeiroNome, segundoNome, idade, nacionalidade) VALUES (209, 'Alexandre', 'Costa', 34, 'Portugal');
INSERT INTO Pessoa (idPessoa, primeiroNome, segundoNome, idade, nacionalidade) VALUES (210, 'Andre', 'Franco', 36, 'Portugal');
INSERT INTO Pessoa (idPessoa, primeiroNome, segundoNome, idade, nacionalidade) VALUES (211, 'Bruno', 'Araújo', 29, 'Portugal');
INSERT INTO Pessoa (idPessoa, primeiroNome, segundoNome, idade, nacionalidade) VALUES (212, 'Cristiano', 'Santos', 35, 'Portugal');
INSERT INTO Pessoa (idPessoa, primeiroNome, segundoNome, idade, nacionalidade) VALUES (213, 'David', 'Martins', 36, 'Portugal');
INSERT INTO Pessoa (idPessoa, primeiroNome, segundoNome, idade, nacionalidade) VALUES (214, 'Eduardo', 'Coelho', 33, 'Portugal');
INSERT INTO Pessoa (idPessoa, primeiroNome, segundoNome, idade, nacionalidade) VALUES (215, 'Filipe', 'Duarte', 36, 'Portugal');
INSERT INTO Pessoa (idPessoa, primeiroNome, segundoNome, idade, nacionalidade) VALUES (216, 'João', 'Sinval', 32, 'Portugal');
INSERT INTO Pessoa (idPessoa, primeiroNome, segundoNome, idade, nacionalidade) VALUES (217, 'José', 'Gomes', 37, 'Portugal');
INSERT INTO Pessoa (idPessoa, primeiroNome, segundoNome, idade, nacionalidade) VALUES (218, 'José', 'Moreira', 34, 'Portugal');
INSERT INTO Pessoa (idPessoa, primeiroNome, segundoNome, idade, nacionalidade) VALUES (219, 'Mauricio', 'Couto', 39, 'Portugal');
INSERT INTO Pessoa (idPessoa, primeiroNome, segundoNome, idade, nacionalidade) VALUES (220, 'Pedro', 'Costa', 35, 'Portugal');
INSERT INTO Pessoa (idPessoa, primeiroNome, segundoNome, idade, nacionalidade) VALUES (221, 'Ricardo', 'Fernandes', 29, 'Portugal');
INSERT INTO Pessoa (idPessoa, primeiroNome, segundoNome, idade, nacionalidade) VALUES (222, 'Ruben', 'Santos', 36, 'Portugal');
INSERT INTO Pessoa (idPessoa, primeiroNome, segundoNome, idade, nacionalidade) VALUES (223, 'Rui', 'Ventura', 35, 'Portugal');
INSERT INTO Pessoa (idPessoa, primeiroNome, segundoNome, idade, nacionalidade) VALUES (224, 'Toni', 'Pereira', 30, 'Portugal');
INSERT INTO Pessoa (idPessoa, primeiroNome, segundoNome, idade, nacionalidade) VALUES (225, 'Gerson', 'Pinho', 30, 'Portugal');
INSERT INTO Pessoa (idPessoa, primeiroNome, segundoNome, idade, nacionalidade) VALUES (226, 'Rui', 'Pedro', 28, 'Portugal');
INSERT INTO Pessoa (idPessoa, primeiroNome, segundoNome, idade, nacionalidade) VALUES (227, 'Tiago', 'Velho', 20, 'Portugal');
INSERT INTO Pessoa (idPessoa, primeiroNome, segundoNome, idade, nacionalidade) VALUES (228, 'Hugo', 'Oliveira', 17, 'Portugal');
INSERT INTO Pessoa (idPessoa, primeiroNome, segundoNome, idade, nacionalidade) VALUES (229, 'Rafa', 'Fonseca', 23, 'Portugal');
INSERT INTO Pessoa (idPessoa, primeiroNome, segundoNome, idade, nacionalidade) VALUES (230, 'Pedro', 'Vieira', 17, 'Portugal');
INSERT INTO Pessoa (idPessoa, primeiroNome, segundoNome, idade, nacionalidade) VALUES (231, 'Uesler', '', 29, 'Brasil');
INSERT INTO Pessoa (idPessoa, primeiroNome, segundoNome, idade, nacionalidade) VALUES (232, 'Óscar', 'Santos', 28, 'Portugal');
INSERT INTO Pessoa (idPessoa, primeiroNome, segundoNome, idade, nacionalidade) VALUES (233, 'Fernandinho', '', 33, 'Brasil');
INSERT INTO Pessoa (idPessoa, primeiroNome, segundoNome, idade, nacionalidade) VALUES (234, 'Pedrinho', '', 31, 'Portugal');
INSERT INTO Pessoa (idPessoa, primeiroNome, segundoNome, idade, nacionalidade) VALUES (235, 'Diogo', 'Tavares', 25, 'Portugal');
INSERT INTO Pessoa (idPessoa, primeiroNome, segundoNome, idade, nacionalidade) VALUES (236, 'Márcio', 'Moreira', 32, 'Portugal');
INSERT INTO Pessoa (idPessoa, primeiroNome, segundoNome, idade, nacionalidade) VALUES (237, 'Fábio', 'Lima', 33, 'Portugal');
INSERT INTO Pessoa (idPessoa, primeiroNome, segundoNome, idade, nacionalidade) VALUES (238, 'Ricardinho', '', '30 anos', 'Portugal');
INSERT INTO Pessoa (idPessoa, primeiroNome, segundoNome, idade, nacionalidade) VALUES (239, 'Gonçalo', 'Dapão', 19, 'Portugal');
INSERT INTO Pessoa (idPessoa, primeiroNome, segundoNome, idade, nacionalidade) VALUES (240, 'Renato', 'Silva', 20, 'Portugal');
INSERT INTO Pessoa (idPessoa, primeiroNome, segundoNome, idade, nacionalidade) VALUES (241, 'Diogo', 'Velho', 20, 'Portugal');
INSERT INTO Pessoa (idPessoa, primeiroNome, segundoNome, idade, nacionalidade) VALUES (242, 'Quaresma', '', 22, 'Portugal');
INSERT INTO Pessoa (idPessoa, primeiroNome, segundoNome, idade, nacionalidade) VALUES (243, 'Bruninho', '', 25, 'Brasil');
INSERT INTO Pessoa (idPessoa, primeiroNome, segundoNome, idade, nacionalidade) VALUES (244, 'Erickson', 'Sviech', 36, 'Brasil');
INSERT INTO Pessoa (idPessoa, primeiroNome, segundoNome, idade, nacionalidade) VALUES (245, 'Ludgero', 'Lopes', 24, 'Portugal');
INSERT INTO Pessoa (idPessoa, primeiroNome, segundoNome, idade, nacionalidade) VALUES (246, 'Kaíque', 'Melo', 28, 'Brasil');
INSERT INTO Pessoa (idPessoa, primeiroNome, segundoNome, idade, nacionalidade) VALUES (247, 'Ricardo', 'Sousa', 24, 'Brasil');
INSERT INTO Pessoa (idPessoa, primeiroNome, segundoNome, idade, nacionalidade) VALUES (248, 'Cristiano', '', 42, 'Portugal');
INSERT INTO Pessoa (idPessoa, primeiroNome, segundoNome, idade, nacionalidade) VALUES (249, 'Francisco', 'Rodrigues', 19, 'Portugal');
INSERT INTO Pessoa (idPessoa, primeiroNome, segundoNome, idade, nacionalidade) VALUES (250, 'João', 'Silva', 30, 'Portugal');
INSERT INTO Pessoa (idPessoa, primeiroNome, segundoNome, idade, nacionalidade) VALUES (251, 'Deivd', '', 33, 'Brasil');
INSERT INTO Pessoa (idPessoa, primeiroNome, segundoNome, idade, nacionalidade) VALUES (252, 'João', 'Veloso', 26, 'Portugal');
INSERT INTO Pessoa (idPessoa, primeiroNome, segundoNome, idade, nacionalidade) VALUES (253, 'Rafa', 'Lopes', 27, 'Portugal');
INSERT INTO Pessoa (idPessoa, primeiroNome, segundoNome, idade, nacionalidade) VALUES (254, 'Rafa', 'Félix', 24, 'Brasil');
INSERT INTO Pessoa (idPessoa, primeiroNome, segundoNome, idade, nacionalidade) VALUES (255, 'Djaelson', '', 29, 'Brasil');
INSERT INTO Pessoa (idPessoa, primeiroNome, segundoNome, idade, nacionalidade) VALUES (256, 'Sévio', 'Marcelo', 21, 'Portugal');
INSERT INTO Pessoa (idPessoa, primeiroNome, segundoNome, idade, nacionalidade) VALUES (257, 'Bruno', 'Correia', 24, 'Portugal');
INSERT INTO Pessoa (idPessoa, primeiroNome, segundoNome, idade, nacionalidade) VALUES (258, 'Tiago', 'Costa', 27, 'Portugal');
INSERT INTO Pessoa (idPessoa, primeiroNome, segundoNome, idade, nacionalidade) VALUES (259, 'Ivo', 'Oliveira', 28, 'Portugal');
INSERT INTO Pessoa (idPessoa, primeiroNome, segundoNome, idade, nacionalidade) VALUES (260, 'Geovani', 'Santos', 29, 'Brasil');
INSERT INTO Pessoa (idPessoa, primeiroNome, segundoNome, idade, nacionalidade) VALUES (261, 'Adaílton', 'Souza', 24, 'Brasil');
INSERT INTO Pessoa (idPessoa, primeiroNome, segundoNome, idade, nacionalidade) VALUES (262, 'Alesandro', 'Almeida', 25, 'Portugal');
INSERT INTO Pessoa (idPessoa, primeiroNome, segundoNome, idade, nacionalidade) VALUES (263, 'Ilídio', 'Pina', 33, 'Portugal');
INSERT INTO Pessoa (idPessoa, primeiroNome, segundoNome, idade, nacionalidade) VALUES (264, 'João', 'Costa', 22, 'Portugal');
INSERT INTO Pessoa (idPessoa, primeiroNome, segundoNome, idade, nacionalidade) VALUES (265, 'Hugo', 'Alves', 26, 'Brasil');
INSERT INTO Pessoa (idPessoa, primeiroNome, segundoNome, idade, nacionalidade) VALUES (266, 'Tunha', '', 37, 'Portugal');
INSERT INTO Pessoa (idPessoa, primeiroNome, segundoNome, idade, nacionalidade) VALUES (267, 'Vasco', 'Ribeiro', 27, 'Portugal');
INSERT INTO Pessoa (idPessoa, primeiroNome, segundoNome, idade, nacionalidade) VALUES (268, 'Kelvin', 'Siqueira', 24, 'Brasil');
INSERT INTO Pessoa (idPessoa, primeiroNome, segundoNome, idade, nacionalidade) VALUES (269, 'David', 'Garcez', 22, 'Portugal');
INSERT INTO Pessoa (idPessoa, primeiroNome, segundoNome, idade, nacionalidade) VALUES (270, 'Zé', 'Pedro Ribeiro', 30, 'Portugal');
INSERT INTO Pessoa (idPessoa, primeiroNome, segundoNome, idade, nacionalidade) VALUES (271, 'Dudu', '', 33, 'Brasil');
INSERT INTO Pessoa (idPessoa, primeiroNome, segundoNome, idade, nacionalidade) VALUES (272, 'Ricardo', 'Cunha', 20, 'Portugal');
INSERT INTO Pessoa (idPessoa, primeiroNome, segundoNome, idade, nacionalidade) VALUES (273, 'Caio', 'Santos', 27, 'Brasil');
INSERT INTO Pessoa (idPessoa, primeiroNome, segundoNome, idade, nacionalidade) VALUES (274, 'Libânio', '', 28, 'Brasil');
INSERT INTO Pessoa (idPessoa, primeiroNome, segundoNome, idade, nacionalidade) VALUES (275, 'Zé', 'Carlos', 18, 'Portugal');
INSERT INTO Pessoa (idPessoa, primeiroNome, segundoNome, idade, nacionalidade) VALUES (276, 'Paulo', 'Silva', 18, 'Portugal');
INSERT INTO Pessoa (idPessoa, primeiroNome, segundoNome, idade, nacionalidade) VALUES (277, 'Jorge', 'Oliveira', 18, 'Portugal');
INSERT INTO Pessoa (idPessoa, primeiroNome, segundoNome, idade, nacionalidade) VALUES (278, 'Ismael', 'Ferreira', 27, 'Portugal');
INSERT INTO Pessoa (idPessoa, primeiroNome, segundoNome, idade, nacionalidade) VALUES (279, 'Luís', 'Paulo', 27, 'Portugal');
INSERT INTO Pessoa (idPessoa, primeiroNome, segundoNome, idade, nacionalidade) VALUES (280, 'Rafael', 'Lopes', 29, 'Portugal');
INSERT INTO Pessoa (idPessoa, primeiroNome, segundoNome, idade, nacionalidade) VALUES (281, 'Mano', 'Sele', 25, 'Angola');
INSERT INTO Pessoa (idPessoa, primeiroNome, segundoNome, idade, nacionalidade) VALUES (282, 'Alex', 'Ribeiro', 28, 'Portugal');
INSERT INTO Pessoa (idPessoa, primeiroNome, segundoNome, idade, nacionalidade) VALUES (283, 'Pedro', 'Silva', 23, 'Portugal');
INSERT INTO Pessoa (idPessoa, primeiroNome, segundoNome, idade, nacionalidade) VALUES (284, 'Jô', 'Cambangula', 24, 'Angola');
INSERT INTO Pessoa (idPessoa, primeiroNome, segundoNome, idade, nacionalidade) VALUES (285, 'Sérgio', 'Ribeiro', 19, 'Portugal');
INSERT INTO Pessoa (idPessoa, primeiroNome, segundoNome, idade, nacionalidade) VALUES (286, 'Diogo', 'Dias', 22, 'Portugal');
INSERT INTO Pessoa (idPessoa, primeiroNome, segundoNome, idade, nacionalidade) VALUES (287, 'Tiago', 'Nogueira', 31, 'Portugal');
INSERT INTO Pessoa (idPessoa, primeiroNome, segundoNome, idade, nacionalidade) VALUES (288, 'Kaíque', 'Melo', 28, 'Brasil');
INSERT INTO Pessoa (idPessoa, primeiroNome, segundoNome, idade, nacionalidade) VALUES (289, 'Mário', 'Silva', 41, 'Portugal');
INSERT INTO Pessoa (idPessoa, primeiroNome, segundoNome, idade, nacionalidade) VALUES (290, 'Eugénio', 'Gonçalves', 40, 'Portugal');

-- Table: Playoff
DROP TABLE IF EXISTS Playoff;
CREATE TABLE Playoff (fase VARCHAR PRIMARY KEY, dataInicio VARCHAR, dataFim VARCHAR);
INSERT INTO Playoff (fase, dataInicio, dataFim) VALUES ('QUARTOS-DE-FINAL', '27/05', '06/06');
INSERT INTO Playoff (fase, dataInicio, dataFim) VALUES (' MEIAS-FINAIS', '10/06', '12/06');
INSERT INTO Playoff (fase, dataInicio, dataFim) VALUES ('FINAL', '18/06', '25/06');

-- Table: Treinador
DROP TABLE IF EXISTS Treinador;
CREATE TABLE Treinador (id INTEGER PRIMARY KEY REFERENCES Pessoa (idPessoa) ON DELETE CASCADE ON UPDATE CASCADE, equipa REFERENCES Equipa (nome) ON DELETE CASCADE ON UPDATE CASCADE);
INSERT INTO Treinador (id, equipa) VALUES (1, 'Sporting');
INSERT INTO Treinador (id, equipa) VALUES (2, 'Eléctrico');
INSERT INTO Treinador (id, equipa) VALUES (3, 'Viseu 2001/Palácio do Gelo');
INSERT INTO Treinador (id, equipa) VALUES (4, 'Benfica');
INSERT INTO Treinador (id, equipa) VALUES (5, 'Leões Porto Salvo');
INSERT INTO Treinador (id, equipa) VALUES (6, 'Quinta dos Lombos');
INSERT INTO Treinador (id, equipa) VALUES (7, 'SC Braga/AAUM');
INSERT INTO Treinador (id, equipa) VALUES (8, 'Modicus Cartest');
INSERT INTO Treinador (id, equipa) VALUES (9, 'AD Fundão/Hotel Alambique');
INSERT INTO Treinador (id, equipa) VALUES (10, 'Portimonense');
INSERT INTO Treinador (id, equipa) VALUES (11, 'CR Candoso/Natcal');
INSERT INTO Treinador (id, equipa) VALUES (12, 'FC Azeméis by Noxae');
INSERT INTO Treinador (id, equipa) VALUES (289, 'Torreense');
INSERT INTO Treinador (id, equipa) VALUES (290, 'Nun´Álvares');

COMMIT TRANSACTION;
PRAGMA foreign_keys = on;
